objectId,Kumoti,requirement,sect,specialized,help_specialization,ACL,name,updatedAt,order,requirements,quality_1,value,quality_2,note,quality_3,quality_4,quality3,quality_5,quality_6,wta_camps,focus,shareable,page_number,exceptional,affinity_1,type,createdAt,affinity_2,faction,affinity_3,Ananasi,category
00RDC69rKQ,,,,,,"{""*"":{""read"":true},""role:Administrator"":{""read"":true,""write"":true}}",Rare Character,Tue Jan 14 2020 21:16:15 GMT-0500 (Eastern Standard Time),,,,4,,,,,,,,,,,,,,,Tue Jan 14 2020 21:16:15 GMT-0500 (Eastern Standard Time),,,,,ctdbs_merits
01sY5GVCiY,,Bone Gnawers,,,,"{""*"":{""read"":true},""role:Administrator"":{""read"":true,""write"":true}}",Blessing of Mother Rat,Tue Jan 14 2020 21:16:31 GMT-0500 (Eastern Standard Time),,,,1,,,,,,,,,,,,,,Tribal,Tue Jan 14 2020 21:16:31 GMT-0500 (Eastern Standard Time),,,,,wta_merits
02qPZSU8oM,,,,,,"{""*"":{""read"":true},""role:Administrator"":{""read"":true,""write"":true}}",City airports,Sat Feb 14 2026 18:10:12 GMT-0500 (Eastern Standard Time),1,,,,,,,,,,,,,,,,,,Tue Jan 14 2020 21:16:19 GMT-0500 (Eastern Standard Time),,,,,influence_underworld_specializations
0BqBTIvNpe,,,General,,,"{""*"":{""read"":true},""role:Administrator"":{""read"":true,""write"":true}}",Honorable,Thu Feb 13 2020 22:50:14 GMT-0500 (Eastern Standard Time),,,,,,,,,,,,,,,,,,Fleeting,Tue Jan 14 2020 21:16:23 GMT-0500 (Eastern Standard Time),,,,,status_traits
0DjgRufWdZ,,,,,,"{""*"":{""read"":true},""role:Administrator"":{""read"":true,""write"":true}}",Synchronized,Tue Jan 14 2020 21:16:26 GMT-0500 (Eastern Standard Time),,,Cantrip,1,,,,,,,,,,,,,,,Tue Jan 14 2020 21:16:26 GMT-0500 (Eastern Standard Time),,,,,wta_fetish_traits
0EqIUev4Ns,,,,,,"{""*"":{""read"":true},""role:Administrator"":{""read"":true,""write"":true}}",Mercenary,Tue Jan 14 2020 21:16:10 GMT-0500 (Eastern Standard Time),,,,,,,,,,,,,,,,,,,Tue Jan 14 2020 21:16:10 GMT-0500 (Eastern Standard Time),,,,,archetype_2s
0HVE56UFe7,,,,,,"{""*"":{""read"":true},""role:Administrator"":{""read"":true,""write"":true}}",Order of St. Blaise,Tue Jan 14 2020 21:16:18 GMT-0500 (Eastern Standard Time),,,,,,,,,,,,,,,,,,,Tue Jan 14 2020 21:16:18 GMT-0500 (Eastern Standard Time),,,,,factions
0IqRwVz8gy,,,,,,"{""*"":{""read"":true},""role:Administrator"":{""read"":true,""write"":true}}",Haunted,Tue Jan 14 2020 21:16:18 GMT-0500 (Eastern Standard Time),,,,1,,Vengeful ghost out to make character's eternity as uncomfortable as possible. Character can hear and see the ghost.,,,,,,,,,,,,General,Tue Jan 14 2020 21:16:18 GMT-0500 (Eastern Standard Time),,,,,flaws
0PYNbimD4L,,,,,,"{""*"":{""read"":true},""role:Administrator"":{""read"":true,""write"":true}}",Spirit Bond,Tue Jan 14 2020 21:16:30 GMT-0500 (Eastern Standard Time),,,,,,,,,,,,,,,,,,,Tue Jan 14 2020 21:16:30 GMT-0500 (Eastern Standard Time),,,,,wta_gnosis_sources
0SKXkOAG7g,,,,,,"{""*"":{""read"":true},""role:Administrator"":{""read"":true,""write"":true}}",Bad Sight,Tue Jan 14 2020 21:16:12 GMT-0500 (Eastern Standard Time),,,,2,,,,,,,,,,,,,,,Tue Jan 14 2020 21:16:12 GMT-0500 (Eastern Standard Time),,,,,ctdbs_flaws
0TqBqbhLHj,,,,,,"{""*"":{""read"":true},""role:Administrator"":{""read"":true,""write"":true}}",Speed Beyond Thought,Tue Jan 14 2020 21:16:29 GMT-0500 (Eastern Standard Time),,,,5,,,,,,,,,Wits,,,No,Silent Striders,Tribal,Tue Jan 14 2020 21:16:29 GMT-0500 (Eastern Standard Time),,,,,wta_gifts
0X1rnLAa7E,,,,,,"{""*"":{""read"":true},""role:Administrator"":{""read"":true,""write"":true}}",Gangrel,Sun Mar 01 2020 22:37:45 GMT-0500 (Eastern Standard Time),1,,,,,,,,,,,,,,,,,,Tue Jan 14 2020 21:16:20 GMT-0500 (Eastern Standard Time),,,,,lore_specializations
0XgmKMNsnJ,,,,,,"{""*"":{""read"":true},""role:Administrator"":{""read"":true,""write"":true}}",Lucky,Tue Jan 14 2020 21:16:15 GMT-0500 (Eastern Standard Time),,,,2,,,,,,,,,,,,,,,Tue Jan 14 2020 21:16:15 GMT-0500 (Eastern Standard Time),,,,,ctdbs_merits
0ZCVtaG69G,,,,,,"{""*"":{""read"":true},""role:Administrator"":{""read"":true,""write"":true}}",Earned,Tue Jan 14 2020 21:16:17 GMT-0500 (Eastern Standard Time),,,,,,,,,,,,,,,,,,,Tue Jan 14 2020 21:16:17 GMT-0500 (Eastern Standard Time),,,,,experience_points
0dCcQnYJTT,,Silent Striders,,,,"{""*"":{""read"":true},""role:Administrator"":{""read"":true,""write"":true}}",Owl's Grace,Tue Jan 14 2020 21:16:32 GMT-0500 (Eastern Standard Time),,,,1,,,,,,,,,,,,,,Tribal,Tue Jan 14 2020 21:16:32 GMT-0500 (Eastern Standard Time),,,,,wta_merits
0fJgqWVwXg,,,,,,"{""*"":{""read"":true},""role:Administrator"":{""read"":true,""write"":true}}",Staff,Tue Jan 14 2020 21:16:33 GMT-0500 (Eastern Standard Time),,,,,,,,,,,,,,,,,,,Tue Jan 14 2020 21:16:33 GMT-0500 (Eastern Standard Time),,,,,wta_territory_specializations
0fkbHDmlZE,,Salubri,,,,"{""*"":{""read"":true},""role:Administrator"":{""read"":true,""write"":true}}",Spiritual Armor,Tue Jan 14 2020 21:16:22 GMT-0500 (Eastern Standard Time),,,,2,,"Spend 1 Blood (if character has no Beast traits) to automatically resist demonic powers, infernal merits or investments, or Daimoinon. Can be used at any time, even before Initiative. Cannot learn demonic powers, purchase infernal merits, utilize infernal investments, or learn Daimoinon.",,,,,,,,,,,,Clan,Tue Jan 14 2020 21:16:22 GMT-0500 (Eastern Standard Time),,,,,merits
0fnONBFBQW,,,,,,"{""*"":{""read"":true},""role:Administrator"":{""read"":true,""write"":true}}",Inglenook,Tue Jan 14 2020 21:16:11 GMT-0500 (Eastern Standard Time),3,,,,,,,,,,,,,,,,,,Tue Jan 14 2020 21:16:11 GMT-0500 (Eastern Standard Time),,,,,ctdbs_arts
0gKVxcrHbd,,,,,,"{""*"":{""read"":true},""role:Administrator"":{""read"":true,""write"":true}}",Standing Jaws,Tue Jan 14 2020 21:16:28 GMT-0500 (Eastern Standard Time),,,,,,"Gain bite, claw attack; +6 Brawl; +1 damage bonus on bites; Swim & breathe underwater; talk to Rokea at 1 mile;",,,,,,,Strength: +3 damage on bites,,,,,Rokea,Tue Jan 14 2020 21:16:28 GMT-0500 (Eastern Standard Time),,,,,wta_forms
0h6NHeg6bw,,,,,,"{""*"":{""read"":true},""role:Administrator"":{""read"":true,""write"":true}}",Motley Crew,Tue Jan 14 2020 21:16:15 GMT-0500 (Eastern Standard Time),,,,2,,,,,,,,,,,,,,,Tue Jan 14 2020 21:16:15 GMT-0500 (Eastern Standard Time),,,,,ctdbs_merits
0hfuoGno8t,,Nuwisha,,,,"{""*"":{""read"":true},""role:Administrator"":{""read"":true,""write"":true}}",Trickster's Blessing,Tue Jan 14 2020 21:16:32 GMT-0500 (Eastern Standard Time),,,,1,,,,,,,,,,,,,,Fera,Tue Jan 14 2020 21:16:32 GMT-0500 (Eastern Standard Time),,,,,wta_merits
0j6QvdcRAW,,,,,,"{""*"":{""read"":true},""role:Administrator"":{""read"":true,""write"":true}}",Obfuscate,Sun Jan 26 2020 15:30:50 GMT-0500 (Eastern Standard Time),,,,,,,,,,,,,,,,,,,Tue Jan 14 2020 21:16:16 GMT-0500 (Eastern Standard Time),,,,,disciplines
0lqK5G1jLN,,,,,,"{""*"":{""read"":true},""role:Administrator"":{""read"":true,""write"":true}}",Firearms,Tue Jan 14 2020 21:16:23 GMT-0500 (Eastern Standard Time),0,,,,,,,,,,,,,,unknown,,,,Tue Jan 14 2020 21:16:23 GMT-0500 (Eastern Standard Time),,,,,skills
0piESJ9sn2,,,,,,"{""*"":{""read"":true},""role:Administrator"":{""read"":true,""write"":true}}",Ratkin,Tue Jan 14 2020 21:16:17 GMT-0500 (Eastern Standard Time),,,,,,,,,,,,,,,,,,,Tue Jan 14 2020 21:16:17 GMT-0500 (Eastern Standard Time),,,,,extra_affinity_links
0qfbvrn7B7,,,,,,"{""*"":{""read"":true},""role:Administrator"":{""read"":true,""write"":true}}",Introvert,Tue Jan 14 2020 21:16:10 GMT-0500 (Eastern Standard Time),,,,,,,,,,,,,,,,,,,Tue Jan 14 2020 21:16:10 GMT-0500 (Eastern Standard Time),,,,,archetype_2s
0qplukPGJU,,Bastet,,,,"{""*"":{""read"":true},""role:Administrator"":{""read"":true,""write"":true}}",Secrets,Tue Jan 14 2020 21:16:32 GMT-0500 (Eastern Standard Time),,requires_specialization,,1,,,,,,,,,,,,,,Fera,Tue Jan 14 2020 21:16:32 GMT-0500 (Eastern Standard Time),,,,,wta_merits
0r5cyNJcX5,,,,,,"{""*"":{""read"":true},""role:Administrator"":{""read"":true,""write"":true}}",Gigas Rodens,Tue Jan 14 2020 21:16:27 GMT-0500 (Eastern Standard Time),,,,,,"Gain Bite & claw attack; +3 Brawl, +2 Dodge; ",,,,,,,,,,,,Ratkin,Tue Jan 14 2020 21:16:27 GMT-0500 (Eastern Standard Time),,,,,wta_forms
0s1a9m28Cv,,,,,,"{""*"":{""read"":true},""role:Administrator"":{""read"":true,""write"":true}}",Aegis of Rage,Tue Jan 14 2020 21:16:28 GMT-0500 (Eastern Standard Time),,,,5,,,,,,,,,Wits,,,No,Ahroun,General,Tue Jan 14 2020 21:16:28 GMT-0500 (Eastern Standard Time),Metis,,,,wta_gifts
0sg21sG8rh,,,,,,"{""*"":{""read"":true},""role:Administrator"":{""read"":true,""write"":true}}",Leadership,Tue Jan 14 2020 21:16:23 GMT-0500 (Eastern Standard Time),0,,,,,,,,,,,,,,unknown,,,,Tue Jan 14 2020 21:16:23 GMT-0500 (Eastern Standard Time),,,,,skills
0uM4zEBAYJ,,,,,,"{""*"":{""read"":true},""role:Administrator"":{""read"":true,""write"":true}}",Sanctified,Tue Jan 14 2020 21:16:22 GMT-0500 (Eastern Standard Time),,,,1,,Gain +2 to all ritae test pools as leader. Grant +2 on a lend as a participant.,,,,,,,,,,,,Sabbat,Tue Jan 14 2020 21:16:22 GMT-0500 (Eastern Standard Time),,,,,merits
0uTdzvUhVD,,Ratkin,,,,"{""*"":{""read"":true},""role:Administrator"":{""read"":true,""write"":true}}",Twitchers,Tue Jan 14 2020 21:16:26 GMT-0500 (Eastern Standard Time),,,,,,,,,,,,,,,,,,,Tue Jan 14 2020 21:16:26 GMT-0500 (Eastern Standard Time),,,,,wta_camps
0xzFcjjJdd,,,,,,"{""*"":{""read"":true},""role:Administrator"":{""read"":true,""write"":true}}",Get of Fenris,Tue Jan 14 2020 21:16:17 GMT-0500 (Eastern Standard Time),,,,,,,,,,,,,,,,,,,Tue Jan 14 2020 21:16:17 GMT-0500 (Eastern Standard Time),,,,,extra_affinity_links
0z3D8gP4pF,,,,,,"{""*"":{""read"":true},""role:Administrator"":{""read"":true,""write"":true}}",Philosophy,Tue Jan 14 2020 21:16:09 GMT-0500 (Eastern Standard Time),1,,,,,,,,,,,,,,,,,,Tue Jan 14 2020 21:16:09 GMT-0500 (Eastern Standard Time),,,,,academics_specializations
0zZFgKmVha,,,,,,"{""*"":{""read"":true},""role:Administrator"":{""read"":true,""write"":true}}",Bloodline: Telyav,Tue Jan 14 2020 21:16:20 GMT-0500 (Eastern Standard Time),,,,2,,,,,,,,,,,,,,,Tue Jan 14 2020 21:16:20 GMT-0500 (Eastern Standard Time),,,,,merits
101QIBD2cJ,,,,,,"{""*"":{""read"":true},""role:Administrator"":{""read"":true,""write"":true}}",Bridge Walker,Tue Jan 14 2020 21:16:28 GMT-0500 (Eastern Standard Time),,,,5,,,,,,,,,Perception,,,No,Ragabash,General,Tue Jan 14 2020 21:16:28 GMT-0500 (Eastern Standard Time),Galliard,,,,wta_gifts
14JuN4SWMJ,,,,,,"{""*"":{""read"":true},""role:Administrator"":{""read"":true,""write"":true}}",Das Ungeheuer Darin,Tue Jan 14 2020 21:16:25 GMT-0500 (Eastern Standard Time),33,,,,,,,,,,,,,,,,,,Tue Jan 14 2020 21:16:25 GMT-0500 (Eastern Standard Time),,,,,vampiric_texts
15kF2htUUF,,,,,,"{""*"":{""read"":true},""role:Administrator"":{""read"":true,""write"":true}}",Vicissitude: Acid Blood,Tue Jan 14 2020 21:16:17 GMT-0500 (Eastern Standard Time),,,,,,,,,,,,,,,,,,,Tue Jan 14 2020 21:16:17 GMT-0500 (Eastern Standard Time),,,,,elder_disciplines
16B8UBMiGU,,,,,,"{""*"":{""read"":true},""role:Administrator"":{""read"":true,""write"":true}}",Knockback,Tue Jan 14 2020 21:16:26 GMT-0500 (Eastern Standard Time),,,,3,Talen,,,Weapon,,,,,,,,,,,Tue Jan 14 2020 21:16:26 GMT-0500 (Eastern Standard Time),,,,,wta_fetish_traits
1BkWUhzFRe,,,,,,"{""*"":{""read"":true},""role:Administrator"":{""read"":true,""write"":true}}",Wicked Sense of Humor,Tue Jan 14 2020 21:16:30 GMT-0500 (Eastern Standard Time),,,,5,,,,,,,,,Charisma,,,Yes,Nuwisha,Fera,Tue Jan 14 2020 21:16:30 GMT-0500 (Eastern Standard Time),,,,,wta_gifts
1C2WDf0hcU,,,,,,"{""*"":{""read"":true},""role:Administrator"":{""read"":true,""write"":true}}",Untrained Combatant,Tue Jan 14 2020 21:16:19 GMT-0500 (Eastern Standard Time),,,,3,,Cannot perform combat maneuvers or gain benefit from combat maneuvers.,,,,,,,,,,,,Camarilla,Tue Jan 14 2020 21:16:19 GMT-0500 (Eastern Standard Time),,,,,flaws
1DmFt6vnpz,,,,,,"{""*"":{""read"":true},""role:Administrator"":{""read"":true,""write"":true}}",Computer Sciences,Tue Jan 14 2020 21:16:09 GMT-0500 (Eastern Standard Time),1,,,,,,,,,,,,,,,,,,Tue Jan 14 2020 21:16:09 GMT-0500 (Eastern Standard Time),,,,,academics_specializations
1DqhPxBzO3,,,,,,"{""*"":{""read"":true},""role:Administrator"":{""read"":true,""write"":true}}",Blur of the Milky Eye,Tue Jan 14 2020 21:16:28 GMT-0500 (Eastern Standard Time),,,,1,,,,,,,,,Wits,,,No,Ragabash,General,Tue Jan 14 2020 21:16:28 GMT-0500 (Eastern Standard Time),Galliard,,,,wta_gifts
1EeRnfQCam,,,,,,"{""*"":{""read"":true},""role:Administrator"":{""read"":true,""write"":true}}",Unerring,Tue Jan 14 2020 21:16:26 GMT-0500 (Eastern Standard Time),,,,2,,,,Weapon,,,,,,,,,,,Tue Jan 14 2020 21:16:26 GMT-0500 (Eastern Standard Time),,,,,wta_fetish_traits
1FV49dCeMk,,,,,,"{""*"":{""read"":true},""role:Administrator"":{""read"":true,""write"":true}}",Linguistics,Tue Jan 14 2020 21:16:23 GMT-0500 (Eastern Standard Time),0,,,,,,,,,,,,,,,,,,Tue Jan 14 2020 21:16:23 GMT-0500 (Eastern Standard Time),,,,,skills
1Fo17KUakp,,,,,,"{""*"":{""read"":true},""role:Administrator"":{""read"":true,""write"":true}}",Intelligence,Tue Jan 14 2020 21:16:19 GMT-0500 (Eastern Standard Time),1,,,,,,,,,,,,,,,,,,Tue Jan 14 2020 21:16:19 GMT-0500 (Eastern Standard Time),,,,,focus_mentals
1IEI5XcwJN,,,,,,"{""*"":{""read"":true},""role:Administrator"":{""read"":true,""write"":true}}",Secure,Tue Jan 14 2020 21:16:31 GMT-0500 (Eastern Standard Time),,,,,,,,General,,,,,,,,,,,Tue Jan 14 2020 21:16:31 GMT-0500 (Eastern Standard Time),,,,,wta_item_traits
1JSDyuNoCs,,Corax,,,,"{""*"":{""read"":true},""role:Administrator"":{""read"":true,""write"":true}}","I, Spy",Tue Jan 14 2020 21:16:31 GMT-0500 (Eastern Standard Time),,,,1,,,,,,,,,,,,,,Fera,Tue Jan 14 2020 21:16:31 GMT-0500 (Eastern Standard Time),,,,,wta_merits
1LZnvU0p3v,,,,,,"{""*"":{""read"":true},""role:Administrator"":{""read"":true,""write"":true}}",Stealth,Tue Jan 14 2020 21:16:23 GMT-0500 (Eastern Standard Time),0,,,,,,,,,,,,,,unknown,,,,Tue Jan 14 2020 21:16:23 GMT-0500 (Eastern Standard Time),,,,,skills
1Ps1ngOVOP,,,,,,"{""*"":{""read"":true},""role:Administrator"":{""read"":true,""write"":true}}",Empire of Flickers,Tue Jan 14 2020 21:16:12 GMT-0500 (Eastern Standard Time),,,,,,,,,,,,,,,,,,,Tue Jan 14 2020 21:16:12 GMT-0500 (Eastern Standard Time),,,,,ctdbs_kith_group_types
1QFRBicOz0,,,,,,"{""*"":{""read"":true},""role:Administrator"":{""read"":true,""write"":true}}",Injured,Tue Jan 14 2020 21:16:19 GMT-0500 (Eastern Standard Time),1,,,,,,,,,,,,,,,,,,Tue Jan 14 2020 21:16:19 GMT-0500 (Eastern Standard Time),,,,,health_levels
1S663iBegU,,,,,,"{""*"":{""read"":true},""role:Administrator"":{""read"":true,""write"":true}}",Iku,Tue Jan 14 2020 21:16:12 GMT-0500 (Eastern Standard Time),5,,,,,,,,,,,,,,,,,,Tue Jan 14 2020 21:16:12 GMT-0500 (Eastern Standard Time),,,,,ctdbs_fealty_courts
1So7HO0DGI,,,,,,"{""*"":{""read"":true},""role:Administrator"":{""read"":true,""write"":true}}",Tit for Tat,Tue Jan 14 2020 21:16:30 GMT-0500 (Eastern Standard Time),,,,3,,,,,,,,,Intelligence,,,Yes,Ananasi,Fera,Tue Jan 14 2020 21:16:30 GMT-0500 (Eastern Standard Time),,,,,wta_gifts
1TiR7lghP4,,,,,,"{""*"":{""read"":true},""role:Administrator"":{""read"":true,""write"":true}}",Tale Craft,Tue Jan 14 2020 21:16:11 GMT-0500 (Eastern Standard Time),12,,,,,,,,,,,,,,,,,,Tue Jan 14 2020 21:16:11 GMT-0500 (Eastern Standard Time),,,,,ctdbs_arts
1Tt52eQQeL,,,,,,"{""*"":{""read"":true},""role:Administrator"":{""read"":true,""write"":true}}",Encyclopedia Vampirica,Tue Jan 14 2020 21:16:25 GMT-0500 (Eastern Standard Time),18,,,,,,,,,,,,,,,,,,Tue Jan 14 2020 21:16:25 GMT-0500 (Eastern Standard Time),,,,,vampiric_texts
1WsqYzPrzE,,,,,,"{""*"":{""read"":true},""role:Administrator"":{""read"":true,""write"":true}}",Monster,Tue Jan 14 2020 21:16:10 GMT-0500 (Eastern Standard Time),,,,,,,,,,,,,,,,,,,Tue Jan 14 2020 21:16:10 GMT-0500 (Eastern Standard Time),,,,,archetype_2s
1X1tCCalgE,,,,,,"{""*"":{""read"":true},""role:Administrator"":{""read"":true,""write"":true}}",Vulpine Pursuit,Tue Jan 14 2020 21:16:30 GMT-0500 (Eastern Standard Time),,,,4,,,,,,,,,Manipulation,,,Yes,Kitsune,Fera,Tue Jan 14 2020 21:16:30 GMT-0500 (Eastern Standard Time),,,,,wta_gifts
1YKWQvPome,,,,,,"{""*"":{""read"":true},""role:Administrator"":{""read"":true,""write"":true}}",Mediator,Tue Jan 14 2020 21:16:10 GMT-0500 (Eastern Standard Time),,,,,,,,,,,,,,,,,,,Tue Jan 14 2020 21:16:10 GMT-0500 (Eastern Standard Time),,,,,archetype_2s
1bxC873mxW,,,,,,"{""*"":{""read"":true},""role:Administrator"":{""read"":true,""write"":true}}",Thanatosis: Corrupt the Flesh,Tue Jan 14 2020 21:16:17 GMT-0500 (Eastern Standard Time),,,,,,,,,,,,,,,,,,,Tue Jan 14 2020 21:16:17 GMT-0500 (Eastern Standard Time),,,,,elder_disciplines
1c185U2vsW,,,,,,"{""*"":{""read"":true},""role:Administrator"":{""read"":true,""write"":true}}",Thaumaturgy: Bind the Accusing Tongue,Tue Jan 14 2020 21:16:22 GMT-0500 (Eastern Standard Time),,,,1,,,,,,,,,,,,,,,Tue Jan 14 2020 21:16:22 GMT-0500 (Eastern Standard Time),,,,,rituals
1j3g7RV92O,,Gangrel,,,,"{""*"":{""read"":true},""role:Administrator"":{""read"":true,""write"":true}}",Shape of the Beast's Wrath,Tue Jan 14 2020 21:16:22 GMT-0500 (Eastern Standard Time),,,,3,,"Can opt to turn into half-wolf/half-man monster in Fight Form. Gain +5 to Brawl test pool and do aggravated damage with Brawl attacks. All defensive pools (Physical, Social and Mental) suffer -2 penalty.",,,,,,,,,,,,Clan,Tue Jan 14 2020 21:16:22 GMT-0500 (Eastern Standard Time),,,,,merits
1l7QTYA1sC,,,,,,"{""*"":{""read"":true},""role:Administrator"":{""read"":true,""write"":true}}",Eshu,Tue Jan 14 2020 21:16:13 GMT-0500 (Eastern Standard Time),3,,,,,,,,,,,,,,,,,,Tue Jan 14 2020 21:16:13 GMT-0500 (Eastern Standard Time),,,,,ctdbs_kiths
1p5SZpywtV,,,,,,"{""*"":{""read"":true},""role:Administrator"":{""read"":true,""write"":true}}",Animalism: Crimson Fury,Tue Jan 14 2020 21:16:17 GMT-0500 (Eastern Standard Time),,,,,,,,,,,,,,,,,,,Tue Jan 14 2020 21:16:17 GMT-0500 (Eastern Standard Time),,,,,elder_disciplines
1tB7ETcJQJ,,,,,,"{""*"":{""read"":true},""role:Administrator"":{""read"":true,""write"":true}}",Ananasi,Tue Jan 14 2020 21:16:26 GMT-0500 (Eastern Standard Time),,,Kumoti (Wyld),4,Tenere (Weaver),Blood Dependency ,Hatar (Wyrm),,,,,,,,,,,,Tue Jan 14 2020 21:16:26 GMT-0500 (Eastern Standard Time),,,,,wta_fera_descriptions
1u8XKSZ62N,,,,,,"{""*"":{""read"":true},""role:Administrator"":{""read"":true,""write"":true}}",Addiction (Sedatives),Tue Jan 14 2020 21:16:18 GMT-0500 (Eastern Standard Time),,,,2,,Suffer -5 to Investigation & Awareness tests for the first hour of game and for an hour after feeding.,,,,,,,,,,,,General,Tue Jan 14 2020 21:16:18 GMT-0500 (Eastern Standard Time),,,,,flaws
1uH63278rB,,,,,,"{""*"":{""read"":true},""role:Administrator"":{""read"":true,""write"":true}}",Emissary,Sun Feb 15 2026 13:14:10 GMT-0500 (Eastern Standard Time),,,,,,,,,,,,,,,,,,Independent Alliance,Tue Jan 14 2020 21:16:25 GMT-0500 (Eastern Standard Time),,,,,titles
1wZocgmsva,,requires_specialization,,,"Specify which discipline you will add to your in-clans. Once you do this, you still must go to the Extra In Clan Disciplines section and add your selection there. Please do this before purchasing any of the selected Disciplines at character creation, or your experience costs may be wrong.<br/>You can find the available list of Disciplines on BNS page 246.","{""*"":{""read"":true},""role:Administrator"":{""read"":true,""write"":true}}",Vestiges of Greatness,Tue Jan 14 2020 21:16:22 GMT-0500 (Eastern Standard Time),,Caitiff,,3,,Opens up List 2 for last Discipline slot,,,,,,,,,,,,Clan,Tue Jan 14 2020 21:16:22 GMT-0500 (Eastern Standard Time),,,,,merits
1x8NtT5fqq,,Wendigo,,,,"{""*"":{""read"":true},""role:Administrator"":{""read"":true,""write"":true}}",The Sacred Hoop,Tue Jan 14 2020 21:16:26 GMT-0500 (Eastern Standard Time),,,,,,,,,,,,,,,,,,,Tue Jan 14 2020 21:16:26 GMT-0500 (Eastern Standard Time),,,,,wta_camps
21utXgKjE9,,Tzimisce,,,,"{""*"":{""read"":true},""role:Administrator"":{""read"":true,""write"":true}}",Blood of Tzimisce,Tue Jan 14 2020 21:16:20 GMT-0500 (Eastern Standard Time),,,,1,,"Gain +3 to attack pools (Physical, Social and Mental) when defending haven. Gain +2 dots of Lore skill and max increases by 2.",,,,,,,,,,,,Clan,Tue Jan 14 2020 21:16:20 GMT-0500 (Eastern Standard Time),,,,,merits
24p8bSYzlT,,Fianna,,,,"{""*"":{""read"":true},""role:Administrator"":{""read"":true,""write"":true}}",Tuatha de Fionn,Tue Jan 14 2020 21:16:26 GMT-0500 (Eastern Standard Time),,,,,,,,,,,,,,,,,,,Tue Jan 14 2020 21:16:26 GMT-0500 (Eastern Standard Time),,,,,wta_camps
26Eafk8Tci,,,,,,"{""*"":{""read"":true},""role:Administrator"":{""read"":true,""write"":true}}",Fast,Tue Jan 14 2020 21:16:31 GMT-0500 (Eastern Standard Time),,,Melee,,Ranged,,,,,Talen,,,,,,,,,Tue Jan 14 2020 21:16:31 GMT-0500 (Eastern Standard Time),,,,,wta_item_traits
26elVo42HN,,,,,,"{""*"":{""read"":true},""role:Administrator"":{""read"":true,""write"":true}}",Art Affinity,Tue Jan 14 2020 21:16:13 GMT-0500 (Eastern Standard Time),,,,4,,,,,,,,,,,,,,,Tue Jan 14 2020 21:16:13 GMT-0500 (Eastern Standard Time),,,,,ctdbs_merits
27mH4x4EGH,,,,,,"{""*"":{""read"":true},""role:Administrator"":{""read"":true,""write"":true}}",Heaven,Tue Jan 14 2020 21:16:22 GMT-0500 (Eastern Standard Time),9,,,,,,,,,,,,,,,,,,Tue Jan 14 2020 21:16:22 GMT-0500 (Eastern Standard Time),,,,,paths
28IsgctMWV,,,,,,"{""*"":{""read"":true},""role:Administrator"":{""read"":true,""write"":true}}",Withering Gaze,Tue Jan 14 2020 21:16:30 GMT-0500 (Eastern Standard Time),,,,2,,,,,,,,,Manipulation,,,Yes,Ragabash,General,Tue Jan 14 2020 21:16:30 GMT-0500 (Eastern Standard Time),Philodox,,,,wta_gifts
2AEDhnM1ZZ,,,,,,"{""*"":{""read"":true},""role:Administrator"":{""read"":true,""write"":true}}",Conspicuous Consumption,Tue Jan 14 2020 21:16:18 GMT-0500 (Eastern Standard Time),,,,3,,Start the evening with a Beast trait and gain an additional Beast trait each time the character feeds. Can eat flesh as if had Personal Masquerade.,,,,,,,,,,,,General,Tue Jan 14 2020 21:16:18 GMT-0500 (Eastern Standard Time),,,,,flaws
2Burhxvelo,,,,,,"{""*"":{""read"":true},""role:Administrator"":{""read"":true,""write"":true}}",Stolen Potential,Tue Jan 14 2020 21:16:19 GMT-0500 (Eastern Standard Time),,,,3,,Do not receive a focus in one chosen Attribute. Must be purchased at creation.,,,,,,,,,,,,General,Tue Jan 14 2020 21:16:19 GMT-0500 (Eastern Standard Time),,,,,flaws
2CL9mK0DyZ,,,,,,"{""*"":{""read"":true},""role:Administrator"":{""read"":true,""write"":true}}",Ventrue,Sun Mar 01 2020 22:37:46 GMT-0500 (Eastern Standard Time),1,,,,,,,,,,,,,,,,,,Tue Jan 14 2020 21:16:20 GMT-0500 (Eastern Standard Time),,,,,lore_specializations
2EHNWdGiLW,,requires_specialization,,,,"{""*"":{""read"":true},""role:Administrator"":{""read"":true,""write"":true}}",Awkward Mobility,Tue Jan 14 2020 21:16:27 GMT-0500 (Eastern Standard Time),,requires_specialization,,2,,,,,,,,,,,,,,,Tue Jan 14 2020 21:16:27 GMT-0500 (Eastern Standard Time),,,,,wta_flaws
2Gd9DSa0WD,,,,,,"{""*"":{""read"":true},""role:Administrator"":{""read"":true,""write"":true}}",Visage of Fenris,Tue Jan 14 2020 21:16:30 GMT-0500 (Eastern Standard Time),,,,2,,,,,,,,,Charisma,,,Yes,Get of Fenris,Tribal,Tue Jan 14 2020 21:16:30 GMT-0500 (Eastern Standard Time),,,,,wta_gifts
2I4x9oqnAd,,,,,,"{""*"":{""read"":true},""role:Administrator"":{""read"":true,""write"":true}}",Flesh of the Corpse,Tue Jan 14 2020 21:16:18 GMT-0500 (Eastern Standard Time),,,,5,,"Skin retains signs of damage even after it is healed. Each time the character suffers a Physical attack that does 2+ damage, suffers -1 penalty to Physical. Penalty cannot be healed, only goes away after full day of rest.",,,,,,,,,,,,General,Tue Jan 14 2020 21:16:18 GMT-0500 (Eastern Standard Time),,,,,flaws
2IPDTb3c8v,,,,,,"{""*"":{""read"":true},""role:Administrator"":{""read"":true,""write"":true}}",Emptiness of Faith,Tue Jan 14 2020 21:16:21 GMT-0500 (Eastern Standard Time),,Tzimisce,,2,,,,,,,,,,,42-43,,,,Tue Jan 14 2020 21:16:21 GMT-0500 (Eastern Standard Time),,,,,merits
2MDbmIkMTC,,,,,,"{""*"":{""read"":true},""role:Administrator"":{""read"":true,""write"":true}}",Swimming Jaws,Tue Jan 14 2020 21:16:28 GMT-0500 (Eastern Standard Time),,,,,,Track by sent; gain bite attack; Communicate with Rokea a mile out; decrease rage,,,,,,,,,,,,Rokea,Tue Jan 14 2020 21:16:28 GMT-0500 (Eastern Standard Time),,,,,wta_forms
2MStFjnJvU,,,,,,"{""*"":{""read"":true},""role:Administrator"":{""read"":true,""write"":true}}",Inanimae,Tue Jan 14 2020 21:16:13 GMT-0500 (Eastern Standard Time),5,,,,,,,,,,,,,,,,,,Tue Jan 14 2020 21:16:13 GMT-0500 (Eastern Standard Time),,,,,ctdbs_kiths
2NCumGrEel,,,,,,"{""*"":{""read"":true},""role:Administrator"":{""read"":true,""write"":true}}",Shielded,Tue Jan 14 2020 21:16:26 GMT-0500 (Eastern Standard Time),,,,2,Talen,,Fetish,,,,,,,,,,,,Tue Jan 14 2020 21:16:26 GMT-0500 (Eastern Standard Time),,,,,wta_fetish_traits
2NFlqTr8O6,,,,,,"{""*"":{""read"":true},""role:Administrator"":{""read"":true,""write"":true}}",Spirit of the Fray,Tue Jan 14 2020 21:16:30 GMT-0500 (Eastern Standard Time),,,,3,,,,,,,,,Perception,,,No,Ahroun,General,Tue Jan 14 2020 21:16:30 GMT-0500 (Eastern Standard Time),Lupus,,,,wta_gifts
2PNWzZiFDa,,,,,,"{""*"":{""read"":true},""role:Administrator"":{""read"":true,""write"":true}}","""Outside the Garden""",Tue Jan 14 2020 21:16:25 GMT-0500 (Eastern Standard Time),28,,,,,,,,,,,,,,,,,,Tue Jan 14 2020 21:16:25 GMT-0500 (Eastern Standard Time),,,,,vampiric_texts
2PitxV3E3d,,,,,,"{""*"":{""read"":true},""role:Administrator"":{""read"":true,""write"":true}}",Eltroshock,Tue Jan 14 2020 21:16:28 GMT-0500 (Eastern Standard Time),,,,3,,,,,,,,,Intelligence,,,Yes,Glass Walkers,Tribal,Tue Jan 14 2020 21:16:28 GMT-0500 (Eastern Standard Time),,,,,wta_gifts
2RYRqIwIbD,,,,,,"{""*"":{""read"":true},""role:Administrator"":{""read"":true,""write"":true}}",Traditionalist,Tue Jan 14 2020 21:16:10 GMT-0500 (Eastern Standard Time),,,,,,,,,,,,,,,,,,,Tue Jan 14 2020 21:16:10 GMT-0500 (Eastern Standard Time),,,,,archetype_2
2SVrdJ0NNE,,,General,,,"{""*"":{""read"":true},""role:Administrator"":{""read"":true,""write"":true}}",Courageous,Thu Feb 13 2020 22:50:13 GMT-0500 (Eastern Standard Time),,,,,,,,,,,,,,,,,,Fleeting,Tue Jan 14 2020 21:16:23 GMT-0500 (Eastern Standard Time),,,,,status_traits
2VYWorFXbw,,,,,,"{""*"":{""read"":true},""role:Administrator"":{""read"":true,""write"":true}}",Clap of Thunder,Tue Jan 14 2020 21:16:28 GMT-0500 (Eastern Standard Time),,,,2,,,,,,,,,Manipulation,,,Yes,Shadow Lords,Tribal,Tue Jan 14 2020 21:16:28 GMT-0500 (Eastern Standard Time),,,,,wta_gifts
2ZoXQzZQCz,,Master or Luminary Elder,,,,"{""*"":{""read"":true},""role:Administrator"":{""read"":true,""write"":true}}",Elder of the Revolution,Tue Jan 14 2020 21:16:21 GMT-0500 (Eastern Standard Time),,,,2,,Must purchase this merit to be able to purchase the 7th or 6th Generation.,,,,,,,,,,,,Anarch,Tue Jan 14 2020 21:16:21 GMT-0500 (Eastern Standard Time),,,,,merits
2c885Hu3b0,,,,,,"{""*"":{""read"":true},""role:Administrator"":{""read"":true,""write"":true}}",Fighter,Tue Jan 14 2020 21:16:10 GMT-0500 (Eastern Standard Time),,,,,,,,,,,,,,,,,,,Tue Jan 14 2020 21:16:10 GMT-0500 (Eastern Standard Time),,,,,archetype_2s
2fnwZceq35,,,,,,"{""*"":{""read"":true},""role:Administrator"":{""read"":true,""write"":true}}",Tremere,Sun Mar 01 2020 22:37:46 GMT-0500 (Eastern Standard Time),1,,,,,,,,,,,,,,,,,,Tue Jan 14 2020 21:16:20 GMT-0500 (Eastern Standard Time),,,,,lore_specializations
2hiE0vaHRG,,,,,,"{""*"":{""read"":true},""role:Administrator"":{""read"":true,""write"":true}}",Repulsive,Tue Jan 14 2020 21:16:26 GMT-0500 (Eastern Standard Time),,,,2,Talen,,Fetish,,,,,,,,,,,,Tue Jan 14 2020 21:16:26 GMT-0500 (Eastern Standard Time),,,,,wta_fetish_traits
2htMFFpAc1,,,,,,"{""*"":{""read"":true},""role:Administrator"":{""read"":true,""write"":true}}",Infernal Power,Tue Jan 14 2020 21:16:21 GMT-0500 (Eastern Standard Time),,,,3,,Choose one item from List 6.,,,,,,,,,,,,General,Tue Jan 14 2020 21:16:21 GMT-0500 (Eastern Standard Time),,,,,merits
2j25Q7VrZq,,,,,,"{""*"":{""read"":true},""role:Administrator"":{""read"":true,""write"":true}}",Feral Ichor,Tue Jan 14 2020 21:16:24 GMT-0500 (Eastern Standard Time),,,,,,,,,,,,,,,,,,,Tue Jan 14 2020 21:16:24 GMT-0500 (Eastern Standard Time),,,,,techniques
2jdN0v0YsZ,,,,,,"{""*"":{""read"":true},""role:Administrator"":{""read"":true,""write"":true}}",Nightmare Born,Tue Jan 14 2020 21:16:15 GMT-0500 (Eastern Standard Time),,,,2,,,,,,,,,,,,,,,Tue Jan 14 2020 21:16:15 GMT-0500 (Eastern Standard Time),,,,,ctdbs_merits
2kDQjR7pIk,,,,,,"{""*"":{""read"":true},""role:Administrator"":{""read"":true,""write"":true}}",Wraiths,Sun Mar 01 2020 22:37:46 GMT-0500 (Eastern Standard Time),1,,,,,,,,,,,,,,,,,,Tue Jan 14 2020 21:16:20 GMT-0500 (Eastern Standard Time),,,,,lore_specializations
2lFfwWoV8x,,,,,,"{""*"":{""read"":true},""role:Administrator"":{""read"":true,""write"":true}}",Otherworldly,Tue Jan 14 2020 21:16:12 GMT-0500 (Eastern Standard Time),,,,2,,,,,,,,,,,,,,,Tue Jan 14 2020 21:16:12 GMT-0500 (Eastern Standard Time),,,,,ctdbs_flaws
2msMCkq7Uj,,Shadow Lords,,,,"{""*"":{""read"":true},""role:Administrator"":{""read"":true,""write"":true}}",Children of the Crow,Tue Jan 14 2020 21:16:25 GMT-0500 (Eastern Standard Time),,,,,,,,,,,,,,,,,,,Tue Jan 14 2020 21:16:25 GMT-0500 (Eastern Standard Time),,,,,wta_camps
2oAtIQ0HOd,,,,,,"{""*"":{""read"":true},""role:Administrator"":{""read"":true,""write"":true}}",Fanatic,Tue Jan 14 2020 21:16:10 GMT-0500 (Eastern Standard Time),,,,,,,,,,,,,,,,,,,Tue Jan 14 2020 21:16:10 GMT-0500 (Eastern Standard Time),,,,,archetype_2s
2oBl1aSa92,,,,,,"{""*"":{""read"":true},""role:Administrator"":{""read"":true,""write"":true}}",Predator's Glare,Tue Jan 14 2020 21:16:32 GMT-0500 (Eastern Standard Time),,,,1,,,,,,,,,,,,,,General,Tue Jan 14 2020 21:16:32 GMT-0500 (Eastern Standard Time),,,,,wta_merits
2oCP6FFYnh,,,,,,"{""*"":{""read"":true},""role:Administrator"":{""read"":true,""write"":true}}",Metamorph,Tue Jan 14 2020 21:16:32 GMT-0500 (Eastern Standard Time),,,,3,,,,,,,,,,,,,,General,Tue Jan 14 2020 21:16:32 GMT-0500 (Eastern Standard Time),,,,,wta_merits
2sZeN2NIR7,,,,,,"{""*"":{""read"":true},""role:Administrator"":{""read"":true,""write"":true}}",Gargoyles,Sun Mar 01 2020 22:37:45 GMT-0500 (Eastern Standard Time),1,,,,,,,,,,,,,,,,,,Tue Jan 14 2020 21:16:20 GMT-0500 (Eastern Standard Time),,,,,lore_specializations
2vGB6AfVxw,,,,,,"{""*"":{""read"":true},""role:Administrator"":{""read"":true,""write"":true}}",Malkavian: Knights of the Moon,Sun Mar 01 2020 22:37:46 GMT-0500 (Eastern Standard Time),1,,,,,,,,,,,,,,,,,,Tue Jan 14 2020 21:16:20 GMT-0500 (Eastern Standard Time),,,,,lore_specializations
2wvrFYMibc,,,,,,"{""*"":{""read"":true},""role:Administrator"":{""read"":true,""write"":true}}",Street gangs,Sat Feb 14 2026 18:10:12 GMT-0500 (Eastern Standard Time),1,,,,,,,,,,,,,,,,,,Tue Jan 14 2020 21:16:19 GMT-0500 (Eastern Standard Time),,,,,influence_underworld_specializations
2x3Nx9o6iO,,,,,,"{""*"":{""read"":true},""role:Administrator"":{""read"":true,""write"":true}}",Toreador,Sun Mar 01 2020 22:37:46 GMT-0500 (Eastern Standard Time),1,,,,,,,,,,,,,,,,,,Tue Jan 14 2020 21:16:20 GMT-0500 (Eastern Standard Time),,,,,lore_specializations
2ydxX1o4Xo,,,,,,"{""*"":{""read"":true},""role:Administrator"":{""read"":true,""write"":true}}",Bonds of Stolen Vitae,Tue Jan 14 2020 21:16:20 GMT-0500 (Eastern Standard Time),,Gargoyles,,2,,,,,,,,,,,54,,,,Tue Jan 14 2020 21:16:20 GMT-0500 (Eastern Standard Time),,,,,merits
2z95KLqrim,,,,,,"{""*"":{""read"":true},""role:Administrator"":{""read"":true,""write"":true}}",Child,Tue Jan 14 2020 21:16:10 GMT-0500 (Eastern Standard Time),,,,,,,,,,,,,,,,,,,Tue Jan 14 2020 21:16:10 GMT-0500 (Eastern Standard Time),,,,,archetypes_2
31KNazbUJj,,,,,,"{""*"":{""read"":true},""role:Administrator"":{""read"":true,""write"":true}}",Order of the Fisher King,Tue Jan 14 2020 21:16:12 GMT-0500 (Eastern Standard Time),,,,,,,,,,,,,,,,,,,Tue Jan 14 2020 21:16:12 GMT-0500 (Eastern Standard Time),,,,,ctdbs_kith_group_types
31vnx30QGL,,,,,,"{""*"":{""read"":true},""role:Administrator"":{""read"":true,""write"":true}}",Siren's Lure,Tue Jan 14 2020 21:16:29 GMT-0500 (Eastern Standard Time),,,,2,,,,,,,,,Appearance,,,Yes,Philodox,General,Tue Jan 14 2020 21:16:29 GMT-0500 (Eastern Standard Time),Galliard,,,,wta_gifts
38YFcYmDoH,,,,,,"{""*"":{""read"":true},""role:Administrator"":{""read"":true,""write"":true}}",Focused Power,Tue Jan 14 2020 21:16:33 GMT-0500 (Eastern Standard Time),,,,,,,,,,,,,,,,,,,Tue Jan 14 2020 21:16:33 GMT-0500 (Eastern Standard Time),,,,,wta_totem_bonus_traits
39BiF87rB9,,requires_specialization,,,Set which Necromantic Path will be learned with this merit. You will need to also add this path to Extra In Clan Disciplines in order to properly pay in-clan prices for it. Please do this before purchasing this discipline as part of character creation or your experience points may be incorrect.<p>Rules can be found on BNS page 240.</p>,"{""*"":{""read"":true},""role:Administrator"":{""read"":true,""write"":true}}",Necromantic Expertise,Tue Jan 14 2020 21:16:21 GMT-0500 (Eastern Standard Time),,Giovanni,,1,,Opens up List 5 as an additional in Clan Discipline learnable w/o a teacher. Purchasable multiple times.,,,,,,,,,240,,,Clan,Tue Jan 14 2020 21:16:21 GMT-0500 (Eastern Standard Time),,,,,merits
3AyRJEowpo,,,,,,"{""*"":{""read"":true},""role:Administrator"":{""read"":true,""write"":true}}",The Seelie Way,Tue Jan 14 2020 21:16:15 GMT-0500 (Eastern Standard Time),,,,1,,,,,,,,,,,,,,,Tue Jan 14 2020 21:16:15 GMT-0500 (Eastern Standard Time),,,,,ctdbs_merits
3BJIz9z4B2,,,,,,"{""*"":{""read"":true},""role:Administrator"":{""read"":true,""write"":true}}",Blunted Claws,Tue Jan 14 2020 21:16:27 GMT-0500 (Eastern Standard Time),,,,3,,,,,,,,,,,,,,,Tue Jan 14 2020 21:16:27 GMT-0500 (Eastern Standard Time),,,,,wta_flaws
3CifUl9oLz,,,,,,"{""*"":{""read"":true},""role:Administrator"":{""read"":true,""write"":true}}",Cathari,Tue Jan 14 2020 21:16:22 GMT-0500 (Eastern Standard Time),3,,,,,,,,,,,,,,,,,,Tue Jan 14 2020 21:16:22 GMT-0500 (Eastern Standard Time),,,,,paths
3E29gcoT9H,,,,,,"{""*"":{""read"":true},""role:Administrator"":{""read"":true,""write"":true}}",Type-A Personality,Tue Jan 14 2020 21:16:10 GMT-0500 (Eastern Standard Time),,,,,,,,,,,,,,,,,,,Tue Jan 14 2020 21:16:10 GMT-0500 (Eastern Standard Time),,,,,archetype_2
3E60syyr7V,,,,,,"{""*"":{""read"":true},""role:Administrator"":{""read"":true,""write"":true}}",Web of Knives,Tue Jan 14 2020 21:16:22 GMT-0500 (Eastern Standard Time),,Assamite,,3,,,,,,,,,,,31,,,,Tue Jan 14 2020 21:16:22 GMT-0500 (Eastern Standard Time),,,,,merits
3Em5r8Xtmg,,,,,,"{""*"":{""read"":true},""role:Administrator"":{""read"":true,""write"":true}}",Sidhe,Tue Jan 14 2020 21:16:13 GMT-0500 (Eastern Standard Time),10,,,,,,,,,,,,,,,,,,Tue Jan 14 2020 21:16:13 GMT-0500 (Eastern Standard Time),,,,,ctdbs_kiths
3FXoC0bpdy,,,,,,"{""*"":{""read"":true},""role:Administrator"":{""read"":true,""write"":true}}",Condition,Tue Jan 14 2020 21:16:16 GMT-0500 (Eastern Standard Time),2,,,,,,,,,,,,,,,,,,Tue Jan 14 2020 21:16:16 GMT-0500 (Eastern Standard Time),,,,,ctdbs_realms
3IvnoAcmXz,,,,,,"{""*"":{""read"":true},""role:Administrator"":{""read"":true,""write"":true}}",Spirit Bond,Tue Jan 14 2020 21:16:33 GMT-0500 (Eastern Standard Time),,,,,,,,,,,,,,,,,,,Tue Jan 14 2020 21:16:33 GMT-0500 (Eastern Standard Time),,,,,wta_totem_bonus_traits
3JoLrpcXg7,,,,,,"{""*"":{""read"":true},""role:Administrator"":{""read"":true,""write"":true}}",Temporis: Kiss of Lachesis,Tue Jan 14 2020 21:16:17 GMT-0500 (Eastern Standard Time),,,,,,,,,,,,,,,,,,,Tue Jan 14 2020 21:16:17 GMT-0500 (Eastern Standard Time),,,,,elder_disciplines
3KCrd5CQea,,,,,,"{""*"":{""read"":true},""role:Administrator"":{""read"":true,""write"":true}}",Hyaenid,Tue Jan 14 2020 21:16:27 GMT-0500 (Eastern Standard Time),,,,,,Hyaenid may vent rage quicker; gain bite attack; track by sent,,,,,,,,,,,,Ajaba,Tue Jan 14 2020 21:16:27 GMT-0500 (Eastern Standard Time),,,,,wta_forms
3MUqW8KHJ0,,,,,,"{""*"":{""read"":true},""role:Administrator"":{""read"":true,""write"":true}}",Bestial Instinct,Tue Jan 14 2020 21:16:18 GMT-0500 (Eastern Standard Time),,,,2,,"Every time character gains 1 or more Beast traits, character takes 1 unsoakable aggravated damage.",,,,,,,,,,,,General,Tue Jan 14 2020 21:16:18 GMT-0500 (Eastern Standard Time),,,,,flaws
3MZ1jtGCcQ,,,,,,"{""*"":{""read"":true},""role:Administrator"":{""read"":true,""write"":true}}",Mind Games,Tue Jan 14 2020 21:16:21 GMT-0500 (Eastern Standard Time),,Ravnos,,1,,,,,,,,,,,50,,,,Tue Jan 14 2020 21:16:21 GMT-0500 (Eastern Standard Time),,,,,merits
3PAby0wCOc,,,,,,"{""*"":{""read"":true},""role:Administrator"":{""read"":true,""write"":true}}",Spirit Mastery,Tue Jan 14 2020 21:16:30 GMT-0500 (Eastern Standard Time),,,,5,,,,,,,,,Intelligence,,,Yes,Theurge,General,Tue Jan 14 2020 21:16:30 GMT-0500 (Eastern Standard Time),Philodox,,,,wta_gifts
3RLn1SDp7z,,,,,,"{""*"":{""read"":true},""role:Administrator"":{""read"":true,""write"":true}}",Ominous Premonition ,Tue Jan 14 2020 21:16:24 GMT-0500 (Eastern Standard Time),,,,,,,,,,,,,,,,,,,Tue Jan 14 2020 21:16:24 GMT-0500 (Eastern Standard Time),,,,,techniques
3VVW7MBv3n,,,,,,"{""*"":{""read"":true},""role:Administrator"":{""read"":true,""write"":true}}",Enigma,Tue Jan 14 2020 21:16:09 GMT-0500 (Eastern Standard Time),,,,,,,,,,,,,,,,,,,Tue Jan 14 2020 21:16:09 GMT-0500 (Eastern Standard Time),,,,,archetype_2
3WClmwFTwE,,,,,,"{""*"":{""read"":true},""role:Administrator"":{""read"":true,""write"":true}}",Watcher,Sun Feb 15 2026 13:14:11 GMT-0500 (Eastern Standard Time),,,,,,,,,,,,,,,,,,Sabbat,Tue Jan 14 2020 21:16:25 GMT-0500 (Eastern Standard Time),,,,,titles
3XNEOaag1W,,,,,,"{""*"":{""read"":true},""role:Administrator"":{""read"":true,""write"":true}}",Dark Appetite,Tue Jan 14 2020 21:16:13 GMT-0500 (Eastern Standard Time),,,,1,,,,,,,,,,,,,,,Tue Jan 14 2020 21:16:13 GMT-0500 (Eastern Standard Time),,,,,ctdbs_merits
3XbqA5pEM8,,,,,,"{""*"":{""read"":true},""role:Administrator"":{""read"":true,""write"":true}}",Melpominee: Persistent Echo,Tue Jan 14 2020 21:16:17 GMT-0500 (Eastern Standard Time),,,,,,,,,,,,,,,,,,,Tue Jan 14 2020 21:16:17 GMT-0500 (Eastern Standard Time),,,,,elder_disciplines
3eUqX1YT0V,,,,,,"{""*"":{""read"":true},""role:Administrator"":{""read"":true,""write"":true}}",Loose Cannon,Tue Jan 14 2020 21:16:10 GMT-0500 (Eastern Standard Time),,,,,,,,,,,,,,,,,,,Tue Jan 14 2020 21:16:10 GMT-0500 (Eastern Standard Time),,,,,archetype_2s
3eieVYkahI,,,,,,"{""*"":{""read"":true},""role:Administrator"":{""read"":true,""write"":true}}",Security,Tue Jan 14 2020 21:16:12 GMT-0500 (Eastern Standard Time),,,,,,,,,,,,,,,,,,,Tue Jan 14 2020 21:16:12 GMT-0500 (Eastern Standard Time),,,,,ctdbs_holdings_specializations
3g1f68Uj4F,,,,,,"{""*"":{""read"":true},""role:Administrator"":{""read"":true,""write"":true}}",Predatory Terror,Tue Jan 14 2020 21:16:29 GMT-0500 (Eastern Standard Time),,,,5,,,,,,,,,Appearance,,,Yes,Kitsune,Fera,Tue Jan 14 2020 21:16:29 GMT-0500 (Eastern Standard Time),,,,,wta_gifts
3ixVraXRWk,,,,,,"{""*"":{""read"":true},""role:Administrator"":{""read"":true,""write"":true}}",Elder,Sun Feb 15 2026 13:14:10 GMT-0500 (Eastern Standard Time),,,,,,,,,,,,,,,,,,Camarilla,Tue Jan 14 2020 21:16:25 GMT-0500 (Eastern Standard Time),,,,,titles
3lYuiC6PQr,,,,,,"{""*"":{""read"":true},""role:Administrator"":{""read"":true,""write"":true}}",Judge Inquisitor,Sun Feb 15 2026 13:14:10 GMT-0500 (Eastern Standard Time),,,,,,,,,,,,,,,,,,Sabbat,Tue Jan 14 2020 21:16:25 GMT-0500 (Eastern Standard Time),,,,,titles
3pCvmB3nhl,,,,,,"{""*"":{""read"":true},""role:Administrator"":{""read"":true,""write"":true}}",Geas,Tue Jan 14 2020 21:16:28 GMT-0500 (Eastern Standard Time),,,,5,,,,,,,,,Manipulation,,,Yes,Philodox,General,Tue Jan 14 2020 21:16:28 GMT-0500 (Eastern Standard Time),Homid,,,,wta_gifts
3pwa144yZY,,,,,,"{""*"":{""read"":true},""role:Administrator"":{""read"":true,""write"":true}}",Telepathic Directive,Tue Jan 14 2020 21:16:24 GMT-0500 (Eastern Standard Time),,,,,,,,,,,,,,,,,,,Tue Jan 14 2020 21:16:24 GMT-0500 (Eastern Standard Time),,,,,techniques
3q3STKq9y9,,,,,,"{""*"":{""read"":true},""role:Administrator"":{""read"":true,""write"":true}}",Efficient Digestion,Tue Jan 14 2020 21:16:21 GMT-0500 (Eastern Standard Time),,,,1,,Animal Blood is not reduced by half. Mortal Blood is doubled. Herd effectiveness is doubled. Cannot exceed normal Blood pool maximum.,,,,,,,,,,,,General,Tue Jan 14 2020 21:16:21 GMT-0500 (Eastern Standard Time),,,,,merits
3rVdurdSs6,,,,,,"{""*"":{""read"":true},""role:Administrator"":{""read"":true,""write"":true}}",Thaumaturgy: Illuminate the Trail of Prey,Tue Jan 14 2020 21:16:23 GMT-0500 (Eastern Standard Time),,,,1,,,,,,,,,,,,,,,Tue Jan 14 2020 21:16:23 GMT-0500 (Eastern Standard Time),,,,,rituals
3rYN13C9oV,,Ananasi,,,,"{""*"":{""read"":true},""role:Administrator"":{""read"":true,""write"":true}}",Personal Tapestry,Tue Jan 14 2020 21:16:32 GMT-0500 (Eastern Standard Time),,requires_specialization,,3,,,,,,,,,,,,,,Fera,Tue Jan 14 2020 21:16:32 GMT-0500 (Eastern Standard Time),,,,,wta_merits
3suUyzjG9f,,,,,,"{""*"":{""read"":true},""role:Administrator"":{""read"":true,""write"":true}}",Camp Loyalty,Tue Jan 14 2020 21:16:31 GMT-0500 (Eastern Standard Time),,requires_specialization,,1,,,,,,,,,,,,,,General,Tue Jan 14 2020 21:16:31 GMT-0500 (Eastern Standard Time),,,,,wta_merits
3y0aIk4d5h,,,,,,"{""*"":{""read"":true},""role:Administrator"":{""read"":true,""write"":true}}",Sight Beyond Sight,Tue Jan 14 2020 21:16:22 GMT-0500 (Eastern Standard Time),,Salubri Warrior,,1,,,,,,,,,,,52,,,,Tue Jan 14 2020 21:16:22 GMT-0500 (Eastern Standard Time),,,,,merits
3y96nmhTCm,,,,,,"{""*"":{""read"":true},""role:Administrator"":{""read"":true,""write"":true}}",Naming,Tue Jan 14 2020 21:16:11 GMT-0500 (Eastern Standard Time),5,,,,,,,,,,,,,,,,,,Tue Jan 14 2020 21:16:11 GMT-0500 (Eastern Standard Time),,,,,ctdbs_arts
41HlWrYF1F,,,,,,"{""*"":{""read"":true},""role:Administrator"":{""read"":true,""write"":true}}",Voudoun Master,Tue Jan 14 2020 21:16:22 GMT-0500 (Eastern Standard Time),,Followers of Set,,3,,,,,,,,,,,27,,,,Tue Jan 14 2020 21:16:22 GMT-0500 (Eastern Standard Time),,,,,merits
440T7rHnld,,,,,,"{""*"":{""read"":true},""role:Administrator"":{""read"":true,""write"":true}}",Docile,Tue Jan 14 2020 21:16:12 GMT-0500 (Eastern Standard Time),,,,3,,,,,,,,,,,,,,,Tue Jan 14 2020 21:16:12 GMT-0500 (Eastern Standard Time),,,,,ctdbs_flaws
45C6EKMu3e,,,,,,"{""*"":{""read"":true},""role:Administrator"":{""read"":true,""write"":true}}",Ritual Supremacy,Tue Jan 14 2020 21:16:22 GMT-0500 (Eastern Standard Time),,TremereTelyav,,1,,,,,,,,,,,42,,,,Tue Jan 14 2020 21:16:22 GMT-0500 (Eastern Standard Time),,,,,merits
47bmrfXebx,,,,,,"{""*"":{""read"":true},""role:Administrator"":{""read"":true,""write"":true}}",Smile Through the Pain,Tue Jan 14 2020 21:16:24 GMT-0500 (Eastern Standard Time),,,,,,,,,,,,,,,,,,,Tue Jan 14 2020 21:16:24 GMT-0500 (Eastern Standard Time),,,,,techniques
49BTuCvkBE,,,,,,"{""*"":{""read"":true},""role:Administrator"":{""read"":true,""write"":true}}",Silver Ammunition,Tue Jan 14 2020 21:16:31 GMT-0500 (Eastern Standard Time),,,,,Ranged,,,,,,,,,,,,,,Tue Jan 14 2020 21:16:31 GMT-0500 (Eastern Standard Time),,,,,wta_item_traits
4CEEeD2UyO,,requires_specialization,,,Choose which adaptation your character has. Rules can be found on BNS page 242.,"{""*"":{""read"":true},""role:Administrator"":{""read"":true,""write"":true}}",Unnatural Adaptation,Sat Mar 07 2020 10:06:41 GMT-0500 (Eastern Standard Time),,Nosferatu,,2,,Choose two special abilities from List 8.,,,,,,,,,242,,,Clan,Tue Jan 14 2020 21:16:22 GMT-0500 (Eastern Standard Time),,,,,merits
4FWvMh0D2O,,Weaver,,,,"{""*"":{""read"":true},""role:Administrator"":{""read"":true,""write"":true}}",Fera Affinity,Tue Jan 14 2020 21:16:31 GMT-0500 (Eastern Standard Time),,requires_specialization,,3,,,,,,,,,,,,,,Faction,Tue Jan 14 2020 21:16:31 GMT-0500 (Eastern Standard Time),,,,,wta_merits
4G51HTTG0M,,,,,,"{""*"":{""read"":true},""role:Administrator"":{""read"":true,""write"":true}}",Dull,Tue Jan 14 2020 21:16:12 GMT-0500 (Eastern Standard Time),,,,2,,,,,,,,,,,,,,,Tue Jan 14 2020 21:16:12 GMT-0500 (Eastern Standard Time),,,,,ctdbs_flaws
4GEymH1lvc,,,,,,"{""*"":{""read"":true},""role:Administrator"":{""read"":true,""write"":true}}",Resist Corruption,Tue Jan 14 2020 21:16:33 GMT-0500 (Eastern Standard Time),,,,,,,,,,,,,,,,,,,Tue Jan 14 2020 21:16:33 GMT-0500 (Eastern Standard Time),,,,,wta_totem_bonus_traits
4Gl6bHXiJs,,,,,,"{""*"":{""read"":true},""role:Administrator"":{""read"":true,""write"":true}}",Soothing Presence,Tue Jan 14 2020 21:16:32 GMT-0500 (Eastern Standard Time),,,,2,,,,,,,,,,,,,,General,Tue Jan 14 2020 21:16:32 GMT-0500 (Eastern Standard Time),,,,,wta_merits
4H3UVVGj1S,,,,,,"{""*"":{""read"":true},""role:Administrator"":{""read"":true,""write"":true}}",Iku-Abeokuta,Tue Jan 14 2020 21:16:12 GMT-0500 (Eastern Standard Time),6,,,,,,,,,,,,,,,,,,Tue Jan 14 2020 21:16:12 GMT-0500 (Eastern Standard Time),,,,,ctdbs_fealty_courts
4L07GdAHZj,,Lasombra,,,,"{""*"":{""read"":true},""role:Administrator"":{""read"":true,""write"":true}}",Walk the Abyss,Tue Jan 14 2020 21:16:22 GMT-0500 (Eastern Standard Time),,,,3,,"Abyssal Mysticism, allows access to items that require it. Walk through the Abyss w/ up to 3 willing people. Test with ST to determine time to destination (no pool); win = 1hr, tie = 3 hours, loss = 6 hours. Suffer 1 agg per hour in the Abyss.",,,,,,,,,,,,Clan,Tue Jan 14 2020 21:16:22 GMT-0500 (Eastern Standard Time),,,,,merits
4ROGUSMXbP,,,,No,,"{""*"":{""read"":true},""role:Administrator"":{""read"":true,""write"":true}}",Contacts,Tue Jan 14 2020 21:16:25 GMT-0500 (Eastern Standard Time),,,,,,,,,,,,,,Yes,,,,,Tue Jan 14 2020 21:16:25 GMT-0500 (Eastern Standard Time),,,,,wta_backgrounds
4SHJmo8BCK,,,,,,"{""*"":{""read"":true},""role:Administrator"":{""read"":true,""write"":true}}",Piece That Remains,Thu Aug 25 2022 20:45:38 GMT-0400 (Eastern Daylight Time),,Caitiff,,2,,,,,,,,,,,46,,,,Tue Jan 14 2020 21:16:21 GMT-0500 (Eastern Standard Time),,,,,merits
4V3ZgLzJ8R,,Tzimisce,,,,"{""*"":{""read"":true},""role:Administrator"":{""read"":true,""write"":true}}",Szlachta,Tue Jan 14 2020 21:16:22 GMT-0500 (Eastern Standard Time),,,,2,,Must have at least 3 dots of Vicissitude to use this merit. Cannot be purchased by Bloodline: Carpathian. Must choose either hellhound (animal) or szlachta (human) for each purchased Retainer. Add one item from List 9 to the Retainer.,,,,,,,,,,,,Clan,Tue Jan 14 2020 21:16:22 GMT-0500 (Eastern Standard Time),,,,,merits
4WupYnf8rI,,,,,,"{""*"":{""read"":true},""role:Administrator"":{""read"":true,""write"":true}}",Banks,Sat Feb 14 2026 18:08:11 GMT-0500 (Eastern Standard Time),1,,,,,,,,,,,,,,,,,,Tue Jan 14 2020 21:16:19 GMT-0500 (Eastern Standard Time),,,,,influence_elite_specializations
4af2VlLd72,,,,,,"{""*"":{""read"":true},""role:Administrator"":{""read"":true,""write"":true}}",Haven,Sun Jan 26 2020 15:30:12 GMT-0500 (Eastern Standard Time),0,,,,,,,,,,,,,,102,,,,Tue Jan 14 2020 21:16:11 GMT-0500 (Eastern Standard Time),,,,,backgrounds
4j0Y05b51Z,,,,,,"{""*"":{""read"":true},""role:Administrator"":{""read"":true,""write"":true}}",Mark of the Wisp,Tue Jan 14 2020 21:16:29 GMT-0500 (Eastern Standard Time),,,,2,,,,,,,,,Perception,,,Yes,Fianna,Tribal,Tue Jan 14 2020 21:16:29 GMT-0500 (Eastern Standard Time),,,,,wta_gifts
4rpCe4U0Vo,,,,,,"{""*"":{""read"":true},""role:Administrator"":{""read"":true,""write"":true}}",Giovanni,Sun Mar 01 2020 22:37:45 GMT-0500 (Eastern Standard Time),1,,,,,,,,,,,,,,,,,,Tue Jan 14 2020 21:16:20 GMT-0500 (Eastern Standard Time),,,,,lore_specializations
4sOsDwFtKy,,,,,,"{""*"":{""read"":true},""role:Administrator"":{""read"":true,""write"":true}}",Toreador: Volgirre,Sun Mar 01 2020 22:37:46 GMT-0500 (Eastern Standard Time),1,,,,,,,,,,,,,,,,,,Tue Jan 14 2020 21:16:20 GMT-0500 (Eastern Standard Time),,,,,lore_specializations
4uEKC0IrER,,,,,,"{""*"":{""read"":true},""role:Administrator"":{""read"":true,""write"":true}}",Raven's Wings,Tue Jan 14 2020 21:16:29 GMT-0500 (Eastern Standard Time),,,,2,,,,,,,,,Intelligence,,,No,Uktena,Tribal,Tue Jan 14 2020 21:16:29 GMT-0500 (Eastern Standard Time),,,,,wta_gifts
4wSMuxxYzS,,,,,,"{""*"":{""read"":true},""role:Administrator"":{""read"":true,""write"":true}}",Location,Tue Jan 14 2020 21:16:12 GMT-0500 (Eastern Standard Time),,,,,,,,,,,,,,,,,,,Tue Jan 14 2020 21:16:12 GMT-0500 (Eastern Standard Time),,,,,ctdbs_holdings_specializations
4xKgrMU7vL,,,,,,"{""*"":{""read"":true},""role:Administrator"":{""read"":true,""write"":true}}",Minor Title,Tue Jan 14 2020 21:16:15 GMT-0500 (Eastern Standard Time),,,,1,,,,,,,,,,,,,,,Tue Jan 14 2020 21:16:15 GMT-0500 (Eastern Standard Time),,,,,ctdbs_merits
4yQqyNnpXw,,,,,,"{""*"":{""read"":true},""role:Administrator"":{""read"":true,""write"":true}}",Curmudgeon,Tue Jan 14 2020 21:16:10 GMT-0500 (Eastern Standard Time),,,,,,,,,,,,,,,,,,,Tue Jan 14 2020 21:16:10 GMT-0500 (Eastern Standard Time),,,,,archetypes_2
50duKnVwHJ,,,,,,"{""*"":{""read"":true},""role:Administrator"":{""read"":true,""write"":true}}",Bengali,Sat Feb 14 2026 18:11:48 GMT-0500 (Eastern Standard Time),1,,,,,,,,,,,,,,,,,,Tue Jan 14 2020 21:16:19 GMT-0500 (Eastern Standard Time),,,,,linguistics_specializations
51wikc9TiD,,,,,,"{""*"":{""read"":true},""role:Administrator"":{""read"":true,""write"":true}}",Legendary Children,Tue Jan 14 2020 21:16:12 GMT-0500 (Eastern Standard Time),,,,,,,,,,,,,,,,,,,Tue Jan 14 2020 21:16:12 GMT-0500 (Eastern Standard Time),,,,,ctdbs_kith_group_types
52POzyXZYX,,,,,,"{""*"":{""read"":true},""role:Administrator"":{""read"":true,""write"":true}}",Conformist,Tue Jan 14 2020 21:16:10 GMT-0500 (Eastern Standard Time),,,,,,,,,,,,,,,,,,,Tue Jan 14 2020 21:16:10 GMT-0500 (Eastern Standard Time),,,,,archetype_2s
53QMtSk1cF,,Glass Walkers,,,,"{""*"":{""read"":true},""role:Administrator"":{""read"":true,""write"":true}}",Random Interrupts,Tue Jan 14 2020 21:16:26 GMT-0500 (Eastern Standard Time),,,,,,,,,,,,,,,,,,,Tue Jan 14 2020 21:16:26 GMT-0500 (Eastern Standard Time),,,,,wta_camps
54fi5CDjYP,,Gurahl,,,,"{""*"":{""read"":true},""role:Administrator"":{""read"":true,""write"":true}}",Great She-Bear's Fury,Tue Jan 14 2020 21:16:31 GMT-0500 (Eastern Standard Time),,requires_specialization,,3,,,,,,,,,,,,,,Fera,Tue Jan 14 2020 21:16:31 GMT-0500 (Eastern Standard Time),,,,,wta_merits
59MY5eFGL3,,,,,,"{""*"":{""read"":true},""role:Administrator"":{""read"":true,""write"":true}}",Ear to the Ground,Tue Jan 14 2020 21:16:21 GMT-0500 (Eastern Standard Time),,,,1,,"Can spend 1 downtime to get word of hunter activity, and if wished feed those hunter false leads.",,,,,,,,,,,,Anarch,Tue Jan 14 2020 21:16:21 GMT-0500 (Eastern Standard Time),,,,,merits
5AeEF7lQE9,,,,,,"{""*"":{""read"":true},""role:Administrator"":{""read"":true,""write"":true}}",Compel Hibernation,Tue Jan 14 2020 21:16:28 GMT-0500 (Eastern Standard Time),,,,4,,,,,,,,,Intelligence,,,Yes,Gurahl,Fera,Tue Jan 14 2020 21:16:28 GMT-0500 (Eastern Standard Time),,,,,wta_gifts
5FmrQdy0pX,,,,,,"{""*"":{""read"":true},""role:Administrator"":{""read"":true,""write"":true}}",Tower of Babel,Tue Jan 14 2020 21:16:23 GMT-0500 (Eastern Standard Time),,,,,,,,,,,,,,,,,,Faction,Tue Jan 14 2020 21:16:23 GMT-0500 (Eastern Standard Time),,Loyalist,,,sabbat_rituals
5GgemoBoUY,,Uktena,,,,"{""*"":{""read"":true},""role:Administrator"":{""read"":true,""write"":true}}",Fera Friendship,Tue Jan 14 2020 21:16:31 GMT-0500 (Eastern Standard Time),,requires_specialization,,2,,,,,,,,,,,,,,Tribal,Tue Jan 14 2020 21:16:31 GMT-0500 (Eastern Standard Time),,,,,wta_merits
5JhcUkwJQn,,,,,,"{""*"":{""read"":true},""role:Administrator"":{""read"":true,""write"":true}}",Path of Honorable Accord,Tue Jan 14 2020 21:16:21 GMT-0500 (Eastern Standard Time),,,,3,,,,,,,,,,,,,,Morality,Tue Jan 14 2020 21:16:21 GMT-0500 (Eastern Standard Time),,,,,merits
5NNA622h6O,,,,,,"{""*"":{""read"":true},""role:Administrator"":{""read"":true,""write"":true}}",Thaumaturgy: Principal Focus of Vitae Infusion,Tue Jan 14 2020 21:16:23 GMT-0500 (Eastern Standard Time),,,,1,,,,,,,,,,,,,,,Tue Jan 14 2020 21:16:23 GMT-0500 (Eastern Standard Time),,,,,rituals
5O9wuXX1Lf,,Silent Striders,,,,"{""*"":{""read"":true},""role:Administrator"":{""read"":true,""write"":true}}",Omen of Doom,Tue Jan 14 2020 21:16:32 GMT-0500 (Eastern Standard Time),,,,3,,,,,,,,,,,,,,Tribal,Tue Jan 14 2020 21:16:32 GMT-0500 (Eastern Standard Time),,,,,wta_merits
5OTyNPTHnQ,,,,,,"{""*"":{""read"":true},""role:Administrator"":{""read"":true,""write"":true}}",Toreador: Ishtarri,Sun Mar 01 2020 22:37:46 GMT-0500 (Eastern Standard Time),1,,,,,,,,,,,,,,,,,,Tue Jan 14 2020 21:16:20 GMT-0500 (Eastern Standard Time),,,,,lore_specializations
5Pv8bGIejF,,,,,,"{""*"":{""read"":true},""role:Administrator"":{""read"":true,""write"":true}}",Uncommon Character,Tue Jan 14 2020 21:16:15 GMT-0500 (Eastern Standard Time),,,,2,,,,,,,,,,,,,,,Tue Jan 14 2020 21:16:15 GMT-0500 (Eastern Standard Time),,,,,ctdbs_merits
5QjxXMGB4P,,,,,,"{""*"":{""read"":true},""role:Administrator"":{""read"":true,""write"":true}}",Code of Honor,Tue Jan 14 2020 21:16:13 GMT-0500 (Eastern Standard Time),,,,2,,,,,,,,,,,,,,,Tue Jan 14 2020 21:16:13 GMT-0500 (Eastern Standard Time),,,,,ctdbs_merits
5UoAg8nlfm,,,,,,"{""*"":{""read"":true},""role:Administrator"":{""read"":true,""write"":true}}",Leader,Tue Jan 14 2020 21:16:10 GMT-0500 (Eastern Standard Time),,,,,,,,,,,,,,,,,,,Tue Jan 14 2020 21:16:10 GMT-0500 (Eastern Standard Time),,,,,archetypes_2
5Vy0Gqbkj9,,,,,,"{""*"":{""read"":true},""role:Administrator"":{""read"":true,""write"":true}}",Bull's Eye,Tue Jan 14 2020 21:16:24 GMT-0500 (Eastern Standard Time),,,,,,,,,,,,,,,,,,,Tue Jan 14 2020 21:16:24 GMT-0500 (Eastern Standard Time),,,,,techniques
5X6crg69OD,,,,,,"{""*"":{""read"":true},""role:Administrator"":{""read"":true,""write"":true}}",Auspex: Psychic Assault,Tue Jan 14 2020 21:16:17 GMT-0500 (Eastern Standard Time),,,,,,,,,,,,,,,,,,,Tue Jan 14 2020 21:16:17 GMT-0500 (Eastern Standard Time),,,,,elder_disciplines
5Xgvl625D1,,,,,,"{""*"":{""read"":true},""role:Administrator"":{""read"":true,""write"":true}}",Shark's Tooth,Tue Jan 14 2020 21:16:29 GMT-0500 (Eastern Standard Time),,,,1,,,,,,,,,Perception,,,No,Rokea,Fera,Tue Jan 14 2020 21:16:29 GMT-0500 (Eastern Standard Time),,,,,wta_gifts
5YCqA8KBTl,,,,,,"{""*"":{""read"":true},""role:Administrator"":{""read"":true,""write"":true}}",The Chronicle of the Lost Tribe,Tue Jan 14 2020 21:16:25 GMT-0500 (Eastern Standard Time),12,,,,,,,,,,,,,,,,,,Tue Jan 14 2020 21:16:25 GMT-0500 (Eastern Standard Time),,,,,vampiric_texts
5a66zQgUJV,,requires_specialization,,,Set which Thaumaturgical Path will be learned with this merit.,"{""*"":{""read"":true},""role:Administrator"":{""read"":true,""write"":true}}",Thaumaturgical Expertise,Tue Jan 14 2020 21:16:22 GMT-0500 (Eastern Standard Time),,Tremere,,1,,Opens up List 4 as an additional in Clan Discipline learnable w/o a teacher. Purchasable multiple times.,,,,,,,,,253,,,Clan,Tue Jan 14 2020 21:16:22 GMT-0500 (Eastern Standard Time),,,,,merits
5cNCQfPzAj,,requires_specialization,,,,"{""*"":{""read"":true},""role:Administrator"":{""read"":true,""write"":true}}",Custom,Sat Feb 14 2026 18:11:48 GMT-0500 (Eastern Standard Time),0,,,,,,,,,,,,,,,,,,Tue Jan 14 2020 21:16:19 GMT-0500 (Eastern Standard Time),,,,,linguistics_specializations
5ctGy6VaWy,,,,,,"{""*"":{""read"":true},""role:Administrator"":{""read"":true,""write"":true}}",Gorgon's Gaze,Tue Jan 14 2020 21:16:29 GMT-0500 (Eastern Standard Time),,,,5,,,,,,,,,Appearance,,,No,Black Furies,Tribal,Tue Jan 14 2020 21:16:29 GMT-0500 (Eastern Standard Time),,,,,wta_gifts
5e3hEF1VsN,,,,,,"{""*"":{""read"":true},""role:Administrator"":{""read"":true,""write"":true}}",Ambidextrous,Tue Jan 14 2020 21:16:13 GMT-0500 (Eastern Standard Time),,,,2,,,,,,,,,,,,,,,Tue Jan 14 2020 21:16:13 GMT-0500 (Eastern Standard Time),,,,,ctdbs_merits
5fdfhXheHJ,,,,,,"{""*"":{""read"":true},""role:Administrator"":{""read"":true,""write"":true}}",Necromancy: Scales of Maat,Tue Jan 14 2020 21:16:22 GMT-0500 (Eastern Standard Time),,,,2,,,,,,,,,,,,,,,Tue Jan 14 2020 21:16:22 GMT-0500 (Eastern Standard Time),,,,,rituals
5iZx3PEyx3,,,,,,"{""*"":{""read"":true},""role:Administrator"":{""read"":true,""write"":true}}",Thaumaturgy: Blood Mastery,Tue Jan 14 2020 21:16:22 GMT-0500 (Eastern Standard Time),,,,1,,,,,,,,,,,,,,,Tue Jan 14 2020 21:16:22 GMT-0500 (Eastern Standard Time),,,,,rituals
5kV0vNbUGu,,,,,,"{""*"":{""read"":true},""role:Administrator"":{""read"":true,""write"":true}}",Unnatural Grace,Tue Jan 14 2020 21:16:24 GMT-0500 (Eastern Standard Time),,,,,,,,,,,,,,,,,,,Tue Jan 14 2020 21:16:24 GMT-0500 (Eastern Standard Time),,,,,techniques
5luFZXi7ix,,,,No,,"{""*"":{""read"":true},""role:Administrator"":{""read"":true,""write"":true}}",Influences: The Elite,Tue Jan 14 2020 21:16:25 GMT-0500 (Eastern Standard Time),,,,,,,,,,,,,,No,,,,,Tue Jan 14 2020 21:16:25 GMT-0500 (Eastern Standard Time),,,,,wta_backgrounds
5mDReeqrKt,,,,,,"{""*"":{""read"":true},""role:Administrator"":{""read"":true,""write"":true}}",Additional Common Discipline,Tue Jan 14 2020 21:16:20 GMT-0500 (Eastern Standard Time),,,,4,,Opens up List 1 for an additional Discipline slot.,,,,,,,,,,,,General,Tue Jan 14 2020 21:16:20 GMT-0500 (Eastern Standard Time),,,,,merits
5mJF3czpD5,,,,,,"{""*"":{""read"":true},""role:Administrator"":{""read"":true,""write"":true}}",Superior,Tue Jan 14 2020 21:16:31 GMT-0500 (Eastern Standard Time),,,,,,,,General,,,,,,,,,,,Tue Jan 14 2020 21:16:31 GMT-0500 (Eastern Standard Time),,,,,wta_item_traits
5nbPRgmoVT,,,,,,"{""*"":{""read"":true},""role:Administrator"":{""read"":true,""write"":true}}",Empire of Tears,Tue Jan 14 2020 21:16:12 GMT-0500 (Eastern Standard Time),,,,,,,,,,,,,,,,,,,Tue Jan 14 2020 21:16:12 GMT-0500 (Eastern Standard Time),,,,,ctdbs_kith_group_types
5o6ze8kaEl,,,,,,"{""*"":{""read"":true},""role:Administrator"":{""read"":true,""write"":true}}",Gurahl,Tue Jan 14 2020 21:16:33 GMT-0500 (Eastern Standard Time),18,,Forest Walkers,,Mountain Guardians,Slow; no actions from Rage.,Okuma,,,,,,,,,,,,Tue Jan 14 2020 21:16:33 GMT-0500 (Eastern Standard Time),,,,,wta_tribes
5p9WQ33fvB,,,,,,"{""*"":{""read"":true},""role:Administrator"":{""read"":true,""write"":true}}",Warded,Tue Jan 14 2020 21:16:26 GMT-0500 (Eastern Standard Time),,,,1,Talen,,Fetish,,,,,,,,,,,,Tue Jan 14 2020 21:16:26 GMT-0500 (Eastern Standard Time),,,,,wta_fetish_traits
5poeOImasF,,,,,,"{""*"":{""read"":true},""role:Administrator"":{""read"":true,""write"":true}}",Sectarian,Tue Jan 14 2020 21:16:19 GMT-0500 (Eastern Standard Time),,,,2,,Cannot posses Lore skill above 2 and cannot possess Loremaster merit.,,,,,,,,,,,,Camarilla,Tue Jan 14 2020 21:16:19 GMT-0500 (Eastern Standard Time),,,,,flaws
5tyMQTFAPj,,,,,,"{""*"":{""read"":true},""role:Administrator"":{""read"":true,""write"":true}}",Black Mist,Tue Jan 14 2020 21:16:24 GMT-0500 (Eastern Standard Time),,,,,,,,,,,,,,,,,,,Tue Jan 14 2020 21:16:24 GMT-0500 (Eastern Standard Time),,,,,techniques
5wlqARQZHC,,,,,,"{""*"":{""read"":true},""role:Administrator"":{""read"":true,""write"":true}}",Gnosis Drain,Tue Jan 14 2020 21:16:29 GMT-0500 (Eastern Standard Time),,,,5,,,,,,,,,Intelligence,,,Yes,Uktena,Tribal,Tue Jan 14 2020 21:16:29 GMT-0500 (Eastern Standard Time),,,,,wta_gifts
5yUNGCS4lg,,,,,,"{""*"":{""read"":true},""role:Administrator"":{""read"":true,""write"":true}}",Death's Caress,Tue Jan 14 2020 21:16:24 GMT-0500 (Eastern Standard Time),,,,,,,,,,,,,,,,,,,Tue Jan 14 2020 21:16:24 GMT-0500 (Eastern Standard Time),,,,,techniques
5yjvrfotUv,,,,,,"{""*"":{""read"":true},""role:Administrator"":{""read"":true,""write"":true}}",Latrani,Tue Jan 14 2020 21:16:27 GMT-0500 (Eastern Standard Time),,,,,,"Track by sent; Gain bite attack; +2 Dodge, stealth, & survival",,,,,,,,,,,,Nuwisha,Tue Jan 14 2020 21:16:27 GMT-0500 (Eastern Standard Time),,,,,wta_forms
60EaVJCyhQ,,,,,,"{""*"":{""read"":true},""role:Administrator"":{""read"":true,""write"":true}}",Control the Savage Beast,Tue Jan 14 2020 21:16:24 GMT-0500 (Eastern Standard Time),,,,,,,,,,,,,,,,,,,Tue Jan 14 2020 21:16:24 GMT-0500 (Eastern Standard Time),,,,,techniques
60KGsu9BkG,,,,,,"{""*"":{""read"":true},""role:Administrator"":{""read"":true,""write"":true}}",Second Wind,Tue Jan 14 2020 21:16:24 GMT-0500 (Eastern Standard Time),,,,,,,,,,,,,,,,,,,Tue Jan 14 2020 21:16:24 GMT-0500 (Eastern Standard Time),,,,,techniques
61x5Jjmslp,,,,,,"{""*"":{""read"":true},""role:Administrator"":{""read"":true,""write"":true}}",Whirling Dance,Tue Jan 14 2020 21:16:15 GMT-0500 (Eastern Standard Time),,,,3,,,,,,,,,,,,,,,Tue Jan 14 2020 21:16:15 GMT-0500 (Eastern Standard Time),,,,,ctdbs_merits
63XbuATFuT,,,,,,"{""*"":{""read"":true},""role:Administrator"":{""read"":true,""write"":true}}",The Powerful Perpetrators of Pestilential Pranks,Tue Jan 14 2020 21:16:13 GMT-0500 (Eastern Standard Time),,,,,,,,,,,,,,,,,,,Tue Jan 14 2020 21:16:13 GMT-0500 (Eastern Standard Time),,,,,ctdbs_kith_group_types
66KTrvHw9C,,,,,,"{""*"":{""read"":true},""role:Administrator"":{""read"":true,""write"":true}}",Loremaster,Tue Jan 14 2020 21:16:31 GMT-0500 (Eastern Standard Time),,requires_specialization,,1,,,,,,,,,,,,,,General,Tue Jan 14 2020 21:16:31 GMT-0500 (Eastern Standard Time),,,,,wta_merits
67uviRWYmw,,Bone Gnawers,,,,"{""*"":{""read"":true},""role:Administrator"":{""read"":true,""write"":true}}",Road Warders,Tue Jan 14 2020 21:16:26 GMT-0500 (Eastern Standard Time),,,,,,,,,,,,,,,,,,,Tue Jan 14 2020 21:16:26 GMT-0500 (Eastern Standard Time),,,,,wta_camps
6AlSckqxsT,,Wendigo,,,,"{""*"":{""read"":true},""role:Administrator"":{""read"":true,""write"":true}}",Bonds of Spirit,Tue Jan 14 2020 21:16:31 GMT-0500 (Eastern Standard Time),,,,1,,,,,,,,,,,,,,Tribal,Tue Jan 14 2020 21:16:31 GMT-0500 (Eastern Standard Time),,,,,wta_merits
6BSQECsVb8,,,,,,"{""*"":{""read"":true},""role:Administrator"":{""read"":true,""write"":true}}",Familiar Faces,Tue Jan 14 2020 21:16:24 GMT-0500 (Eastern Standard Time),,,,,,,,,,,,,,,,,,,Tue Jan 14 2020 21:16:24 GMT-0500 (Eastern Standard Time),,,,,techniques
6Ht45BXnAU,,,,,,"{""*"":{""read"":true},""role:Administrator"":{""read"":true,""write"":true}}",Animalism: Intimidate the Beast,Tue Jan 14 2020 21:16:17 GMT-0500 (Eastern Standard Time),,,,,,,,,,,,,,,,,,,Tue Jan 14 2020 21:16:17 GMT-0500 (Eastern Standard Time),,,,,elder_disciplines
6K41jGle8m,,,,,,"{""*"":{""read"":true},""role:Administrator"":{""read"":true,""write"":true}}",Galliard,Tue Jan 14 2020 21:16:25 GMT-0500 (Eastern Standard Time),,,Empathy,,Linguistics,,,Performace,Lore,,,,,,,,,,Tue Jan 14 2020 21:16:25 GMT-0500 (Eastern Standard Time),,,,,wta_auspices
6LVqMXQiHV,,,,,,"{""*"":{""read"":true},""role:Administrator"":{""read"":true,""write"":true}}",Intense Vitality (Elder),Tue Jan 14 2020 21:16:21 GMT-0500 (Eastern Standard Time),,,,3,,Can spend 1 more Blood per turn than Generation allows.,,,,,,,,,,,,General,Tue Jan 14 2020 21:16:21 GMT-0500 (Eastern Standard Time),,,,,merits
6LwkxjIVUG,,,,,,"{""*"":{""read"":true},""role:Administrator"":{""read"":true,""write"":true}}",Toreador: Volgirre,Tue Aug 31 2021 02:28:48 GMT-0400 (Eastern Daylight Time),,,,,,,,,,,,,,,,,,,Tue Jan 14 2020 21:16:11 GMT-0500 (Eastern Standard Time),,,,,clans
6MagIGxbz3,,,,,,"{""*"":{""read"":true},""role:Administrator"":{""read"":true,""write"":true}}",Setting the Tempo,Tue Jan 14 2020 21:16:24 GMT-0500 (Eastern Standard Time),,,,,,,,,,,,,,,,,,,Tue Jan 14 2020 21:16:24 GMT-0500 (Eastern Standard Time),,,,,techniques
6R4TSlHkYI,,Ananasi,,,,"{""*"":{""read"":true},""role:Administrator"":{""read"":true,""write"":true}}",Tenere,Tue Jan 14 2020 21:16:26 GMT-0500 (Eastern Standard Time),,,,,,,,,,,,,,,,,,,Tue Jan 14 2020 21:16:26 GMT-0500 (Eastern Standard Time),,,,,wta_camps
6TADk1LLsV,,,,,,"{""*"":{""read"":true},""role:Administrator"":{""read"":true,""write"":true}}",Luxury,Tue Jan 14 2020 21:16:12 GMT-0500 (Eastern Standard Time),,,,,,,,,,,,,,,,,,,Tue Jan 14 2020 21:16:12 GMT-0500 (Eastern Standard Time),,,,,ctdbs_holdings_specializations
6VkHIPxo7T,,,,,,"{""*"":{""read"":true},""role:Administrator"":{""read"":true,""write"":true}}",Vaulderie,Tue Jan 14 2020 21:16:23 GMT-0500 (Eastern Standard Time),,,,,,,,,,,,,,,,,,Auctoritas,Tue Jan 14 2020 21:16:23 GMT-0500 (Eastern Standard Time),,,,,sabbat_rituals
6XJ9dXyio5,,,,,,"{""*"":{""read"":true},""role:Administrator"":{""read"":true,""write"":true}}",Kinain,Tue Jan 14 2020 21:16:12 GMT-0500 (Eastern Standard Time),,,,,,,,,,,,,,,,,,,Tue Jan 14 2020 21:16:12 GMT-0500 (Eastern Standard Time),,,,,ctdbs_backgrounds
6b842nmmjD,,,,,,"{""*"":{""read"":true},""role:Administrator"":{""read"":true,""write"":true}}",The Judge's Resilience,Tue Jan 14 2020 21:16:22 GMT-0500 (Eastern Standard Time),,Bloodline: Sorcerer,,2,,,,,,,,,,,24,,,,Tue Jan 14 2020 21:16:22 GMT-0500 (Eastern Standard Time),,,,,merits
6bDfMmtQR8,,,,,,"{""*"":{""read"":true},""role:Administrator"":{""read"":true,""write"":true}}",Guarded Rubrics,Tue Jan 14 2020 21:16:25 GMT-0500 (Eastern Standard Time),21,,,,,,,,,,,,,,,,,,Tue Jan 14 2020 21:16:25 GMT-0500 (Eastern Standard Time),,,,,vampiric_texts
6boIMJemYI,,,,,,"{""*"":{""read"":true},""role:Administrator"":{""read"":true,""write"":true}}",Cheap Shot,Tue Jan 14 2020 21:16:28 GMT-0500 (Eastern Standard Time),,,,4,,,,,,,,,Appearance,,,Yes,Ragabash,General,Tue Jan 14 2020 21:16:28 GMT-0500 (Eastern Standard Time),Galliard,,Homid,,wta_gifts
6crq77Of2F,,,,,,"{""*"":{""read"":true},""role:Administrator"":{""read"":true,""write"":true}}",Blunted Fangs,Tue Jan 14 2020 21:16:18 GMT-0500 (Eastern Standard Time),,,,2,,Bite does not do aggravated damage and does not invoke the Kiss.,,,,,,,,,,,,General,Tue Jan 14 2020 21:16:18 GMT-0500 (Eastern Standard Time),,,,,flaws
6cuHautVht,,,,,,"{""*"":{""read"":true},""role:Administrator"":{""read"":true,""write"":true}}",The Duty of Kings,Tue Jan 14 2020 21:16:22 GMT-0500 (Eastern Standard Time),,Ventrue ,,1,,,,,,,,,,,44,,,,Tue Jan 14 2020 21:16:22 GMT-0500 (Eastern Standard Time),,,,,merits
6dQ1BmhiEF,,,,,,"{""*"":{""read"":true},""role:Administrator"":{""read"":true,""write"":true}}",Gehenna Prophet,Tue Jan 14 2020 21:16:18 GMT-0500 (Eastern Standard Time),,,,2,,"Every time the character's Willpower decreases, they fall more into the waking visions. If all Willpower is lost the character falls into torpor.",,,,,,,,,,,,General,Tue Jan 14 2020 21:16:18 GMT-0500 (Eastern Standard Time),,,,,flaws
6l3IREp0Gs,,Kitsune,,,,"{""*"":{""read"":true},""role:Administrator"":{""read"":true,""write"":true}}",Foxtrot,Tue Jan 14 2020 21:16:31 GMT-0500 (Eastern Standard Time),,,,3,,,,,,,,,,,,,,Fera,Tue Jan 14 2020 21:16:31 GMT-0500 (Eastern Standard Time),,,,,wta_merits
6nf9aG3kn1,,Wendigo,,,,"{""*"":{""read"":true},""role:Administrator"":{""read"":true,""write"":true}}",Guardian of the Wyld,Tue Jan 14 2020 21:16:31 GMT-0500 (Eastern Standard Time),,,,2,,,,,,,,,,,,,,Tribal,Tue Jan 14 2020 21:16:31 GMT-0500 (Eastern Standard Time),,,,,wta_merits
6o14M9QHjs,,,,,,"{""*"":{""read"":true},""role:Administrator"":{""read"":true,""write"":true}}",Cursed,Tue Jan 14 2020 21:16:18 GMT-0500 (Eastern Standard Time),,,,1,,Minor curse that effects a Skill chosen when the flaw is taken. When triggered subtracts 1 from the chosen Skill.,,,,,,,,,,,,General,Tue Jan 14 2020 21:16:18 GMT-0500 (Eastern Standard Time),,,,,flaws
6oFfAMJUBI,,,,,,"{""*"":{""read"":true},""role:Administrator"":{""read"":true,""write"":true}}",Master of Puppets,Tue Jan 14 2020 21:16:21 GMT-0500 (Eastern Standard Time),,,,2,,"Once a week, regain 1 spent influence action in an influence of character's choice.",,,,,,,,,,,,Camarilla,Tue Jan 14 2020 21:16:21 GMT-0500 (Eastern Standard Time),,,,,merits
6pXo0vbrOG,,,,,,"{""*"":{""read"":true},""role:Administrator"":{""read"":true,""write"":true}}",Necromancy: Stained Night,Tue Jan 14 2020 21:16:22 GMT-0500 (Eastern Standard Time),,,,2,,,,,,,,,,,,,,,Tue Jan 14 2020 21:16:22 GMT-0500 (Eastern Standard Time),,,,,rituals
6pkySmh1bL,,,,,,"{""*"":{""read"":true},""role:Administrator"":{""read"":true,""write"":true}}",Unicorn's Grace,Tue Jan 14 2020 21:16:30 GMT-0500 (Eastern Standard Time),,,,1,,,,,,,,,Intelligence,,,No,Children of Gaia,Tribal,Tue Jan 14 2020 21:16:30 GMT-0500 (Eastern Standard Time),,,,,wta_gifts
6rJHkSzY2G,,,,,,"{""*"":{""read"":true},""role:Administrator"":{""read"":true,""write"":true}}",Dreaming Aptitude,Tue Jan 14 2020 21:16:13 GMT-0500 (Eastern Standard Time),,,,2,,,,,,,,,,,,,,,Tue Jan 14 2020 21:16:13 GMT-0500 (Eastern Standard Time),,,,,ctdbs_merits
6rd9HCH6KJ,,,,,,"{""*"":{""read"":true},""role:Administrator"":{""read"":true,""write"":true}}",Ajaba,Tue Jan 14 2020 21:16:26 GMT-0500 (Eastern Standard Time),,,,4,,Clan or Pack Dependency ,,,,,,,,,,,,,Tue Jan 14 2020 21:16:26 GMT-0500 (Eastern Standard Time),,,,,wta_fera_descriptions
6sQ9T5XayO,,,,,,"{""*"":{""read"":true},""role:Administrator"":{""read"":true,""write"":true}}",Escaped Shovelhead,Tue Jan 14 2020 21:16:18 GMT-0500 (Eastern Standard Time),,,,2,,Reduce mental test pools by 2 (including defensive) when in a challenge against a known Sabbat member.,,,,,,,,,,,,Anarch,Tue Jan 14 2020 21:16:18 GMT-0500 (Eastern Standard Time),,,,,flaws
6tlu5CCmyG,,,,,,"{""*"":{""read"":true},""role:Administrator"":{""read"":true,""write"":true}}",Internet bloggers,Sat Feb 14 2026 18:10:12 GMT-0500 (Eastern Standard Time),1,,,,,,,,,,,,,,,,,,Tue Jan 14 2020 21:16:19 GMT-0500 (Eastern Standard Time),,,,,influence_underworld_specializations
6zV6GZct52,,,,,,"{""*"":{""read"":true},""role:Administrator"":{""read"":true,""write"":true}}",Scalpel Tongue,Tue Jan 14 2020 21:16:24 GMT-0500 (Eastern Standard Time),,,,,,,,,,,,,,,,,,,Tue Jan 14 2020 21:16:24 GMT-0500 (Eastern Standard Time),,,,,techniques
700vwAHAs6,,,,,,"{""*"":{""read"":true},""role:Administrator"":{""read"":true,""write"":true}}",Security,Tue Jan 14 2020 21:16:19 GMT-0500 (Eastern Standard Time),4,,,,,,,,,,,,,,,,,,Tue Jan 14 2020 21:16:19 GMT-0500 (Eastern Standard Time),,,,,haven_specializations
70rTjdFgkb,,,,,,"{""*"":{""read"":true},""role:Administrator"":{""read"":true,""write"":true}}",Manabozho,Tue Jan 14 2020 21:16:28 GMT-0500 (Eastern Standard Time),,,,,,Gain claw & bite attack; +3 Brawl & melee; +1 Dodge; tool user,,,,,,,Strength: +5 Brawl & Melee,,,,,Nuwisha,Tue Jan 14 2020 21:16:28 GMT-0500 (Eastern Standard Time),,,,,wta_forms
71AnAqgm2H,,,,,,"{""*"":{""read"":true},""role:Administrator"":{""read"":true,""write"":true}}",Carriages,Tue Jan 14 2020 21:16:16 GMT-0500 (Eastern Standard Time),1,,,,,,,,,,,,,,,,,,Tue Jan 14 2020 21:16:16 GMT-0500 (Eastern Standard Time),,,,,drive_specializations
71zcZWiQrK,,,,,,"{""*"":{""read"":true},""role:Administrator"":{""read"":true,""write"":true}}",Chariots,Tue Jan 14 2020 21:16:16 GMT-0500 (Eastern Standard Time),1,,,,,,,,,,,,,,,,,,Tue Jan 14 2020 21:16:16 GMT-0500 (Eastern Standard Time),,,,,drive_specializations
72fQyWowyb,,,,,,"{""*"":{""read"":true},""role:Administrator"":{""read"":true,""write"":true}}",Protean,Sun Jan 26 2020 15:30:50 GMT-0500 (Eastern Standard Time),,,,,,,,,,,,,,,,,,,Tue Jan 14 2020 21:16:16 GMT-0500 (Eastern Standard Time),,,,,disciplines
74SatOOcKa,,,,,,"{""*"":{""read"":true},""role:Administrator"":{""read"":true,""write"":true}}",Castigate,Tue Jan 14 2020 21:16:28 GMT-0500 (Eastern Standard Time),,,,4,,,,,,,,,Appearance,,,Yes,Theurge,General,Tue Jan 14 2020 21:16:28 GMT-0500 (Eastern Standard Time),Philodox,,,,wta_gifts
76CseWTpav,,,,,,"{""*"":{""read"":true},""role:Administrator"":{""read"":true,""write"":true}}",Homid,Tue Jan 14 2020 21:16:27 GMT-0500 (Eastern Standard Time),,,,,,Homid breed may vent rage quicker; tool user,,,,,,,,,,,,Ajaba,Tue Jan 14 2020 21:16:27 GMT-0500 (Eastern Standard Time),,,,,wta_forms
7860XfbDED,,,,,,"{""*"":{""read"":true},""role:Administrator"":{""read"":true,""write"":true}}",Corax,Tue Jan 14 2020 21:16:33 GMT-0500 (Eastern Standard Time),17,,Hermetic Order of the Swift Light,,Chasers,Truth squawking; Weak against Gold ,Grey Hats,,,,,,,,,,,,Tue Jan 14 2020 21:16:33 GMT-0500 (Eastern Standard Time),,,,,wta_tribes
788HCXCDfJ,,,,,,"{""*"":{""read"":true},""role:Administrator"":{""read"":true,""write"":true}}",Curmudgeon,Tue Jan 14 2020 21:16:09 GMT-0500 (Eastern Standard Time),,,,,,,,,,,,,,,,,,,Tue Jan 14 2020 21:16:09 GMT-0500 (Eastern Standard Time),,,,,archetype_2
79mSRi2P03,,,,,,"{""*"":{""read"":true},""role:Administrator"":{""read"":true,""write"":true}}",Judge,Tue Jan 14 2020 21:16:10 GMT-0500 (Eastern Standard Time),,,,,,,,,,,,,,,,,,,Tue Jan 14 2020 21:16:10 GMT-0500 (Eastern Standard Time),,,,,archetypes
7ApCgXHnoq,,,,,,"{""*"":{""read"":true},""role:Administrator"":{""read"":true,""write"":true}}",Power and the Inner Voice,Tue Jan 14 2020 21:16:22 GMT-0500 (Eastern Standard Time),16,,,,,,,,,,,,,,,,,,Tue Jan 14 2020 21:16:22 GMT-0500 (Eastern Standard Time),,,,,paths
7CLgFdDhwJ,,,,,,"{""*"":{""read"":true},""role:Administrator"":{""read"":true,""write"":true}}",Daughters of Cacophony,Tue Aug 31 2021 02:28:48 GMT-0400 (Eastern Daylight Time),,,,,,,,,,,,,,,,,,,Tue Jan 14 2020 21:16:11 GMT-0500 (Eastern Standard Time),,,,,clans
7Due2jBbc0,,,General,,,"{""*"":{""read"":true},""role:Administrator"":{""read"":true,""write"":true}}",Victorious,Thu Feb 13 2020 22:50:16 GMT-0500 (Eastern Standard Time),,,,,,,,,,,,,,,,,,Fleeting,Tue Jan 14 2020 21:16:24 GMT-0500 (Eastern Standard Time),,,,,status_traits
7E26ll4d9n,,,,,,"{""*"":{""read"":true},""role:Administrator"":{""read"":true,""write"":true}}",Fight Club,Tue Jan 14 2020 21:16:12 GMT-0500 (Eastern Standard Time),,,,,,,,,,,,,,,,,,,Tue Jan 14 2020 21:16:12 GMT-0500 (Eastern Standard Time),,,,,ctdbs_kith_group_types
7Gz5ollCFw,,,,,,"{""*"":{""read"":true},""role:Administrator"":{""read"":true,""write"":true}}","The Diaries of Constantin Addams, Regent of the Sixth Circle",Tue Jan 14 2020 21:16:25 GMT-0500 (Eastern Standard Time),14,,,,,,,,,,,,,,,,,,Tue Jan 14 2020 21:16:25 GMT-0500 (Eastern Standard Time),,,,,vampiric_texts
7H4GHFz0Po,,,,,,"{""*"":{""read"":true},""role:Administrator"":{""read"":true,""write"":true}}",Inaccessible,Tue Jan 14 2020 21:16:33 GMT-0500 (Eastern Standard Time),,,,,,,,,,,,,,,,,,,Tue Jan 14 2020 21:16:33 GMT-0500 (Eastern Standard Time),,,,,wta_territory_specializations
7HGEAnOSTo,,,,,,"{""*"":{""read"":true},""role:Administrator"":{""read"":true,""write"":true}}",Academics,Tue Jan 14 2020 21:16:23 GMT-0500 (Eastern Standard Time),0,,,,,,,,,,,,,,unknown,,,,Tue Jan 14 2020 21:16:23 GMT-0500 (Eastern Standard Time),,,,,skills
7HS7lvvkMu,,,,,,"{""*"":{""read"":true},""role:Administrator"":{""read"":true,""write"":true}}",Kyubi,Tue Jan 14 2020 21:16:27 GMT-0500 (Eastern Standard Time),,,,,,Track via scent; can bite w/o grapple; +2 Dodge and Investigation; Breed may decrease rage,,,,,,,,,,,,Kitsune,Tue Jan 14 2020 21:16:27 GMT-0500 (Eastern Standard Time),,,,,wta_forms
7LmS6TR0TW,,,,,,"{""*"":{""read"":true},""role:Administrator"":{""read"":true,""write"":true}}",Fortitude,Sun Jan 26 2020 15:30:50 GMT-0500 (Eastern Standard Time),,,,,,,,,,,,,,,,,,,Tue Jan 14 2020 21:16:16 GMT-0500 (Eastern Standard Time),,,,,disciplines
7OhpxRA6rr,,,,,,"{""*"":{""read"":true},""role:Administrator"":{""read"":true,""write"":true}}",Thaumaturgy: Blood Contract,Tue Jan 14 2020 21:16:22 GMT-0500 (Eastern Standard Time),,,,5,,,,,,,,,,,,,,,Tue Jan 14 2020 21:16:22 GMT-0500 (Eastern Standard Time),,,,,rituals
7PPj7juDH0,,,,,,"{""*"":{""read"":true},""role:Administrator"":{""read"":true,""write"":true}}",Loose Cannon,Tue Jan 14 2020 21:16:10 GMT-0500 (Eastern Standard Time),,,,,,,,,,,,,,,,,,,Tue Jan 14 2020 21:16:10 GMT-0500 (Eastern Standard Time),,,,,archetypes
7RgCh4UKXB,,,,,,"{""*"":{""read"":true},""role:Administrator"":{""read"":true,""write"":true}}",Fashion industry,Sat Feb 14 2026 18:08:11 GMT-0500 (Eastern Standard Time),1,,,,,,,,,,,,,,,,,,Tue Jan 14 2020 21:16:19 GMT-0500 (Eastern Standard Time),,,,,influence_elite_specializations
7WLimuTvyb,,,,,,"{""*"":{""read"":true},""role:Administrator"":{""read"":true,""write"":true}}",Melpominee,Sun Jan 26 2020 15:30:50 GMT-0500 (Eastern Standard Time),,,,,,,,,,,,,,,,,,,Tue Jan 14 2020 21:16:16 GMT-0500 (Eastern Standard Time),,,,,disciplines
7YG7QzLGS7,,Baali,,,,"{""*"":{""read"":true},""role:Administrator"":{""read"":true,""write"":true}}",Infernal Heritage,Tue Jan 14 2020 21:16:21 GMT-0500 (Eastern Standard Time),,,,1,,Duplicates both Infernal Power and Path of Evil Revelations merits.,,,,,,,,,,,,Clan,Tue Jan 14 2020 21:16:21 GMT-0500 (Eastern Standard Time),,,,,merits
7bFgratQIr,,,,,,"{""*"":{""read"":true},""role:Administrator"":{""read"":true,""write"":true}}",Inept,Tue Jan 14 2020 21:16:18 GMT-0500 (Eastern Standard Time),,,,3,,"Choose one in-clan Discipline, no free dot in it and it costs out of clan XP. This Flaw cannot be removed.",,,,,,,,,,,,General,Tue Jan 14 2020 21:16:18 GMT-0500 (Eastern Standard Time),,,,,flaws
7eRGFpwQY3,,,,,,"{""*"":{""read"":true},""role:Administrator"":{""read"":true,""write"":true}}",Aspect of the Death Bear,Tue Jan 14 2020 21:16:28 GMT-0500 (Eastern Standard Time),,,,5,,,,,,,,,Appearance,,,No,Gurahl,Fera,Tue Jan 14 2020 21:16:28 GMT-0500 (Eastern Standard Time),,,,,wta_gifts
7eSEqiIHtv,,,,,,"{""*"":{""read"":true},""role:Administrator"":{""read"":true,""write"":true}}",Followers of Set: Vipers,Tue Aug 31 2021 02:28:48 GMT-0400 (Eastern Daylight Time),,,,,,,,,,,,,,,,,,,Tue Jan 14 2020 21:16:12 GMT-0500 (Eastern Standard Time),,,,,clans
7ge3lya0eN,,,,,,"{""*"":{""read"":true},""role:Administrator"":{""read"":true,""write"":true}}",Feast of Shadow,Tue Jan 14 2020 21:16:24 GMT-0500 (Eastern Standard Time),,,,,,,,,,,,,,,,,,,Tue Jan 14 2020 21:16:24 GMT-0500 (Eastern Standard Time),,,,,techniques
7hCLFw334l,,,,,,"{""*"":{""read"":true},""role:Administrator"":{""read"":true,""write"":true}}",The Orthodoxy,Tue Jan 14 2020 21:16:13 GMT-0500 (Eastern Standard Time),,,,,,,,,,,,,,,,,,,Tue Jan 14 2020 21:16:13 GMT-0500 (Eastern Standard Time),,,,,ctdbs_kith_group_types
7hkktEuWWB,,,,,,"{""*"":{""read"":true},""role:Administrator"":{""read"":true,""write"":true}}",Hardened,Tue Jan 14 2020 21:16:26 GMT-0500 (Eastern Standard Time),,,,2,Talen,,,,,,,,,,,,,,Tue Jan 14 2020 21:16:26 GMT-0500 (Eastern Standard Time),,,,,wta_fetish_traits
7i6SATGVQi,,,,,,"{""*"":{""read"":true},""role:Administrator"":{""read"":true,""write"":true}}",Breaking Point,Tue Jan 14 2020 21:16:20 GMT-0500 (Eastern Standard Time),,Brujah,,1,,,,,,,,,,,25,,,,Tue Jan 14 2020 21:16:20 GMT-0500 (Eastern Standard Time),,,,,merits
7kGkTwNRp3,,,,,,"{""*"":{""read"":true},""role:Administrator"":{""read"":true,""write"":true}}",Crystaline,Tue Jan 14 2020 21:16:26 GMT-0500 (Eastern Standard Time),,,Cantrip,1,,,,,,,,,,,,,,,Tue Jan 14 2020 21:16:26 GMT-0500 (Eastern Standard Time),,,,,wta_fetish_traits
7kkJARGvNm,,,,,,"{""*"":{""read"":true},""role:Administrator"":{""read"":true,""write"":true}}",Necromancy: Spirit Beacon,Tue Jan 14 2020 21:16:22 GMT-0500 (Eastern Standard Time),,,,3,,,,,,,,,,,,,,,Tue Jan 14 2020 21:16:22 GMT-0500 (Eastern Standard Time),,,,,rituals
7kuJeZ3Rht,,,,,,"{""*"":{""read"":true},""role:Administrator"":{""read"":true,""write"":true}}",Zealot,Tue Jan 14 2020 21:16:32 GMT-0500 (Eastern Standard Time),,,,2,,,,,,,,,,,,,,General,Tue Jan 14 2020 21:16:32 GMT-0500 (Eastern Standard Time),,,,,wta_merits
7lHSIATLe4,,,,,,"{""*"":{""read"":true},""role:Administrator"":{""read"":true,""write"":true}}",Thaumaturgy: Mirror of Second Sight,Tue Jan 14 2020 21:16:23 GMT-0500 (Eastern Standard Time),,,,3,,,,,,,,,,,,,,,Tue Jan 14 2020 21:16:23 GMT-0500 (Eastern Standard Time),,,,,rituals
7lL6bbcZVD,,Silver Fangs,,,,"{""*"":{""read"":true},""role:Administrator"":{""read"":true,""write"":true}}",Ivory Priesthood,Tue Jan 14 2020 21:16:26 GMT-0500 (Eastern Standard Time),,,,,,,,,,,,,,,,,,,Tue Jan 14 2020 21:16:26 GMT-0500 (Eastern Standard Time),,,,,wta_camps
7mNDmkHrtA,,,,,,"{""*"":{""read"":true},""role:Administrator"":{""read"":true,""write"":true}}",Sluagh,Tue Jan 14 2020 21:16:13 GMT-0500 (Eastern Standard Time),11,,,,,,,,,,,,,,,,,,Tue Jan 14 2020 21:16:13 GMT-0500 (Eastern Standard Time),,,,,ctdbs_kiths
7mencWR1mh,,Ravnos,,,,"{""*"":{""read"":true},""role:Administrator"":{""read"":true,""write"":true}}",Path of Paradox,Tue Jan 14 2020 21:16:21 GMT-0500 (Eastern Standard Time),,,,3,,,,,,,,,,,,,,Morality,Tue Jan 14 2020 21:16:21 GMT-0500 (Eastern Standard Time),,,,,merits
7mwgJjYbT3,,,,,,"{""*"":{""read"":true},""role:Administrator"":{""read"":true,""write"":true}}",Stealth Vehicle,Tue Jan 14 2020 21:16:24 GMT-0500 (Eastern Standard Time),,,,,,,,,,,,,,,,,,,Tue Jan 14 2020 21:16:24 GMT-0500 (Eastern Standard Time),,,,,techniques
7scDDv7ox0,,,,,,"{""*"":{""read"":true},""role:Administrator"":{""read"":true,""write"":true}}",Contacts,Sun Jan 26 2020 15:30:12 GMT-0500 (Eastern Standard Time),0,,,,,,,,,,,,,,99,,,,Tue Jan 14 2020 21:16:11 GMT-0500 (Eastern Standard Time),,,,,backgrounds
7tvv4N4GB1,,,,,,"{""*"":{""read"":true},""role:Administrator"":{""read"":true,""write"":true}}",Disgraced,Tue Jan 14 2020 21:16:33 GMT-0500 (Eastern Standard Time),1,,,,,,,,,,,,,,,,,,Tue Jan 14 2020 21:16:33 GMT-0500 (Eastern Standard Time),,,,,wta_monikers
7uEs3UhyIU,,,,,,"{""*"":{""read"":true},""role:Administrator"":{""read"":true,""write"":true}}",Resilient,Tue Jan 14 2020 21:16:33 GMT-0500 (Eastern Standard Time),,,,,,,,,,,,,,,,,,,Tue Jan 14 2020 21:16:33 GMT-0500 (Eastern Standard Time),,,,,wta_totem_bonus_traits
7uchiEVBjC,,,,,,"{""*"":{""read"":true},""role:Administrator"":{""read"":true,""write"":true}}",Predator's Insight,Tue Jan 14 2020 21:16:29 GMT-0500 (Eastern Standard Time),,,,1,,,,,,,,,Perception,,,Yes,Ragabash,General,Tue Jan 14 2020 21:16:29 GMT-0500 (Eastern Standard Time),Ahroun,,Metis,,wta_gifts
7umPOZgDfV,,,,,,"{""*"":{""read"":true},""role:Administrator"":{""read"":true,""write"":true}}",Judge,Tue Jan 14 2020 21:16:10 GMT-0500 (Eastern Standard Time),,,,,,,,,,,,,,,,,,,Tue Jan 14 2020 21:16:10 GMT-0500 (Eastern Standard Time),,,,,archetypes_2
7wUJTXmJBc,,,,,,"{""*"":{""read"":true},""role:Administrator"":{""read"":true,""write"":true}}",Demon Slayer,Tue Jan 14 2020 21:16:20 GMT-0500 (Eastern Standard Time),,Salubri Warrior,,2,,,,,,,,,,,52,,,,Tue Jan 14 2020 21:16:20 GMT-0500 (Eastern Standard Time),,,,,merits
8209XYM6xk,,requires_specialization,,,,"{""*"":{""read"":true},""role:Administrator"":{""read"":true,""write"":true}}",Custom,Tue Jan 14 2020 21:16:09 GMT-0500 (Eastern Standard Time),0,,,,,,,,,,,,,,,,,,Tue Jan 14 2020 21:16:09 GMT-0500 (Eastern Standard Time),,,,,academics_specializations
82lFu1VNKt,,Fianna,,,,"{""*"":{""read"":true},""role:Administrator"":{""read"":true,""write"":true}}",The Companions of Herne,Tue Jan 14 2020 21:16:26 GMT-0500 (Eastern Standard Time),,,,,,,,,,,,,,,,,,,Tue Jan 14 2020 21:16:26 GMT-0500 (Eastern Standard Time),,,,,wta_camps
85DgOvjxtM,,,,,,"{""*"":{""read"":true},""role:Administrator"":{""read"":true,""write"":true}}",Ambidextrous,Tue Jan 14 2020 21:16:31 GMT-0500 (Eastern Standard Time),,,,2,,,,,,,,,,,,,,General,Tue Jan 14 2020 21:16:31 GMT-0500 (Eastern Standard Time),,,,,wta_merits
8CS3V0fSR3,,,,,,"{""*"":{""read"":true},""role:Administrator"":{""read"":true,""write"":true}}",Necromancy: Mortis Path,Sun Jan 26 2020 15:30:50 GMT-0500 (Eastern Standard Time),,,,,,,,,,,,,,,,,,,Tue Jan 14 2020 21:16:16 GMT-0500 (Eastern Standard Time),,,,,disciplines
8DObrRA7DR,,,,,,"{""*"":{""read"":true},""role:Administrator"":{""read"":true,""write"":true}}",Rationalist,Tue Jan 14 2020 21:16:10 GMT-0500 (Eastern Standard Time),,,,,,,,,,,,,,,,,,,Tue Jan 14 2020 21:16:10 GMT-0500 (Eastern Standard Time),,,,,archetype_2s
8DTOS5NDFM,,Follower of Set,,,,"{""*"":{""read"":true},""role:Administrator"":{""read"":true,""write"":true}}",Path of Ecstasy,Tue Jan 14 2020 21:16:21 GMT-0500 (Eastern Standard Time),,,,3,,,,,,,,,,,,,,Morality,Tue Jan 14 2020 21:16:21 GMT-0500 (Eastern Standard Time),,,,,merits
8E8mFDRr2Q,,,,,,"{""*"":{""read"":true},""role:Administrator"":{""read"":true,""write"":true}}",Evil Revelations,Tue Jan 14 2020 21:16:22 GMT-0500 (Eastern Standard Time),7,,,,,,,,,,,,,,,,,,Tue Jan 14 2020 21:16:22 GMT-0500 (Eastern Standard Time),,,,,paths
8Eo6qyhqyk,,,,,,"{""*"":{""read"":true},""role:Administrator"":{""read"":true,""write"":true}}",Subpoena,Tue Jan 14 2020 21:16:30 GMT-0500 (Eastern Standard Time),,,,1,,,,,,,,,Charisma,,,Yes,Philodox,General,Tue Jan 14 2020 21:16:30 GMT-0500 (Eastern Standard Time),Homid,,,,wta_gifts
8I6kj5a03p,,,,,,"{""*"":{""read"":true},""role:Administrator"":{""read"":true,""write"":true}}",Red Talons,Tue Jan 14 2020 21:16:33 GMT-0500 (Eastern Standard Time),7,,Warders of the Land,,Whelp's Compromise,Wyld Aligned,Lodge of the Predator Kings,,,,,,,,,,,,Tue Jan 14 2020 21:16:33 GMT-0500 (Eastern Standard Time),,,,,wta_tribes
8IKGXOPtNC,,requires_specialization,,,Set which Necromantic Path will be learned with this merit. You will need to also add this path to Extra In Clan Disciplines in order to properly pay in-clan prices for it. Please do this before purchasing this discipline as part of character creation or your experience points may be incorrect.<p>Rules can be found on BNS page 246.</p>,"{""*"":{""read"":true},""role:Administrator"":{""read"":true,""write"":true}}",Necromantic Insight,Tue Jan 14 2020 21:16:21 GMT-0500 (Eastern Standard Time),,Cappadocians,,1,,Opens up List 5 as an additional in Clan Discipline learnable w/o a teacher. Purchasable multiple times.,,,,,,,,,246,,,Clan,Tue Jan 14 2020 21:16:21 GMT-0500 (Eastern Standard Time),,,,,merits
8KnoaSrFV1,,,,,,"{""*"":{""read"":true},""role:Administrator"":{""read"":true,""write"":true}}",Oracular Ability,Tue Jan 14 2020 21:16:32 GMT-0500 (Eastern Standard Time),,,,2,,,,,,,,,,,,,,General,Tue Jan 14 2020 21:16:32 GMT-0500 (Eastern Standard Time),,,,,wta_merits
8L4SECyYOm,,,,,,"{""*"":{""read"":true},""role:Administrator"":{""read"":true,""write"":true}}",Dull,Tue Jan 14 2020 21:16:18 GMT-0500 (Eastern Standard Time),,,,2,,Character is boring and doesn't receive their Archetype retest.,,,,,,,,,,,,General,Tue Jan 14 2020 21:16:18 GMT-0500 (Eastern Standard Time),,,,,flaws
8PADRxehOh,,,,,,"{""*"":{""read"":true},""role:Administrator"":{""read"":true,""write"":true}}",Cultured,Tue Jan 14 2020 21:16:10 GMT-0500 (Eastern Standard Time),,,,,,,,,,,,,,,,,,,Tue Jan 14 2020 21:16:10 GMT-0500 (Eastern Standard Time),,,,,archetype_2s
8QJk2L09RZ,,,,,,"{""*"":{""read"":true},""role:Administrator"":{""read"":true,""write"":true}}",Rhythm of Battle,Tue Jan 14 2020 21:16:21 GMT-0500 (Eastern Standard Time),,Daughters of Cacophony,,1,,,,,,,,,,,53,,,,Tue Jan 14 2020 21:16:21 GMT-0500 (Eastern Standard Time),,,,,merits
8cVcqbVDRt,,,,,,"{""*"":{""read"":true},""role:Administrator"":{""read"":true,""write"":true}}",Knockback,Tue Jan 14 2020 21:16:31 GMT-0500 (Eastern Standard Time),,,,,Ranged,,,,,Talen,Weapon,,,,,,,,Tue Jan 14 2020 21:16:31 GMT-0500 (Eastern Standard Time),,,,,wta_item_traits
8hEkf3C1fz,,,,,,"{""*"":{""read"":true},""role:Administrator"":{""read"":true,""write"":true}}",Thaumaturgy: Communicate with Kindred Sire,Wed Jun 28 2023 20:51:27 GMT-0400 (Eastern Daylight Time),,,,1,,,,,,,,,,,,,,,Tue Jan 14 2020 21:16:22 GMT-0500 (Eastern Standard Time),,,,,rituals
8iCNdu1la5,,,,,,"{""*"":{""read"":true},""role:Administrator"":{""read"":true,""write"":true}}",Method to the Madness,Tue Jan 14 2020 21:16:21 GMT-0500 (Eastern Standard Time),,Malkavian,,3,,,,,,,,,,,36-37,,,,Tue Jan 14 2020 21:16:21 GMT-0500 (Eastern Standard Time),,,,,merits
8lHFwSsTkS,,,,,,"{""*"":{""read"":true},""role:Administrator"":{""read"":true,""write"":true}}",Strength of the Pines,Tue Jan 14 2020 21:16:30 GMT-0500 (Eastern Standard Time),,,,4,,,,,,,,,Charisma,,,No,Wendigo,Tribal,Tue Jan 14 2020 21:16:30 GMT-0500 (Eastern Standard Time),,,,,wta_gifts
8oM5H0fJi2,,Rokea,,,,"{""*"":{""read"":true},""role:Administrator"":{""read"":true,""write"":true}}",Lords of the Sea,Tue Jan 14 2020 21:16:31 GMT-0500 (Eastern Standard Time),,,,1,,,,,,,,,,,,,,Fera,Tue Jan 14 2020 21:16:31 GMT-0500 (Eastern Standard Time),,,,,wta_merits
8oTJF9E18m,,,,,,"{""*"":{""read"":true},""role:Administrator"":{""read"":true,""write"":true}}",Competitor,Tue Jan 14 2020 21:16:09 GMT-0500 (Eastern Standard Time),,,,,,,,,,,,,,,,,,,Tue Jan 14 2020 21:16:09 GMT-0500 (Eastern Standard Time),,,,,archetype_2
8p32w8OhCm,,,,,,"{""*"":{""read"":true},""role:Administrator"":{""read"":true,""write"":true}}",Hobbling Strike,Tue Jan 14 2020 21:16:29 GMT-0500 (Eastern Standard Time),,,,4,,,,,,,,,Manipulation,,,Yes,Ragabash,General,Tue Jan 14 2020 21:16:29 GMT-0500 (Eastern Standard Time),Ahroun,,,,wta_gifts
8qIoQobj1F,,,,,,"{""*"":{""read"":true},""role:Administrator"":{""read"":true,""write"":true}}",Difficult Transformation,Tue Jan 14 2020 21:16:27 GMT-0500 (Eastern Standard Time),,,,2,,,,,,,,,,,,,,,Tue Jan 14 2020 21:16:27 GMT-0500 (Eastern Standard Time),,,,,wta_flaws
8tFgkUZdvh,,,,,,"{""*"":{""read"":true},""role:Administrator"":{""read"":true,""write"":true}}",Jaded Existence,Tue Jan 14 2020 21:16:21 GMT-0500 (Eastern Standard Time),,Ravnos,,3,,,,,,,,,,,50,,,,Tue Jan 14 2020 21:16:21 GMT-0500 (Eastern Standard Time),,,,,merits
8u7CTxImMI,,,,,,"{""*"":{""read"":true},""role:Administrator"":{""read"":true,""write"":true}}",Thanatosis,Tue Jan 14 2020 21:16:18 GMT-0500 (Eastern Standard Time),,,,,,,,,,,,,,,,,,,Tue Jan 14 2020 21:16:18 GMT-0500 (Eastern Standard Time),,,,,extra_in_clan_disciplines
8vhLIlEhKW,,,,,,"{""*"":{""read"":true},""role:Administrator"":{""read"":true,""write"":true}}",Loremaster,Tue Jan 14 2020 21:16:21 GMT-0500 (Eastern Standard Time),,,,1,,Assign 2 Lore specializations per dot of the Lore skill.,,,,,,,,,,,,General,Tue Jan 14 2020 21:16:21 GMT-0500 (Eastern Standard Time),,,,,merits
8w5Nxz0ZEC,,,,,,"{""*"":{""read"":true},""role:Administrator"":{""read"":true,""write"":true}}",Empire of Skies,Tue Jan 14 2020 21:16:12 GMT-0500 (Eastern Standard Time),,,,,,,,,,,,,,,,,,,Tue Jan 14 2020 21:16:12 GMT-0500 (Eastern Standard Time),,,,,ctdbs_kith_group_types
8x0trKmI8u,,,,No,,"{""*"":{""read"":true},""role:Administrator"":{""read"":true,""write"":true}}",Rank,Tue Jan 14 2020 21:16:25 GMT-0500 (Eastern Standard Time),,,,,,,,,,,,,,No,,,,,Tue Jan 14 2020 21:16:25 GMT-0500 (Eastern Standard Time),,,,,wta_backgrounds
8x9yGUG5TB,,Daughters of Cacophony,,,,"{""*"":{""read"":true},""role:Administrator"":{""read"":true,""write"":true}}",Supernatural Aria,Tue Jan 14 2020 21:16:22 GMT-0500 (Eastern Standard Time),,,,1,,Increase maximum level of Performance by 3.,,,,,,,,,,,,Clan,Tue Jan 14 2020 21:16:22 GMT-0500 (Eastern Standard Time),,,,,merits
8xlPfl6GEm,,,,,,"{""*"":{""read"":true},""role:Administrator"":{""read"":true,""write"":true}}",Slippery Customer,Tue Jan 14 2020 21:16:15 GMT-0500 (Eastern Standard Time),,,,2,,,,,,,,,,,,,,,Tue Jan 14 2020 21:16:15 GMT-0500 (Eastern Standard Time),,,,,ctdbs_merits
90poC0lEsR,,,,,,"{""*"":{""read"":true},""role:Administrator"":{""read"":true,""write"":true}}",Sabbat,Sat Feb 14 2026 18:17:01 GMT-0500 (Eastern Standard Time),,,,,,,,,,,,,,,,,,,Tue Jan 14 2020 21:16:23 GMT-0500 (Eastern Standard Time),,,,,sects
94qCFriuG6,,,,,,"{""*"":{""read"":true},""role:Administrator"":{""read"":true,""write"":true}}",Mediator,Tue Jan 14 2020 21:16:09 GMT-0500 (Eastern Standard Time),,,,,,,,,,,,,,,,,,,Tue Jan 14 2020 21:16:09 GMT-0500 (Eastern Standard Time),,,,,archetype_2
97c5kSzzNX,,,,,,"{""*"":{""read"":true},""role:Administrator"":{""read"":true,""write"":true}}",Cannot Cross Running Water,Tue Jan 14 2020 21:16:18 GMT-0500 (Eastern Standard Time),,,,2,,Cannot cross a moving body of water 3 feet or larger across w/o spending 1 Willpower. Willpower is not regained w/o rest for a full day.,,,,,,,,,,,,General,Tue Jan 14 2020 21:16:18 GMT-0500 (Eastern Standard Time),,,,,flaws
990xeq11eK,,,,,,"{""*"":{""read"":true},""role:Administrator"":{""read"":true,""write"":true}}",Lilith,Tue Jan 14 2020 21:16:22 GMT-0500 (Eastern Standard Time),11,,,,,,,,,,,,,,,,,,Tue Jan 14 2020 21:16:22 GMT-0500 (Eastern Standard Time),,,,,paths
999UcDUedT,,,,,,"{""*"":{""read"":true},""role:Administrator"":{""read"":true,""write"":true}}",Necromancy: Sepulchre Path,Sun Jan 26 2020 15:30:50 GMT-0500 (Eastern Standard Time),,,,,,,,,,,,,,,,,,,Tue Jan 14 2020 21:16:16 GMT-0500 (Eastern Standard Time),,,,,disciplines
9B1aHpbdfo,,,,,,"{""*"":{""read"":true},""role:Administrator"":{""read"":true,""write"":true}}",Seasoned Traveler,Tue Jan 14 2020 21:16:22 GMT-0500 (Eastern Standard Time),,Gangrel,,1,,,,,,,,,,,29,,,,Tue Jan 14 2020 21:16:22 GMT-0500 (Eastern Standard Time),,,,,merits
9D1xsL3Axy,,,,,,"{""*"":{""read"":true},""role:Administrator"":{""read"":true,""write"":true}}",Insane Ancestor,Tue Jan 14 2020 21:16:27 GMT-0500 (Eastern Standard Time),,,,4,,,,,,,,,,,,,,,Tue Jan 14 2020 21:16:27 GMT-0500 (Eastern Standard Time),,,,,wta_flaws
9DwsKYyQKv,,,,,,"{""*"":{""read"":true},""role:Administrator"":{""read"":true,""write"":true}}",Physics,Tue Jan 14 2020 21:16:09 GMT-0500 (Eastern Standard Time),1,,,,,,,,,,,,,,,,,,Tue Jan 14 2020 21:16:09 GMT-0500 (Eastern Standard Time),,,,,academics_specializations
9F8vIfP0i4,,,,,,"{""*"":{""read"":true},""role:Administrator"":{""read"":true,""write"":true}}",Diva,Tue Jan 14 2020 21:16:21 GMT-0500 (Eastern Standard Time),,Daughters of Cacophony,,2,,,,,,,,,,,53-54,,,,Tue Jan 14 2020 21:16:21 GMT-0500 (Eastern Standard Time),,,,,merits
9GwyK87QET,,,,,,"{""*"":{""read"":true},""role:Administrator"":{""read"":true,""write"":true}}",Flaming,Tue Jan 14 2020 21:16:31 GMT-0500 (Eastern Standard Time),,,Melee,,,,,,,,,,,,,,,,Tue Jan 14 2020 21:16:31 GMT-0500 (Eastern Standard Time),,,,,wta_item_traits
9Km4GHfaFe,,Silver Fangs,,,,"{""*"":{""read"":true},""role:Administrator"":{""read"":true,""write"":true}}",The Moon Lodge,Tue Jan 14 2020 21:16:26 GMT-0500 (Eastern Standard Time),,,,,,,,,,,,,,,,,,,Tue Jan 14 2020 21:16:26 GMT-0500 (Eastern Standard Time),,,,,wta_camps
9LXikWWzuQ,,,,,,"{""*"":{""read"":true},""role:Administrator"":{""read"":true,""write"":true}}",Fanatic,Tue Jan 14 2020 21:16:09 GMT-0500 (Eastern Standard Time),,,,,,,,,,,,,,,,,,,Tue Jan 14 2020 21:16:09 GMT-0500 (Eastern Standard Time),,,,,archetype_2
9MtbooxE8C,,,,,,"{""*"":{""read"":true},""role:Administrator"":{""read"":true,""write"":true}}",Dementation,Sun Jan 26 2020 15:30:50 GMT-0500 (Eastern Standard Time),,,,,,,,,,,,,,,,,,,Tue Jan 14 2020 21:16:16 GMT-0500 (Eastern Standard Time),,,,,disciplines
9NvDhPEkvz,,,,,,"{""*"":{""read"":true},""role:Administrator"":{""read"":true,""write"":true}}",Impatient,Tue Jan 14 2020 21:16:12 GMT-0500 (Eastern Standard Time),,,,2,,,,,,,,,,,,,,,Tue Jan 14 2020 21:16:12 GMT-0500 (Eastern Standard Time),,,,,ctdbs_flaws
9PICo8qucW,,,,,,"{""*"":{""read"":true},""role:Administrator"":{""read"":true,""write"":true}}",Ananasi,Tue Jan 14 2020 21:16:33 GMT-0500 (Eastern Standard Time),15,,Kumoti (Wyld),,Tenere (Weaver),Blood Dependency ,Hatar (Wyrm),,,,,,,,,,,,Tue Jan 14 2020 21:16:33 GMT-0500 (Eastern Standard Time),,,,,wta_tribes
9TMBzWJRmV,,,Sabbat,,,"{""*"":{""read"":true},""role:Administrator"":{""read"":true,""write"":true}}",Annointed,Thu Feb 13 2020 22:50:12 GMT-0500 (Eastern Standard Time),,,,,,,,,,,,,,,,,,Fleeting,Tue Jan 14 2020 21:16:23 GMT-0500 (Eastern Standard Time),,,,,status_traits
9XBUYFLg7O,,,,,,"{""*"":{""read"":true},""role:Administrator"":{""read"":true,""write"":true}}",Ephemeris,Tue Jan 14 2020 21:16:25 GMT-0500 (Eastern Standard Time),17,,,,,,,,,,,,,,,,,,Tue Jan 14 2020 21:16:25 GMT-0500 (Eastern Standard Time),,,,,vampiric_texts
9Y9vHc8uJa,,Ratkin,,,,"{""*"":{""read"":true},""role:Administrator"":{""read"":true,""write"":true}}",Pack Rat,Tue Jan 14 2020 21:16:32 GMT-0500 (Eastern Standard Time),,,,3,,,,,,,,,,,,,,Fera,Tue Jan 14 2020 21:16:32 GMT-0500 (Eastern Standard Time),,,,,wta_merits
9YPa7lwQ3q,,,,,,"{""*"":{""read"":true},""role:Administrator"":{""read"":true,""write"":true}}",Motor Boats,Tue Jan 14 2020 21:16:16 GMT-0500 (Eastern Standard Time),1,,,,,,,,,,,,,,,,,,Tue Jan 14 2020 21:16:16 GMT-0500 (Eastern Standard Time),,,,,drive_specializations
9aFmAytUH3,,,,,,"{""*"":{""read"":true},""role:Administrator"":{""read"":true,""write"":true}}",Fervent Iconoclast,Tue Jan 14 2020 21:16:21 GMT-0500 (Eastern Standard Time),,Brujah,,3,,,,,,,,,,,25-26,,,,Tue Jan 14 2020 21:16:21 GMT-0500 (Eastern Standard Time),,,,,merits
9cJ5r43FIt,,,,,,"{""*"":{""read"":true},""role:Administrator"":{""read"":true,""write"":true}}",Snake Den,Tue Jan 14 2020 21:16:24 GMT-0500 (Eastern Standard Time),,,,,,,,,,,,,,,,,,,Tue Jan 14 2020 21:16:24 GMT-0500 (Eastern Standard Time),,,,,techniques
9dKkOkG8tQ,,,,,,"{""*"":{""read"":true},""role:Administrator"":{""read"":true,""write"":true}}",Pack Link,Tue Jan 14 2020 21:16:33 GMT-0500 (Eastern Standard Time),,,,,,,,,,,,,,,,,,,Tue Jan 14 2020 21:16:33 GMT-0500 (Eastern Standard Time),,,,,wta_totem_bonus_traits
9dzsb1daey,,,,,,"{""*"":{""read"":true},""role:Administrator"":{""read"":true,""write"":true}}",Falling Touch,Tue Jan 14 2020 21:16:28 GMT-0500 (Eastern Standard Time),,,,2,,,,,,,,,Manipulation,,,Yes,Ragabash,General,Tue Jan 14 2020 21:16:28 GMT-0500 (Eastern Standard Time),Ahroun,,,,wta_gifts
9g1ccuAH2F,,,,,,"{""*"":{""read"":true},""role:Administrator"":{""read"":true,""write"":true}}",Spirit Vessel,Tue Jan 14 2020 21:16:30 GMT-0500 (Eastern Standard Time),,,,5,,,,,,,,,Intelligence,,,No,Theurge,General,Tue Jan 14 2020 21:16:30 GMT-0500 (Eastern Standard Time),Ahroun,,Lupus,,wta_gifts
9g8Q7DT80F,,,,,,"{""*"":{""read"":true},""role:Administrator"":{""read"":true,""write"":true}}",Spellslinger,Tue Jan 14 2020 21:16:22 GMT-0500 (Eastern Standard Time),,Tremere,,3,,,,,,,,,,,42,,,,Tue Jan 14 2020 21:16:22 GMT-0500 (Eastern Standard Time),,,,,merits
9hMJlHhwoT,,,,,,"{""*"":{""read"":true},""role:Administrator"":{""read"":true,""write"":true}}",Badger's Hide,Tue Jan 14 2020 21:16:24 GMT-0500 (Eastern Standard Time),,,,,,,,,,,,,,,,,,,Tue Jan 14 2020 21:16:24 GMT-0500 (Eastern Standard Time),,,,,techniques
9i8LrHnX8k,,,,,,"{""*"":{""read"":true},""role:Administrator"":{""read"":true,""write"":true}}",Iron Scales,Tue Jan 14 2020 21:16:21 GMT-0500 (Eastern Standard Time),,Followers of SetViper,,2,,,,,,,,,,,28,,,,Tue Jan 14 2020 21:16:21 GMT-0500 (Eastern Standard Time),,,,,merits
9jckhVAYHX,,,,,,"{""*"":{""read"":true},""role:Administrator"":{""read"":true,""write"":true}}",Childlike,Tue Jan 14 2020 21:16:18 GMT-0500 (Eastern Standard Time),,,,4,,Starting Physical Attribute max of 5 instead of 10.,,,,,,,,,,,,General,Tue Jan 14 2020 21:16:18 GMT-0500 (Eastern Standard Time),,,,,flaws
9kiCAW4sIa,,,,,,"{""*"":{""read"":true},""role:Administrator"":{""read"":true,""write"":true}}",Vozhd,Tue Jan 14 2020 21:16:22 GMT-0500 (Eastern Standard Time),,Tzimisce,,3,,,,,,,,,,,43,,,,Tue Jan 14 2020 21:16:22 GMT-0500 (Eastern Standard Time),,,,,merits
9lisVt31Em,,,,,,"{""*"":{""read"":true},""role:Administrator"":{""read"":true,""write"":true}}",Bloodline: Ishtarri,Tue Jan 14 2020 21:16:20 GMT-0500 (Eastern Standard Time),,,,2,,,,,,,,,,,,,,,Tue Jan 14 2020 21:16:20 GMT-0500 (Eastern Standard Time),,,,,merits
9njEwqne5P,,,,,,"{""*"":{""read"":true},""role:Administrator"":{""read"":true,""write"":true}}",Portugese,Sat Feb 14 2026 18:11:48 GMT-0500 (Eastern Standard Time),1,,,,,,,,,,,,,,,,,,Tue Jan 14 2020 21:16:19 GMT-0500 (Eastern Standard Time),,,,,linguistics_specializations
9nmRRgE439,,,,,,"{""*"":{""read"":true},""role:Administrator"":{""read"":true,""write"":true}}",Calm the Heart,Tue Jan 14 2020 21:16:28 GMT-0500 (Eastern Standard Time),,,,2,,,,,,,,,Appearance,,,Yes,Ragabash,General,Tue Jan 14 2020 21:16:28 GMT-0500 (Eastern Standard Time),Galliard,,,,wta_gifts
9nnCdsrcQc,,,,,,"{""*"":{""read"":true},""role:Administrator"":{""read"":true,""write"":true}}",Former Double Agent,Tue Jan 14 2020 21:16:13 GMT-0500 (Eastern Standard Time),,,,3,,,,,,,,,,,,,,,Tue Jan 14 2020 21:16:13 GMT-0500 (Eastern Standard Time),,,,,ctdbs_merits
9qaDBADXcO,,,,,,"{""*"":{""read"":true},""role:Administrator"":{""read"":true,""write"":true}}",Social Elite,Tue Jan 14 2020 21:16:22 GMT-0500 (Eastern Standard Time),,Lasombra,,1,,,,,,,,,,,34,,,,Tue Jan 14 2020 21:16:22 GMT-0500 (Eastern Standard Time),,,,,merits
9tWfRdxFJE,,,,,,"{""*"":{""read"":true},""role:Administrator"":{""read"":true,""write"":true}}",Airt Perception,Tue Jan 14 2020 21:16:28 GMT-0500 (Eastern Standard Time),,,,1,,,,,,,,,Perception,,,Yes,Ragabash,General,Tue Jan 14 2020 21:16:28 GMT-0500 (Eastern Standard Time),Theurge,,,,wta_gifts
9uck6XcBUG,,,,,,"{""*"":{""read"":true},""role:Administrator"":{""read"":true,""write"":true}}",Staking,Tue Jan 14 2020 21:16:31 GMT-0500 (Eastern Standard Time),,,Melee,,Ranged,,,,,,,,,,,,,,Tue Jan 14 2020 21:16:31 GMT-0500 (Eastern Standard Time),,,,,wta_item_traits
9vSBfiyxOW,,,,,,"{""*"":{""read"":true},""role:Administrator"":{""read"":true,""write"":true}}",Thaumaturgy: Scry,Tue Jan 14 2020 21:16:23 GMT-0500 (Eastern Standard Time),,,,4,,,,,,,,,,,,,,,Tue Jan 14 2020 21:16:23 GMT-0500 (Eastern Standard Time),,,,,rituals
9zVQpOqY8L,,,,,,"{""*"":{""read"":true},""role:Administrator"":{""read"":true,""write"":true}}",Fast,Tue Jan 14 2020 21:16:26 GMT-0500 (Eastern Standard Time),,,,3,Talen,,,,,,,,,,,,,,Tue Jan 14 2020 21:16:26 GMT-0500 (Eastern Standard Time),,,,,wta_fetish_traits
A06OKKH0C5,,,,,,"{""*"":{""read"":true},""role:Administrator"":{""read"":true,""write"":true}}",Shadow King,Sun Feb 15 2026 13:14:11 GMT-0500 (Eastern Standard Time),,,,,,,,,,,,,,,,,,Lasombra,Thu Feb 13 2020 22:47:32 GMT-0500 (Eastern Standard Time),,,,,titles
A1N9CALSqH,,,,,,"{""*"":{""read"":true},""role:Administrator"":{""read"":true,""write"":true}}",Moshir,Sun Feb 15 2026 13:14:10 GMT-0500 (Eastern Standard Time),,,,,,,,,,,,,,,,,,Followers of Set,Thu Feb 13 2020 22:47:30 GMT-0500 (Eastern Standard Time),,,,,titles
A1lYGrSCVj,,,,,,"{""*"":{""read"":true},""role:Administrator"":{""read"":true,""write"":true}}",Meager Instincts,Tue Jan 14 2020 21:16:27 GMT-0500 (Eastern Standard Time),,,,2,,,,,,,,,,,,,,,Tue Jan 14 2020 21:16:27 GMT-0500 (Eastern Standard Time),,,,,wta_flaws
A22XQk5pn7,,,,,,"{""*"":{""read"":true},""role:Administrator"":{""read"":true,""write"":true}}",Space sciences,Tue Jan 14 2020 21:16:09 GMT-0500 (Eastern Standard Time),1,,,,,,,,,,,,,,,,,,Tue Jan 14 2020 21:16:09 GMT-0500 (Eastern Standard Time),,,,,academics_specializations
A2NrAdhrYl,,,,,,"{""*"":{""read"":true},""role:Administrator"":{""read"":true,""write"":true}}",Automatic,Tue Jan 14 2020 21:16:30 GMT-0500 (Eastern Standard Time),,,,,Ranged,,,,,,,,,,,,,,Tue Jan 14 2020 21:16:30 GMT-0500 (Eastern Standard Time),,,,,wta_item_traits
A3EjfiQnk0,,,,,,"{""*"":{""read"":true},""role:Administrator"":{""read"":true,""write"":true}}",Assamite,Sun Mar 01 2020 22:37:45 GMT-0500 (Eastern Standard Time),1,,,,,,,,,,,,,,,,,,Tue Jan 14 2020 21:16:20 GMT-0500 (Eastern Standard Time),,,,,lore_specializations
A3jnvnyxfI,,,,,,"{""*"":{""read"":true},""role:Administrator"":{""read"":true,""write"":true}}",Disruptive,Tue Jan 14 2020 21:16:26 GMT-0500 (Eastern Standard Time),,,,2,,,,Weapon,,,,,,,,,,,Tue Jan 14 2020 21:16:26 GMT-0500 (Eastern Standard Time),,,,,wta_fetish_traits
A5AjQA4FKt,,,,,,"{""*"":{""read"":true},""role:Administrator"":{""read"":true,""write"":true}}",Dodge,Tue Jan 14 2020 21:16:23 GMT-0500 (Eastern Standard Time),0,,,,,,,,,,,,,,unknown,,,,Tue Jan 14 2020 21:16:23 GMT-0500 (Eastern Standard Time),,,,,skills
A623YTylf0,,,,,,"{""*"":{""read"":true},""role:Administrator"":{""read"":true,""write"":true}}",Iron Heart,Tue Jan 14 2020 21:16:14 GMT-0500 (Eastern Standard Time),,,,1,,,,,,,,,,,,,,,Tue Jan 14 2020 21:16:14 GMT-0500 (Eastern Standard Time),,,,,ctdbs_merits
A6kDNMh1ik,,,,,,"{""*"":{""read"":true},""role:Administrator"":{""read"":true,""write"":true}}",Harpy,Sun Feb 15 2026 13:14:10 GMT-0500 (Eastern Standard Time),,,,,,,,,,,,,,,,,,Camarilla,Tue Jan 14 2020 21:16:25 GMT-0500 (Eastern Standard Time),,,,,titles
ABWepxzZrm,,,,,,"{""*"":{""read"":true},""role:Administrator"":{""read"":true,""write"":true}}",Philodox,Tue Jan 14 2020 21:16:25 GMT-0500 (Eastern Standard Time),,,Academics,,Intimidation,,,Leadership,Investigation,,,,,,,,,,Tue Jan 14 2020 21:16:25 GMT-0500 (Eastern Standard Time),,,,,wta_auspices
ABoWfJCkkP,,,,,,"{""*"":{""read"":true},""role:Administrator"":{""read"":true,""write"":true}}",Guards,Tue Jan 14 2020 21:16:19 GMT-0500 (Eastern Standard Time),0,,,,,,,,,,,,,,,,,,Tue Jan 14 2020 21:16:19 GMT-0500 (Eastern Standard Time),,,,,haven_specializations
ADWva9BGfH,,Kitsune,,,,"{""*"":{""read"":true},""role:Administrator"":{""read"":true,""write"":true}}",Inari's Messengers,Tue Jan 14 2020 21:16:26 GMT-0500 (Eastern Standard Time),,,,,,,,,,,,,,,,,,,Tue Jan 14 2020 21:16:26 GMT-0500 (Eastern Standard Time),,,,,wta_camps
ADz41J6k2n,,,,,,"{""*"":{""read"":true},""role:Administrator"":{""read"":true,""write"":true}}",Chivalry,Tue Jan 14 2020 21:16:22 GMT-0500 (Eastern Standard Time),4,,,,,,,,,,,,,,,,,,Tue Jan 14 2020 21:16:22 GMT-0500 (Eastern Standard Time),,,,,paths
AF607LWM85,,,,,,"{""*"":{""read"":true},""role:Administrator"":{""read"":true,""write"":true}}",Auspex,Tue Jan 14 2020 21:16:17 GMT-0500 (Eastern Standard Time),,,,,,,,,,,,,,,,,,,Tue Jan 14 2020 21:16:17 GMT-0500 (Eastern Standard Time),,,,,extra_in_clan_disciplines
AFELDzSkcm,,,,,,"{""*"":{""read"":true},""role:Administrator"":{""read"":true,""write"":true}}",Ratkin,Tue Jan 14 2020 21:16:33 GMT-0500 (Eastern Standard Time),21,,Munchmausen,,Twitchers,Permanent Derangement ,Engineers,,,,,,,,,,,,Tue Jan 14 2020 21:16:33 GMT-0500 (Eastern Standard Time),,,,,wta_tribes
AFwUVoIhkg,,,,,,"{""*"":{""read"":true},""role:Administrator"":{""read"":true,""write"":true}}",Grand Inquisitor,Sun Feb 15 2026 13:14:10 GMT-0500 (Eastern Standard Time),,,,,,,,,,,,,,,,,,Sabbat,Tue Jan 14 2020 21:16:25 GMT-0500 (Eastern Standard Time),,,,,titles
AHakuoMakt,,,,,,"{""*"":{""read"":true},""role:Administrator"":{""read"":true,""write"":true}}",Abrupt Internment,Tue Jan 14 2020 21:16:24 GMT-0500 (Eastern Standard Time),,,,,,,,,,,,,,,,,,,Tue Jan 14 2020 21:16:24 GMT-0500 (Eastern Standard Time),,,,,techniques
AM028te1sK,,Assamite,,,,"{""*"":{""read"":true},""role:Administrator"":{""read"":true,""write"":true}}",Awakening the Steel,Tue Jan 14 2020 21:16:20 GMT-0500 (Eastern Standard Time),,,,3,,Spend 1 blood to summon your blade or reform it when broken.,,,,,,,,,,,,Clan,Tue Jan 14 2020 21:16:20 GMT-0500 (Eastern Standard Time),,,,,merits
ATozDDpss1,,,,,,"{""*"":{""read"":true},""role:Administrator"":{""read"":true,""write"":true}}",Resources,Tue Jan 14 2020 21:16:12 GMT-0500 (Eastern Standard Time),,,,,,,,,,,,,,,,,,,Tue Jan 14 2020 21:16:12 GMT-0500 (Eastern Standard Time),,,,,ctdbs_backgrounds
AZzypmfTtq,,,,,,"{""*"":{""read"":true},""role:Administrator"":{""read"":true,""write"":true}}",Fortitude,Tue Jan 14 2020 21:16:17 GMT-0500 (Eastern Standard Time),,,,,,,,,,,,,,,,,,,Tue Jan 14 2020 21:16:17 GMT-0500 (Eastern Standard Time),,,,,extra_in_clan_disciplines
AdAimTIFBg,,,,,,"{""*"":{""read"":true},""role:Administrator"":{""read"":true,""write"":true}}",Wolf Senses,Tue Jan 14 2020 21:16:30 GMT-0500 (Eastern Standard Time),,,,1,,,,,,,,,Perception,,,Yes,Theurge,General,Tue Jan 14 2020 21:16:30 GMT-0500 (Eastern Standard Time),Lupus,,,,wta_gifts
Ag7PvfsMmb,,Malkavian,,,,"{""*"":{""read"":true},""role:Administrator"":{""read"":true,""write"":true}}",Expanded Consciousness,Tue Jan 14 2020 21:16:21 GMT-0500 (Eastern Standard Time),,,,1,,Gain second Mental attribute focus.,,,,,,,,,,,,Clan,Tue Jan 14 2020 21:16:21 GMT-0500 (Eastern Standard Time),,,,,merits
Ai6oOaIUpj,,,,,,"{""*"":{""read"":true},""role:Administrator"":{""read"":true,""write"":true}}",Thaumaturgy: Path of Elemental Mastery,Sun Jan 26 2020 15:30:50 GMT-0500 (Eastern Standard Time),,,,,,,,,,,,,,,,,,,Tue Jan 14 2020 21:16:16 GMT-0500 (Eastern Standard Time),,,,,disciplines
AjjrrHA3M9,,,,,,"{""*"":{""read"":true},""role:Administrator"":{""read"":true,""write"":true}}",Past Lives,Tue Jan 14 2020 21:16:15 GMT-0500 (Eastern Standard Time),,,,2,,,,,,,,,,,,,,,Tue Jan 14 2020 21:16:15 GMT-0500 (Eastern Standard Time),,,,,ctdbs_merits
AlkLs6mAnV,,,,,,"{""*"":{""read"":true},""role:Administrator"":{""read"":true,""write"":true}}",Weak-Willed,Tue Jan 14 2020 21:16:19 GMT-0500 (Eastern Standard Time),,,,3,,Cannot spend Willpower to retest resisting Dominate and Dementation.,,,,,,,,,,,,General,Tue Jan 14 2020 21:16:19 GMT-0500 (Eastern Standard Time),,,,,flaws
AlvGZfvOnl,,Get of Fenris,,,,"{""*"":{""read"":true},""role:Administrator"":{""read"":true,""write"":true}}",Fangs of Garm,Tue Jan 14 2020 21:16:25 GMT-0500 (Eastern Standard Time),,,,,,,,,,,,,,,,,,,Tue Jan 14 2020 21:16:25 GMT-0500 (Eastern Standard Time),,,,,wta_camps
AqlEyMnJgO,,,,,,"{""*"":{""read"":true},""role:Administrator"":{""read"":true,""write"":true}}",Obtenebration: Shadowstep,Tue Jan 14 2020 21:16:17 GMT-0500 (Eastern Standard Time),,,,,,,,,,,,,,,,,,,Tue Jan 14 2020 21:16:17 GMT-0500 (Eastern Standard Time),,,,,elder_disciplines
As4rnPUaY7,,Kitsune,,,,"{""*"":{""read"":true},""role:Administrator"":{""read"":true,""write"":true}}",The Wheel,Tue Jan 14 2020 21:16:26 GMT-0500 (Eastern Standard Time),,,,,,,,,,,,,,,,,,,Tue Jan 14 2020 21:16:26 GMT-0500 (Eastern Standard Time),,,,,wta_camps
At2ac7Iytv,,,,,,"{""*"":{""read"":true},""role:Administrator"":{""read"":true,""write"":true}}",Touched by an Angel,Tue Jan 14 2020 21:16:22 GMT-0500 (Eastern Standard Time),,Salubri Healer,,2,,,,,,,,,,,53,,,,Tue Jan 14 2020 21:16:22 GMT-0500 (Eastern Standard Time),,,,,merits
AuQDzJjdQm,,,,,,"{""*"":{""read"":true},""role:Administrator"":{""read"":true,""write"":true}}",Enhanced Lupus Form,Tue Jan 14 2020 21:16:31 GMT-0500 (Eastern Standard Time),,,,1,,,,,,,,,,,,,,General,Tue Jan 14 2020 21:16:31 GMT-0500 (Eastern Standard Time),,,,,wta_merits
Av895LDVmU,,,,,,"{""*"":{""read"":true},""role:Administrator"":{""read"":true,""write"":true}}",Giovanni: Premascine,Tue Aug 31 2021 02:28:48 GMT-0400 (Eastern Daylight Time),,,,,,,,,,,,,,,,,,,Tue Jan 14 2020 21:16:11 GMT-0500 (Eastern Standard Time),,,,,clans
AvjEJ2w3vz,,,,,,"{""*"":{""read"":true},""role:Administrator"":{""read"":true,""write"":true}}",Accurate,Tue Jan 14 2020 21:16:30 GMT-0500 (Eastern Standard Time),,,Melee,,Ranged,,,,,Talen,,,,,,,,,Tue Jan 14 2020 21:16:30 GMT-0500 (Eastern Standard Time),,,,,wta_item_traits
AwI7y3tIyV,,,,,,"{""*"":{""read"":true},""role:Administrator"":{""read"":true,""write"":true}}",House Eiluned,Tue Jan 14 2020 21:16:16 GMT-0500 (Eastern Standard Time),,,,,,,,,,,,,,,,,,,Tue Jan 14 2020 21:16:16 GMT-0500 (Eastern Standard Time),,,,,ctdbs_noble_houses
AylmBReNny,,,Sabbat,,,"{""*"":{""read"":true},""role:Administrator"":{""read"":true,""write"":true}}",Purified,Thu Feb 13 2020 22:50:15 GMT-0500 (Eastern Standard Time),,,,,,,,,,,,,,,,,,Innate,Tue Jan 14 2020 21:16:24 GMT-0500 (Eastern Standard Time),,,,,status_traits
AzmpZkyyVY,,,,,,"{""*"":{""read"":true},""role:Administrator"":{""read"":true,""write"":true}}",Prey Exclusion,Tue Jan 14 2020 21:16:18 GMT-0500 (Eastern Standard Time),,,,1,,"Cannot feed from (or gain sustenance from) a specific type of mortal. If other vampires are seen feeding from this group, character must attempt to stop them. Gains Beat trait if fails to stop them. Cannot be taken by Ventrue or Ventrue Bloodlines.",,,,,,,,,,,,General,Tue Jan 14 2020 21:16:18 GMT-0500 (Eastern Standard Time),,,,,flaws
B1pYDCKROt,,Black Furies,,,,"{""*"":{""read"":true},""role:Administrator"":{""read"":true,""write"":true}}",Sisters in Arms,Tue Jan 14 2020 21:16:32 GMT-0500 (Eastern Standard Time),,,,1,,,,,,,,,,,,,,Tribal,Tue Jan 14 2020 21:16:32 GMT-0500 (Eastern Standard Time),,,,,wta_merits
B1vV1zXqH8,,,,,,"{""*"":{""read"":true},""role:Administrator"":{""read"":true,""write"":true}}",Umbral Realm Affinity,Tue Jan 14 2020 21:16:32 GMT-0500 (Eastern Standard Time),,requires_specialization,,3,,,,,,,,,,,,,,General,Tue Jan 14 2020 21:16:32 GMT-0500 (Eastern Standard Time),,,,,wta_merits
B2IpSEhIew,,,,,,"{""*"":{""read"":true},""role:Administrator"":{""read"":true,""write"":true}}",Ronin,Tue Jan 14 2020 21:16:33 GMT-0500 (Eastern Standard Time),1,,,,,,,,,,,,,,,,,,Tue Jan 14 2020 21:16:33 GMT-0500 (Eastern Standard Time),,,,,wta_monikers
B4msECcP3h,,,,,,"{""*"":{""read"":true},""role:Administrator"":{""read"":true,""write"":true}}",Rugged,Tue Jan 14 2020 21:16:31 GMT-0500 (Eastern Standard Time),,,,,,,Armor,,,,,,,,,,,,Tue Jan 14 2020 21:16:31 GMT-0500 (Eastern Standard Time),,,,,wta_item_traits
B69yyA7a1h,,,,,,"{""*"":{""read"":true},""role:Administrator"":{""read"":true,""write"":true}}",Loner,Tue Jan 14 2020 21:16:10 GMT-0500 (Eastern Standard Time),,,,,,,,,,,,,,,,,,,Tue Jan 14 2020 21:16:10 GMT-0500 (Eastern Standard Time),,,,,archetypes
B7ngZtT0Ae,,,,,,"{""*"":{""read"":true},""role:Administrator"":{""read"":true,""write"":true}}",Luck of the Damned,Tue Jan 14 2020 21:16:21 GMT-0500 (Eastern Standard Time),,GangrelCoyote,,2,,,,,,,,,,,32,,,,Tue Jan 14 2020 21:16:21 GMT-0500 (Eastern Standard Time),,,,,merits
B7oifIgLDM,,,,,,"{""*"":{""read"":true},""role:Administrator"":{""read"":true,""write"":true}}",Tzimisce,Sun Mar 01 2020 22:37:46 GMT-0500 (Eastern Standard Time),1,,,,,,,,,,,,,,,,,,Tue Jan 14 2020 21:16:20 GMT-0500 (Eastern Standard Time),,,,,lore_specializations
B8U5Zh2pDI,,,Camarilla,,,"{""*"":{""read"":true},""role:Administrator"":{""read"":true,""write"":true}}",Sovereign,Thu Feb 13 2020 22:50:15 GMT-0500 (Eastern Standard Time),,,,,,,,,,,,,,,,,,Abiding,Tue Jan 14 2020 21:16:24 GMT-0500 (Eastern Standard Time),,,,,status_traits
BA7U8S4ZZe,,,,,,"{""*"":{""read"":true},""role:Administrator"":{""read"":true,""write"":true}}",Ventrue Royalty,Tue Jan 14 2020 21:16:22 GMT-0500 (Eastern Standard Time),,Ventrue ,,2,,,,,,,,,,,45,,,,Tue Jan 14 2020 21:16:22 GMT-0500 (Eastern Standard Time),,,,,merits
BBAmT4CpWN,,,,,,"{""*"":{""read"":true},""role:Administrator"":{""read"":true,""write"":true}}",Child,Tue Jan 14 2020 21:16:09 GMT-0500 (Eastern Standard Time),,,,,,,,,,,,,,,,,,,Tue Jan 14 2020 21:16:09 GMT-0500 (Eastern Standard Time),,,,,archetype_2
BCXfNNXPOR,,,,,,"{""*"":{""read"":true},""role:Administrator"":{""read"":true,""write"":true}}",Long Fins,Tue Jan 14 2020 21:16:27 GMT-0500 (Eastern Standard Time),,,,,,Homid breed may vent rage quicker; tool user,,,,,,,,,,,,Rokea,Tue Jan 14 2020 21:16:27 GMT-0500 (Eastern Standard Time),,,,,wta_forms
BDpuCrg5f9,,Glass Walkers,,,,"{""*"":{""read"":true},""role:Administrator"":{""read"":true,""write"":true}}",Weaver's Specter,Tue Jan 14 2020 21:16:32 GMT-0500 (Eastern Standard Time),,,,2,,,,,,,,,,,,,,Tribal,Tue Jan 14 2020 21:16:32 GMT-0500 (Eastern Standard Time),,,,,wta_merits
BE9vgWolsJ,,,,,,"{""*"":{""read"":true},""role:Administrator"":{""read"":true,""write"":true}}",Silver Claws,Tue Jan 14 2020 21:16:29 GMT-0500 (Eastern Standard Time),,,,2,,,,,,,,,Wits,,,No,Silver Fangs,Tribal,Tue Jan 14 2020 21:16:29 GMT-0500 (Eastern Standard Time),,,,,wta_gifts
BFMdli6gNd,,,,,,"{""*"":{""read"":true},""role:Administrator"":{""read"":true,""write"":true}}",Library,Tue Jan 14 2020 21:16:19 GMT-0500 (Eastern Standard Time),1,,,,,,,,,,,,,,,,,,Tue Jan 14 2020 21:16:19 GMT-0500 (Eastern Standard Time),,,,,haven_specializations
BFUQC4f9dD,,,,,,"{""*"":{""read"":true},""role:Administrator"":{""read"":true,""write"":true}}",Trackless Wastes,Tue Jan 14 2020 21:16:30 GMT-0500 (Eastern Standard Time),,,,3,,,,,,,,,Perception,,,No,Red Talonss,Tribal,Tue Jan 14 2020 21:16:30 GMT-0500 (Eastern Standard Time),,,,,wta_gifts
BHm3hLwFi0,,,,,,"{""*"":{""read"":true},""role:Administrator"":{""read"":true,""write"":true}}",Land Locked,Tue Jan 14 2020 21:16:27 GMT-0500 (Eastern Standard Time),,,,3,,,,,,,,,,,,,,,Tue Jan 14 2020 21:16:27 GMT-0500 (Eastern Standard Time),,,,,wta_flaws
BHuvVczYlL,,,,,,"{""*"":{""read"":true},""role:Administrator"":{""read"":true,""write"":true}}",Systems Sciences,Tue Jan 14 2020 21:16:09 GMT-0500 (Eastern Standard Time),1,,,,,,,,,,,,,,,,,,Tue Jan 14 2020 21:16:09 GMT-0500 (Eastern Standard Time),,,,,academics_specializations
BIrWZdS5tN,,,,,,"{""*"":{""read"":true},""role:Administrator"":{""read"":true,""write"":true}}",Deadly,Tue Jan 14 2020 21:16:31 GMT-0500 (Eastern Standard Time),,,Melee,,Ranged,,,,,Talen,,,,,,,,,Tue Jan 14 2020 21:16:31 GMT-0500 (Eastern Standard Time),,,,,wta_item_traits
BJXSo88oKv,,,,,,"{""*"":{""read"":true},""role:Administrator"":{""read"":true,""write"":true}}",Size,Tue Jan 14 2020 21:16:12 GMT-0500 (Eastern Standard Time),,,,,,,,,,,,,,,,,,,Tue Jan 14 2020 21:16:12 GMT-0500 (Eastern Standard Time),,,,,ctdbs_holdings_specializations
BJbN4IHgje,,Silver Fangs,,,,"{""*"":{""read"":true},""role:Administrator"":{""read"":true,""write"":true}}",Family Endowment,Tue Jan 14 2020 21:16:31 GMT-0500 (Eastern Standard Time),,requires_specialization,,2,,,,,,,,,,,,,,Tribal,Tue Jan 14 2020 21:16:31 GMT-0500 (Eastern Standard Time),,,,,wta_merits
BK8uFEBBqe,,,,,,"{""*"":{""read"":true},""role:Administrator"":{""read"":true,""write"":true}}",Bloodline: Koldun,Tue Jan 14 2020 21:16:20 GMT-0500 (Eastern Standard Time),,,,4,,,,,,,,,,,,,,,Tue Jan 14 2020 21:16:20 GMT-0500 (Eastern Standard Time),,,,,merits
BM7xQYZbrj,,,,,,"{""*"":{""read"":true},""role:Administrator"":{""read"":true,""write"":true}}",Survivor,Tue Jan 14 2020 21:16:10 GMT-0500 (Eastern Standard Time),,,,,,,,,,,,,,,,,,,Tue Jan 14 2020 21:16:10 GMT-0500 (Eastern Standard Time),,,,,archetype_2s
BPOiIeTxmG,,,,,,"{""*"":{""read"":true},""role:Administrator"":{""read"":true,""write"":true}}",Royalty,Tue Jan 14 2020 21:16:10 GMT-0500 (Eastern Standard Time),,,,,,,,,,,,,,,,,,,Tue Jan 14 2020 21:16:10 GMT-0500 (Eastern Standard Time),,,,,archetypes
BPUVxM4hJH,,,Independent Alliance,,,"{""*"":{""read"":true},""role:Administrator"":{""read"":true,""write"":true}}",Chairman,Thu Feb 13 2020 22:50:16 GMT-0500 (Eastern Standard Time),,,,,,,,,,,,,,,,,,Abiding,Thu Feb 13 2020 22:50:16 GMT-0500 (Eastern Standard Time),,,,,status_traits
BRFaGVtOfy,,,,,,"{""*"":{""read"":true},""role:Administrator"":{""read"":true,""write"":true}}",Seneschal,Sun Feb 15 2026 13:14:11 GMT-0500 (Eastern Standard Time),,,,,,,,,,,,,,,,,,Camarilla,Tue Jan 14 2020 21:16:25 GMT-0500 (Eastern Standard Time),,,,,titles
BUaoxRclxn,,,General,,,"{""*"":{""read"":true},""role:Administrator"":{""read"":true,""write"":true}}",Enforcer,Thu Feb 13 2020 22:50:13 GMT-0500 (Eastern Standard Time),,,,,,,,,,,,,,,,,,Abiding,Tue Jan 14 2020 21:16:23 GMT-0500 (Eastern Standard Time),,,,,status_traits
BUiVw5oEUO,,,,,,"{""*"":{""read"":true},""role:Administrator"":{""read"":true,""write"":true}}",Displacement Aura,Tue Jan 14 2020 21:16:24 GMT-0500 (Eastern Standard Time),,,,,,,,,,,,,,,,,,,Tue Jan 14 2020 21:16:24 GMT-0500 (Eastern Standard Time),,,,,techniques
BUzrkTWte3,,,,,,"{""*"":{""read"":true},""role:Administrator"":{""read"":true,""write"":true}}",Thaumaturgy: Path of Conjuring,Tue Jan 14 2020 21:16:18 GMT-0500 (Eastern Standard Time),,,,,,,,,,,,,,,,,,,Tue Jan 14 2020 21:16:18 GMT-0500 (Eastern Standard Time),,,,,extra_in_clan_disciplines
BXZ2yRmRGe,,,Sabbat,,,"{""*"":{""read"":true},""role:Administrator"":{""read"":true,""write"":true}}",Ignorant,Thu Feb 13 2020 22:50:14 GMT-0500 (Eastern Standard Time),,,,,,,,,,,,,,,,,,Negative,Tue Jan 14 2020 21:16:23 GMT-0500 (Eastern Standard Time),,,,,status_traits
BapN5QcQ1U,,,,No,,"{""*"":{""read"":true},""role:Administrator"":{""read"":true,""write"":true}}",Rites,Tue Jan 14 2020 21:16:25 GMT-0500 (Eastern Standard Time),,,,,,,,,,,,,,No,,,,,Tue Jan 14 2020 21:16:25 GMT-0500 (Eastern Standard Time),,,,,wta_backgrounds
BdATB2elCV,,,,,,"{""*"":{""read"":true},""role:Administrator"":{""read"":true,""write"":true}}",Steel Trap,Tue Jan 14 2020 21:16:30 GMT-0500 (Eastern Standard Time),,,,5,,,,,,,,,Manipulation,,,No,Rokea,Fera,Tue Jan 14 2020 21:16:30 GMT-0500 (Eastern Standard Time),,,,,wta_gifts
BeNNif9pAk,,,,,,"{""*"":{""read"":true},""role:Administrator"":{""read"":true,""write"":true}}",Anarch,Sat Feb 14 2026 18:17:01 GMT-0500 (Eastern Standard Time),,,,,,,,,,,,,,,,,,,Tue Jan 14 2020 21:16:23 GMT-0500 (Eastern Standard Time),,,,,sects
BeX3d1LGyH,,,,,,"{""*"":{""read"":true},""role:Administrator"":{""read"":true,""write"":true}}",Sanguine Anointing,Tue Jan 14 2020 21:16:22 GMT-0500 (Eastern Standard Time),,Salubri Warrior,,3,,,,,,,,,,,52,,,,Tue Jan 14 2020 21:16:22 GMT-0500 (Eastern Standard Time),,,,,merits
BgWYWjFlOw,,,,,,"{""*"":{""read"":true},""role:Administrator"":{""read"":true,""write"":true}}",Archon,Sun Feb 15 2026 13:14:10 GMT-0500 (Eastern Standard Time),,,,,,,,,,,,,,,,,,Camarilla,Tue Jan 14 2020 21:16:25 GMT-0500 (Eastern Standard Time),,,,,titles
Bj1YATDPZk,,,,,,"{""*"":{""read"":true},""role:Administrator"":{""read"":true,""write"":true}}",Mediator,Tue Jan 14 2020 21:16:10 GMT-0500 (Eastern Standard Time),,,,,,,,,,,,,,,,,,,Tue Jan 14 2020 21:16:10 GMT-0500 (Eastern Standard Time),,,,,archetypes_2
Bj27OHav6h,,,,,,"{""*"":{""read"":true},""role:Administrator"":{""read"":true,""write"":true}}",Predator and Prey,Tue Jan 14 2020 21:16:15 GMT-0500 (Eastern Standard Time),,,,2,,,,,,,,,,,,,,,Tue Jan 14 2020 21:16:15 GMT-0500 (Eastern Standard Time),,,,,ctdbs_merits
BlK3gRyG8B,,Kitsune,,,,"{""*"":{""read"":true},""role:Administrator"":{""read"":true,""write"":true}}",Burrow,Tue Jan 14 2020 21:16:31 GMT-0500 (Eastern Standard Time),,,,1,,,,,,,,,,,,,,Fera,Tue Jan 14 2020 21:16:31 GMT-0500 (Eastern Standard Time),,,,,wta_merits
Bljgx39R7D,,,,,,"{""*"":{""read"":true},""role:Administrator"":{""read"":true,""write"":true}}",Malak,Sun Feb 15 2026 13:14:10 GMT-0500 (Eastern Standard Time),,,,,,,,,,,,,,,,,,Independent Alliance,Thu Feb 13 2020 22:47:31 GMT-0500 (Eastern Standard Time),,,,,titles
BmT3U2YkHY,,,,,,"{""*"":{""read"":true},""role:Administrator"":{""read"":true,""write"":true}}",Seeming,Tue Jan 14 2020 21:16:12 GMT-0500 (Eastern Standard Time),,,,,,,,,,,,,,,,,,,Tue Jan 14 2020 21:16:12 GMT-0500 (Eastern Standard Time),,,,,ctdbs_backgrounds
BnipHpCQ02,,,,,,"{""*"":{""read"":true},""role:Administrator"":{""read"":true,""write"":true}}",The Silver Witness,Tue Jan 14 2020 21:16:30 GMT-0500 (Eastern Standard Time),,,,2,,,,,,,,,Charisma,,,No,Theurge,General,Tue Jan 14 2020 21:16:30 GMT-0500 (Eastern Standard Time),Galliard,,,,wta_gifts
Bp7vhWHoCA,,,,,,"{""*"":{""read"":true},""role:Administrator"":{""read"":true,""write"":true}}",Shadow King,Fri Feb 14 2020 14:55:13 GMT-0500 (Eastern Standard Time),,,,,,,,,,,,,,,,,,Lasombra,Thu Feb 13 2020 22:47:27 GMT-0500 (Eastern Standard Time),,,,,titles
Bpea8KUQmN,,,,,,"{""*"":{""read"":true},""role:Administrator"":{""read"":true,""write"":true}}",Ananasi's Web,Tue Jan 14 2020 21:16:28 GMT-0500 (Eastern Standard Time),,,,1,,,,,,,,,Intelligence,,,No,Ananasi,Fera,Tue Jan 14 2020 21:16:28 GMT-0500 (Eastern Standard Time),,,,,wta_gifts
BqDWhOyWoO,,,,,,"{""*"":{""read"":true},""role:Administrator"":{""read"":true,""write"":true}}",Children of Gaia,Tue Jan 14 2020 21:16:33 GMT-0500 (Eastern Standard Time),3,,Servants of the Unicorn,,Imminent Strike,Remembered Delirium,Anointed Ones,,,,,,,,,,,,Tue Jan 14 2020 21:16:33 GMT-0500 (Eastern Standard Time),,,,,wta_tribes
Bql5nnWrFt,,,Independent Alliance,,,"{""*"":{""read"":true},""role:Administrator"":{""read"":true,""write"":true}}",Muscle,Thu Feb 13 2020 22:50:16 GMT-0500 (Eastern Standard Time),,,,,,,,,,,,,,,,,,Abiding,Thu Feb 13 2020 22:50:16 GMT-0500 (Eastern Standard Time),,,,,status_traits
Br7FqPahdb,,,,,,"{""*"":{""read"":true},""role:Administrator"":{""read"":true,""write"":true}}",A Plague of Rats,Tue Jan 14 2020 21:16:28 GMT-0500 (Eastern Standard Time),,,,4,,,,,,,,,Wits,,,No,Ratkin,Fera,Tue Jan 14 2020 21:16:28 GMT-0500 (Eastern Standard Time),,,,,wta_gifts
BtmajfSrDd,,,,,,"{""*"":{""read"":true},""role:Administrator"":{""read"":true,""write"":true}}",Bloodline: Noiad,Tue Jan 14 2020 21:16:20 GMT-0500 (Eastern Standard Time),,,,2,,,,,,,,,,,,,,,Tue Jan 14 2020 21:16:20 GMT-0500 (Eastern Standard Time),,,,,merits
BvAkmS36w6,,,,,,"{""*"":{""read"":true},""role:Administrator"":{""read"":true,""write"":true}}",Conformist,Tue Jan 14 2020 21:16:10 GMT-0500 (Eastern Standard Time),,,,,,,,,,,,,,,,,,,Tue Jan 14 2020 21:16:10 GMT-0500 (Eastern Standard Time),,,,,archetypes_2
BxD1BToBur,,,,,,"{""*"":{""read"":true},""role:Administrator"":{""read"":true,""write"":true}}",Enigma,Tue Jan 14 2020 21:16:10 GMT-0500 (Eastern Standard Time),,,,,,,,,,,,,,,,,,,Tue Jan 14 2020 21:16:10 GMT-0500 (Eastern Standard Time),,,,,archetypes_2
BxUdnup8uG,,,,,,"{""*"":{""read"":true},""role:Administrator"":{""read"":true,""write"":true}}",Mages,Sun Mar 01 2020 22:37:45 GMT-0500 (Eastern Standard Time),1,,,,,,,,,,,,,,,,,,Tue Jan 14 2020 21:16:20 GMT-0500 (Eastern Standard Time),,,,,lore_specializations
ByQinnY7sA,,,,,,"{""*"":{""read"":true},""role:Administrator"":{""read"":true,""write"":true}}",Master of Vice,Tue Jan 14 2020 21:16:21 GMT-0500 (Eastern Standard Time),,ToreadorIshtarri,,2,,,,,,,,,,,40,,,,Tue Jan 14 2020 21:16:21 GMT-0500 (Eastern Standard Time),,,,,merits
ByXo4sP0Nb,,,,,,"{""*"":{""read"":true},""role:Administrator"":{""read"":true,""write"":true}}",Last Resort,Tue Jan 14 2020 21:16:12 GMT-0500 (Eastern Standard Time),,,,,,,,,,,,,,,,,,,Tue Jan 14 2020 21:16:12 GMT-0500 (Eastern Standard Time),,,,,ctdbs_kith_group_types
BzN8FswCFl,,,,,,"{""*"":{""read"":true},""role:Administrator"":{""read"":true,""write"":true}}",Baali: Angelis Ater,Sun Mar 01 2020 22:37:45 GMT-0500 (Eastern Standard Time),1,,,,,,,,,,,,,,,,,,Tue Jan 14 2020 21:16:19 GMT-0500 (Eastern Standard Time),,,,,lore_specializations
BzrOVm6WdZ,,,,,,"{""*"":{""read"":true},""role:Administrator"":{""read"":true,""write"":true}}",Unseelie,Tue Jan 14 2020 21:16:12 GMT-0500 (Eastern Standard Time),2,,,,,,,,,,,,,,,,,,Tue Jan 14 2020 21:16:12 GMT-0500 (Eastern Standard Time),,,,,ctdbs_fealty_courts
C0wzfLnfej,,,,,,"{""*"":{""read"":true},""role:Administrator"":{""read"":true,""write"":true}}",Path of Evil Revelations,Tue Jan 14 2020 21:16:21 GMT-0500 (Eastern Standard Time),,,,3,,,,,,,,,,,,,,Morality,Tue Jan 14 2020 21:16:21 GMT-0500 (Eastern Standard Time),,,,,merits
C4nnSaWYCP,,requires_specialization,,,,"{""*"":{""read"":true},""role:Administrator"":{""read"":true,""write"":true}}",Intolerance,Tue Jan 14 2020 21:16:27 GMT-0500 (Eastern Standard Time),,requires_specialization,,1,,,,,,,,,,,,,,,Tue Jan 14 2020 21:16:27 GMT-0500 (Eastern Standard Time),,,,,wta_flaws
C5hliASJ7j,,,,,,"{""*"":{""read"":true},""role:Administrator"":{""read"":true,""write"":true}}",Spread,Tue Jan 14 2020 21:16:31 GMT-0500 (Eastern Standard Time),,,,,Ranged,,,,,,,,,,,,,,Tue Jan 14 2020 21:16:31 GMT-0500 (Eastern Standard Time),,,,,wta_item_traits
C5vzChDE8W,,,,No,,"{""*"":{""read"":true},""role:Administrator"":{""read"":true,""write"":true}}",Totem,Tue Jan 14 2020 21:16:25 GMT-0500 (Eastern Standard Time),,,,,,,,,,,,,,No,,,,,Tue Jan 14 2020 21:16:25 GMT-0500 (Eastern Standard Time),,,,,wta_backgrounds
C6MdXJQtem,,,,,,"{""*"":{""read"":true},""role:Administrator"":{""read"":true,""write"":true}}",Eye of Unforgiving Heaven,Tue Jan 14 2020 21:16:24 GMT-0500 (Eastern Standard Time),,,,,,,,,,,,,,,,,,,Tue Jan 14 2020 21:16:24 GMT-0500 (Eastern Standard Time),,,,,techniques
C7BuX021th,,,,,,"{""*"":{""read"":true},""role:Administrator"":{""read"":true,""write"":true}}",Ancilla,Sun Feb 15 2026 13:14:10 GMT-0500 (Eastern Standard Time),,,,,,,,,,,,,,,,,,Camarilla,Tue Jan 14 2020 21:16:25 GMT-0500 (Eastern Standard Time),,,,,titles
C8IcLJYxcf,,,General,,,"{""*"":{""read"":true},""role:Administrator"":{""read"":true,""write"":true}}",Ominous,Thu Feb 13 2020 22:50:14 GMT-0500 (Eastern Standard Time),,,,,,,,,,,,,,,,,,Abiding,Tue Jan 14 2020 21:16:23 GMT-0500 (Eastern Standard Time),,,,,status_traits
C8epQj02jw,,,,,,"{""*"":{""read"":true},""role:Administrator"":{""read"":true,""write"":true}}",Presence: Love,Tue Jan 14 2020 21:16:17 GMT-0500 (Eastern Standard Time),,,,,,,,,,,,,,,,,,,Tue Jan 14 2020 21:16:17 GMT-0500 (Eastern Standard Time),,,,,elder_disciplines
CC0ZzOfmed,,,,,,"{""*"":{""read"":true},""role:Administrator"":{""read"":true,""write"":true}}",The Madness Season,Tue Jan 14 2020 21:16:30 GMT-0500 (Eastern Standard Time),,,,4,,,,,,,,,Intelligence,,,No,Ragabash,General,Tue Jan 14 2020 21:16:30 GMT-0500 (Eastern Standard Time),Theurge,,Metis,,wta_gifts
CCHRyhhIGk,,Gurahl,,,,"{""*"":{""read"":true},""role:Administrator"":{""read"":true,""write"":true}}",Okuma,Tue Jan 14 2020 21:16:26 GMT-0500 (Eastern Standard Time),,,,,,,,,,,,,,,,,,,Tue Jan 14 2020 21:16:26 GMT-0500 (Eastern Standard Time),,,,,wta_camps
CCHlNVr4kK,,,,,,"{""*"":{""read"":true},""role:Administrator"":{""read"":true,""write"":true}}",Bloodline: Crusader,Tue Jan 14 2020 21:16:20 GMT-0500 (Eastern Standard Time),,,,2,,,,,,,,,,,,,,,Tue Jan 14 2020 21:16:20 GMT-0500 (Eastern Standard Time),,,,,merits
CH0cGfxpzA,,,,,,"{""*"":{""read"":true},""role:Administrator"":{""read"":true,""write"":true}}",Bishop,Sun Feb 15 2026 13:14:10 GMT-0500 (Eastern Standard Time),,,,,,,,,,,,,,,,,,Sabbat,Tue Jan 14 2020 21:16:25 GMT-0500 (Eastern Standard Time),,,,,titles
CIcWsU9y31,,,,,,"{""*"":{""read"":true},""role:Administrator"":{""read"":true,""write"":true}}",Natural Channel,Tue Jan 14 2020 21:16:32 GMT-0500 (Eastern Standard Time),,,,3,,,,,,,,,,,,,,General,Tue Jan 14 2020 21:16:32 GMT-0500 (Eastern Standard Time),,,,,wta_merits
CKOGqXowaa,,,,,,"{""*"":{""read"":true},""role:Administrator"":{""read"":true,""write"":true}}",Silver,Tue Jan 14 2020 21:16:31 GMT-0500 (Eastern Standard Time),,,Melee,,,,,General,,,,,,,,,,,Tue Jan 14 2020 21:16:31 GMT-0500 (Eastern Standard Time),,,,,wta_item_traits
CMeZ6oxW93,,,,,,"{""*"":{""read"":true},""role:Administrator"":{""read"":true,""write"":true}}",Ahroun,Tue Jan 14 2020 21:16:25 GMT-0500 (Eastern Standard Time),,,Athletics,,Brawl,,,Melee,Firearms,,,,,,,,,,Tue Jan 14 2020 21:16:25 GMT-0500 (Eastern Standard Time),,,,,wta_auspices
CN44t6QGQm,,,,,,"{""*"":{""read"":true},""role:Administrator"":{""read"":true,""write"":true}}",Morticians,Sat Feb 14 2026 18:08:11 GMT-0500 (Eastern Standard Time),1,,,,,,,,,,,,,,,,,,Tue Jan 14 2020 21:16:19 GMT-0500 (Eastern Standard Time),,,,,influence_elite_specializations
CNCkICQfit,,,,,,"{""*"":{""read"":true},""role:Administrator"":{""read"":true,""write"":true}}",Call to Duty,Tue Jan 14 2020 21:16:28 GMT-0500 (Eastern Standard Time),,,,3,,,,,,,,,Appearance,,,No,Philodox,General,Tue Jan 14 2020 21:16:28 GMT-0500 (Eastern Standard Time),Homid,,,,wta_gifts
CNJdavGHyW,,,,,,"{""*"":{""read"":true},""role:Administrator"":{""read"":true,""write"":true}}",Toady,Tue Jan 14 2020 21:16:11 GMT-0500 (Eastern Standard Time),,,,,,,,,,,,,,,,,,,Tue Jan 14 2020 21:16:11 GMT-0500 (Eastern Standard Time),,,,,archetypes_2
CPNQvArQ6P,,,,,,"{""*"":{""read"":true},""role:Administrator"":{""read"":true,""write"":true}}",Master of Fire,Tue Jan 14 2020 21:16:29 GMT-0500 (Eastern Standard Time),,,,3,,,,,,,,,Wits,,,Yes,Theurge,General,Tue Jan 14 2020 21:16:29 GMT-0500 (Eastern Standard Time),Homid,,,,wta_gifts
CQ29FZWtS0,,,,,,"{""*"":{""read"":true},""role:Administrator"":{""read"":true,""write"":true}}",Reach,Tue Jan 14 2020 21:16:31 GMT-0500 (Eastern Standard Time),,,Melee,,,,,,,,,,,,,,,,Tue Jan 14 2020 21:16:31 GMT-0500 (Eastern Standard Time),,,,,wta_item_traits
CQXHUWT5iL,,,,,,"{""*"":{""read"":true},""role:Administrator"":{""read"":true,""write"":true}}",Dark Fate,Tue Jan 14 2020 21:16:12 GMT-0500 (Eastern Standard Time),,,,5,,,,,,,,,,,,,,,Tue Jan 14 2020 21:16:12 GMT-0500 (Eastern Standard Time),,,,,ctdbs_flaws
CT7ZnWRSVp,,,,,,"{""*"":{""read"":true},""role:Administrator"":{""read"":true,""write"":true}}",Human history,Tue Jan 14 2020 21:16:09 GMT-0500 (Eastern Standard Time),1,,,,,,,,,,,,,,,,,,Tue Jan 14 2020 21:16:09 GMT-0500 (Eastern Standard Time),,,,,academics_specializations
CUPxWCYjiK,,,,,,"{""*"":{""read"":true},""role:Administrator"":{""read"":true,""write"":true}}",Salubri: Healer,Tue Aug 31 2021 02:28:48 GMT-0400 (Eastern Daylight Time),,,,,,,,,,,,,,,,,,,Tue Jan 14 2020 21:16:11 GMT-0500 (Eastern Standard Time),,,,,clans
CWDOU5UsIi,,,,,,"{""*"":{""read"":true},""role:Administrator"":{""read"":true,""write"":true}}",Troll Skin,Tue Jan 14 2020 21:16:30 GMT-0500 (Eastern Standard Time),,,,1,,,,,,,,,Charisma,,,Yes,Get of Fenris,Tribal,Tue Jan 14 2020 21:16:30 GMT-0500 (Eastern Standard Time),,,,,wta_gifts
CWswswvTeK,,Ananasi,,,,"{""*"":{""read"":true},""role:Administrator"":{""read"":true,""write"":true}}",Carapace,Tue Jan 14 2020 21:16:31 GMT-0500 (Eastern Standard Time),,,,2,,,,,,,,,,,,,,Fera,Tue Jan 14 2020 21:16:31 GMT-0500 (Eastern Standard Time),,,,,wta_merits
CXVVoBklsB,,,,,,"{""*"":{""read"":true},""role:Administrator"":{""read"":true,""write"":true}}",Territorial,Tue Jan 14 2020 21:16:27 GMT-0500 (Eastern Standard Time),,,,1,,,,,,,,,,,,,,,Tue Jan 14 2020 21:16:27 GMT-0500 (Eastern Standard Time),,,,,wta_flaws
CYEbzAEYly,,,,,,"{""*"":{""read"":true},""role:Administrator"":{""read"":true,""write"":true}}",Primal,Tue Jan 14 2020 21:16:11 GMT-0500 (Eastern Standard Time),7,,,,,,,,,,,,,,,,,,Tue Jan 14 2020 21:16:11 GMT-0500 (Eastern Standard Time),,,,,ctdbs_arts_affinities_links
CZCdsqvLNg,,,,,,"{""*"":{""read"":true},""role:Administrator"":{""read"":true,""write"":true}}",Chimerical Deformity,Tue Jan 14 2020 21:16:12 GMT-0500 (Eastern Standard Time),,,,3,,,,,,,,,,,,,,,Tue Jan 14 2020 21:16:12 GMT-0500 (Eastern Standard Time),,,,,ctdbs_flaws
CbHAblaz7n,,,,No,,"{""*"":{""read"":true},""role:Administrator"":{""read"":true,""write"":true}}",Ancestors,Tue Jan 14 2020 21:16:25 GMT-0500 (Eastern Standard Time),,,,,,,,,,,,,,No,,,,,Tue Jan 14 2020 21:16:25 GMT-0500 (Eastern Standard Time),,,,,wta_backgrounds
Ccso5fqx2E,,Weaver,,,,"{""*"":{""read"":true},""role:Administrator"":{""read"":true,""write"":true}}",Weaver Affinity,Tue Jan 14 2020 21:16:32 GMT-0500 (Eastern Standard Time),,,,1,,,,,,,,,,,,,,Faction,Tue Jan 14 2020 21:16:32 GMT-0500 (Eastern Standard Time),,,,,wta_merits
CeqL5OnqNh,,requires_specialization,,,,"{""*"":{""read"":true},""role:Administrator"":{""read"":true,""write"":true}}",Pied Piper,Tue Jan 14 2020 21:16:27 GMT-0500 (Eastern Standard Time),,requires_specialization,,1,,,,,,,,,,,,,,,Tue Jan 14 2020 21:16:27 GMT-0500 (Eastern Standard Time),,,,,wta_flaws
CfFTEB144k,,,,,,"{""*"":{""read"":true},""role:Administrator"":{""read"":true,""write"":true}}",Addiction (Amphetamine),Tue Jan 14 2020 21:16:18 GMT-0500 (Eastern Standard Time),,,,2,,Suffer -1 to Mental tests involving coordination or mental dexterity for the first hour of game and for an hour after feeding.,,,,,,,,,,,,General,Tue Jan 14 2020 21:16:18 GMT-0500 (Eastern Standard Time),,,,,flaws
ChIcIeS66x,,,,,,"{""*"":{""read"":true},""role:Administrator"":{""read"":true,""write"":true}}",Resist Pain,Tue Jan 14 2020 21:16:29 GMT-0500 (Eastern Standard Time),,,,1,,,,,,,,,Intelligence,,,No,Philodox,General,Tue Jan 14 2020 21:16:29 GMT-0500 (Eastern Standard Time),Ahroun,,,,wta_gifts
ChLgBKOpeV,,,General,,,"{""*"":{""read"":true},""role:Administrator"":{""read"":true,""write"":true}}",Established,Thu Feb 13 2020 22:50:13 GMT-0500 (Eastern Standard Time),,,,,,,,,,,,,,,,,,Abiding,Tue Jan 14 2020 21:16:23 GMT-0500 (Eastern Standard Time),,,,,status_traits
ChyKf3AmOL,,,,,,"{""*"":{""read"":true},""role:Administrator"":{""read"":true,""write"":true}}",Lasombra: Kiasyd,Sun Aug 29 2021 16:52:40 GMT-0400 (Eastern Daylight Time),,,,,,,,,,,,,,,,,,,Tue Jan 14 2020 21:16:11 GMT-0500 (Eastern Standard Time),,,,,clans
CiWD97fh1e,,,,,,"{""*"":{""read"":true},""role:Administrator"":{""read"":true,""write"":true}}",Trouble Magnet,Tue Jan 14 2020 21:16:27 GMT-0500 (Eastern Standard Time),,,,1,,,,,,,,,,,,,,,Tue Jan 14 2020 21:16:27 GMT-0500 (Eastern Standard Time),,,,,wta_flaws
CjSmG9OYnR,,,,,,"{""*"":{""read"":true},""role:Administrator"":{""read"":true,""write"":true}}",Ultimatum,Tue Jan 14 2020 21:16:30 GMT-0500 (Eastern Standard Time),,,,2,,,,,,,,,Wits,,,Yes,Gurahl,Fera,Tue Jan 14 2020 21:16:30 GMT-0500 (Eastern Standard Time),,,,,wta_gifts
CmAsFUSpv7,,,,,,"{""*"":{""read"":true},""role:Administrator"":{""read"":true,""write"":true}}",Renown,Tue Jan 14 2020 21:16:33 GMT-0500 (Eastern Standard Time),,,,,,,,,,,,,,,,,,,Tue Jan 14 2020 21:16:33 GMT-0500 (Eastern Standard Time),,,,,wta_rites
CmRsAE5WDU,,,,,,"{""*"":{""read"":true},""role:Administrator"":{""read"":true,""write"":true}}",Daredevil,Tue Jan 14 2020 21:16:20 GMT-0500 (Eastern Standard Time),,,,2,,Gain +3 to pools for extremely dangerous Physical tests. Gain +2 to defensive Physical pools when facing multiple opponents alone.,,,,,,,,,,,,General,Tue Jan 14 2020 21:16:20 GMT-0500 (Eastern Standard Time),,,,,merits
CnG35sdk6z,,,,,,"{""*"":{""read"":true},""role:Administrator"":{""read"":true,""write"":true}}",Trusted Confessor,Tue Jan 14 2020 21:16:22 GMT-0500 (Eastern Standard Time),,Lasombra ,,2,,,,,,,,,,,34-35,,,,Tue Jan 14 2020 21:16:22 GMT-0500 (Eastern Standard Time),,,,,merits
Co52MJQuEU,,,,,,"{""*"":{""read"":true},""role:Administrator"":{""read"":true,""write"":true}}",Toady,Tue Jan 14 2020 21:16:10 GMT-0500 (Eastern Standard Time),,,,,,,,,,,,,,,,,,,Tue Jan 14 2020 21:16:10 GMT-0500 (Eastern Standard Time),,,,,archetype_2s
Cq6UI8ojgs,,,,,,"{""*"":{""read"":true},""role:Administrator"":{""read"":true,""write"":true}}",Skullduggery,Tue Jan 14 2020 21:16:22 GMT-0500 (Eastern Standard Time),,GangrelCoyote,,3,,,,,,,,,,,32,,,,Tue Jan 14 2020 21:16:22 GMT-0500 (Eastern Standard Time),,,,,merits
CuEs9LT8yG,,,,,,"{""*"":{""read"":true},""role:Administrator"":{""read"":true,""write"":true}}",Primacy of the Blood,Tue Jan 14 2020 21:16:21 GMT-0500 (Eastern Standard Time),,Ventrue ,,3,,,,,,,,,,,45,,,,Tue Jan 14 2020 21:16:21 GMT-0500 (Eastern Standard Time),,,,,merits
CvSiSf6hx1,,,,,,"{""*"":{""read"":true},""role:Administrator"":{""read"":true,""write"":true}}",Medium,Tue Jan 14 2020 21:16:21 GMT-0500 (Eastern Standard Time),,,,1,,"Gain a natural ability to see and hear ghosts, and occasionally glimpse the surrounding Shadowlands.",,,,,,,,,,,,General,Tue Jan 14 2020 21:16:21 GMT-0500 (Eastern Standard Time),,,,,merits
CwWtIW6w6O,,,,,,"{""*"":{""read"":true},""role:Administrator"":{""read"":true,""write"":true}}",Bloodline: Angelis Ater,Tue Jan 14 2020 21:16:20 GMT-0500 (Eastern Standard Time),,,,3,,,,,,,,,,,,,,,Tue Jan 14 2020 21:16:20 GMT-0500 (Eastern Standard Time),,,,,merits
CzBixnga6O,,,,,,"{""*"":{""read"":true},""role:Administrator"":{""read"":true,""write"":true}}",Trickster,Tue Jan 14 2020 21:16:11 GMT-0500 (Eastern Standard Time),,,,,,,,,,,,,,,,,,,Tue Jan 14 2020 21:16:11 GMT-0500 (Eastern Standard Time),,,,,archetypes_2
D17BdkNUsR,,,,,,"{""*"":{""read"":true},""role:Administrator"":{""read"":true,""write"":true}}",Additional Cantrips,Tue Jan 14 2020 21:16:26 GMT-0500 (Eastern Standard Time),,,,1,Talen,,Fetish,Weapon,,,,,,,,,,,Tue Jan 14 2020 21:16:26 GMT-0500 (Eastern Standard Time),,,,,wta_fetish_traits
D2CCoxqY0c,,,,,,"{""*"":{""read"":true},""role:Administrator"":{""read"":true,""write"":true}}",Laugh of the Hyena,Tue Jan 14 2020 21:16:29 GMT-0500 (Eastern Standard Time),,,,4,,,,,,,,,Charisma,,,No,Ragabash,General,Tue Jan 14 2020 21:16:29 GMT-0500 (Eastern Standard Time),Galliard,,,,wta_gifts
D38Abx6C0w,,,,,,"{""*"":{""read"":true},""role:Administrator"":{""read"":true,""write"":true}}",Bloodline: Tlacique,Tue Jan 14 2020 21:16:20 GMT-0500 (Eastern Standard Time),,,,2,,,,,,,,,,,,,,,Tue Jan 14 2020 21:16:20 GMT-0500 (Eastern Standard Time),,,,,merits
DAJmdz0EVc,,,,,,"{""*"":{""read"":true},""role:Administrator"":{""read"":true,""write"":true}}",Teacher,Tue Jan 14 2020 21:16:10 GMT-0500 (Eastern Standard Time),,,,,,,,,,,,,,,,,,,Tue Jan 14 2020 21:16:10 GMT-0500 (Eastern Standard Time),,,,,archetypes
DBT0ansR2d,,,,No,,"{""*"":{""read"":true},""role:Administrator"":{""read"":true,""write"":true}}",Uncommon Character,Tue Jan 14 2020 21:16:32 GMT-0500 (Eastern Standard Time),,,,2,,,,,,,,,,,,,,General,Tue Jan 14 2020 21:16:32 GMT-0500 (Eastern Standard Time),,,,,wta_merits
DC59zxTSVB,,,,,,"{""*"":{""read"":true},""role:Administrator"":{""read"":true,""write"":true}}",Vicissitude,Sun Jan 26 2020 15:30:50 GMT-0500 (Eastern Standard Time),,,,,,,,,,,,,,,,,,,Tue Jan 14 2020 21:16:16 GMT-0500 (Eastern Standard Time),,,,,disciplines
DDbxfD6eDC,,,,,,"{""*"":{""read"":true},""role:Administrator"":{""read"":true,""write"":true}}",Supportive,Tue Jan 14 2020 21:16:26 GMT-0500 (Eastern Standard Time),,,Cantrip,1,,,,,,,,,,,,,,,Tue Jan 14 2020 21:16:26 GMT-0500 (Eastern Standard Time),,,,,wta_fetish_traits
DFyNUwFeLo,,,,,,"{""*"":{""read"":true},""role:Administrator"":{""read"":true,""write"":true}}",Cleared Mists,Tue Jan 14 2020 21:16:12 GMT-0500 (Eastern Standard Time),,,,4,,,,,,,,,,,,,,,Tue Jan 14 2020 21:16:12 GMT-0500 (Eastern Standard Time),,,,,ctdbs_flaws
DGC4WJkL7P,,,,,,"{""*"":{""read"":true},""role:Administrator"":{""read"":true,""write"":true}}",Shadow Queen,Sun Feb 15 2026 13:14:11 GMT-0500 (Eastern Standard Time),,,,,,,,,,,,,,,,,,Lasombra,Thu Feb 13 2020 22:47:32 GMT-0500 (Eastern Standard Time),,,,,titles
DGfQQQVQFC,,,,,,"{""*"":{""read"":true},""role:Administrator"":{""read"":true,""write"":true}}",Ephemeral Rhapsody,Tue Jan 14 2020 21:16:21 GMT-0500 (Eastern Standard Time),,Toreador,,3,,,,,,,,,,,39-40,,,,Tue Jan 14 2020 21:16:21 GMT-0500 (Eastern Standard Time),,,,,merits
DIQskxFSnX,,requires_specialization,,,,"{""*"":{""read"":true},""role:Administrator"":{""read"":true,""write"":true}}",Derangement,Tue Jan 14 2020 21:16:27 GMT-0500 (Eastern Standard Time),,requires_specialization,,2,,,,,,,,,,,,,,,Tue Jan 14 2020 21:16:27 GMT-0500 (Eastern Standard Time),,,,,wta_flaws
DIxurQfCSD,,,,,,"{""*"":{""read"":true},""role:Administrator"":{""read"":true,""write"":true}}",Regent,Sun Feb 15 2026 13:14:10 GMT-0500 (Eastern Standard Time),,,,,,,,,,,,,,,,,,Sabbat,Tue Jan 14 2020 21:16:25 GMT-0500 (Eastern Standard Time),,,,,titles
DKCJFS153X,,,,,,"{""*"":{""read"":true},""role:Administrator"":{""read"":true,""write"":true}}",Youngling,Tue Jan 14 2020 21:16:33 GMT-0500 (Eastern Standard Time),1,,,,,,,,,,,,,,,,,,Tue Jan 14 2020 21:16:33 GMT-0500 (Eastern Standard Time),,,,,wta_monikers
DNf8KNWCCV,,Silent Striders,,,,"{""*"":{""read"":true},""role:Administrator"":{""read"":true,""write"":true}}",The Quick and the Dead,Tue Jan 14 2020 21:16:32 GMT-0500 (Eastern Standard Time),,requires_specialization,,2,,,,,,,,,,,,,,Tribal,Tue Jan 14 2020 21:16:32 GMT-0500 (Eastern Standard Time),,,,,wta_merits
DOKsruN8na,,Bone Gnawers,,,,"{""*"":{""read"":true},""role:Administrator"":{""read"":true,""write"":true}}",The Hood,Tue Jan 14 2020 21:16:26 GMT-0500 (Eastern Standard Time),,,,,,,,,,,,,,,,,,,Tue Jan 14 2020 21:16:26 GMT-0500 (Eastern Standard Time),,,,,wta_camps
DOTkQGgTrK,,,,,,"{""*"":{""read"":true},""role:Administrator"":{""read"":true,""write"":true}}",Melee,Tue Jan 14 2020 21:16:23 GMT-0500 (Eastern Standard Time),0,,,,,,,,,,,,,,unknown,,,,Tue Jan 14 2020 21:16:23 GMT-0500 (Eastern Standard Time),,,,,skills
DOl1SUOZ5a,,,,,,"{""*"":{""read"":true},""role:Administrator"":{""read"":true,""write"":true}}",Armored,Tue Jan 14 2020 21:16:33 GMT-0500 (Eastern Standard Time),,,,,,,,,,,,,,,,,,,Tue Jan 14 2020 21:16:33 GMT-0500 (Eastern Standard Time),,,,,wta_totem_bonus_traits
DRFaDmkbTs,,,,,,"{""*"":{""read"":true},""role:Administrator"":{""read"":true,""write"":true}}",Masquerading,Tue Jan 14 2020 21:16:26 GMT-0500 (Eastern Standard Time),,,,3,Talen,,Fetish,,,,,,,,,,,,Tue Jan 14 2020 21:16:26 GMT-0500 (Eastern Standard Time),,,,,wta_fetish_traits
DTJBLLgDUD,,,,,,"{""*"":{""read"":true},""role:Administrator"":{""read"":true,""write"":true}}",Inertial Tampering,Tue Jan 14 2020 21:16:24 GMT-0500 (Eastern Standard Time),,,,,,,,,,,,,,,,,,,Tue Jan 14 2020 21:16:24 GMT-0500 (Eastern Standard Time),,,,,techniques
DU4Kd0b6mU,,,,,,"{""*"":{""read"":true},""role:Administrator"":{""read"":true,""write"":true}}",Marshal's Vigilance,Tue Jan 14 2020 21:16:29 GMT-0500 (Eastern Standard Time),,,,2,,,,,,,,,Perception,,,Yes,Philodox,General,Tue Jan 14 2020 21:16:29 GMT-0500 (Eastern Standard Time),Ahroun,,,,wta_gifts
DVK1iLaJ83,,,,,,"{""*"":{""read"":true},""role:Administrator"":{""read"":true,""write"":true}}",Helicopters,Tue Jan 14 2020 21:16:16 GMT-0500 (Eastern Standard Time),1,,,,,,,,,,,,,,,,,,Tue Jan 14 2020 21:16:16 GMT-0500 (Eastern Standard Time),,,,,drive_specializations
DWBcIGHzfj,,,,,,"{""*"":{""read"":true},""role:Administrator"":{""read"":true,""write"":true}}",Canticle of Japheth,Tue Jan 14 2020 21:16:25 GMT-0500 (Eastern Standard Time),10,,,,,,,,,,,,,,,,,,Tue Jan 14 2020 21:16:25 GMT-0500 (Eastern Standard Time),,,,,vampiric_texts
Da7NITbFbr,,,,,,"{""*"":{""read"":true},""role:Administrator"":{""read"":true,""write"":true}}",Lasombra,Sun Mar 01 2020 22:37:45 GMT-0500 (Eastern Standard Time),1,,,,,,,,,,,,,,,,,,Tue Jan 14 2020 21:16:20 GMT-0500 (Eastern Standard Time),,,,,lore_specializations
DbFszBU2Fr,,,,,,"{""*"":{""read"":true},""role:Administrator"":{""read"":true,""write"":true}}",Dominate,Tue Jan 14 2020 21:16:17 GMT-0500 (Eastern Standard Time),,,,,,,,,,,,,,,,,,,Tue Jan 14 2020 21:16:17 GMT-0500 (Eastern Standard Time),,,,,extra_in_clan_disciplines
Dc1ZeWPRzN,,,,,,"{""*"":{""read"":true},""role:Administrator"":{""read"":true,""write"":true}}",Versatile,Tue Jan 14 2020 21:16:15 GMT-0500 (Eastern Standard Time),,,,3,,,,,,,,,,,,,,,Tue Jan 14 2020 21:16:15 GMT-0500 (Eastern Standard Time),,,,,ctdbs_merits
DgAu7ALEwc,,,,,,"{""*"":{""read"":true},""role:Administrator"":{""read"":true,""write"":true}}",Strength of Honor,Tue Jan 14 2020 21:16:22 GMT-0500 (Eastern Standard Time),,Ventrue Crusader,,2,,,,,,,,,,,45,,,,Tue Jan 14 2020 21:16:22 GMT-0500 (Eastern Standard Time),,,,,merits
DmBaJEzzk0,,,,,,"{""*"":{""read"":true},""role:Administrator"":{""read"":true,""write"":true}}",Untrackable,Tue Jan 14 2020 21:16:32 GMT-0500 (Eastern Standard Time),,,,2,,,,,,,,,,,,,,General,Tue Jan 14 2020 21:16:32 GMT-0500 (Eastern Standard Time),,,,,wta_merits
DtfwTtHXDJ,,,Camarilla,,,"{""*"":{""read"":true},""role:Administrator"":{""read"":true,""write"":true}}",Architech,Thu Feb 13 2020 22:50:12 GMT-0500 (Eastern Standard Time),,,,,,,,,,,,,,,,,,Innate,Tue Jan 14 2020 21:16:23 GMT-0500 (Eastern Standard Time),,,,,status_traits
DuRHlJOrmP,,,,,,"{""*"":{""read"":true},""role:Administrator"":{""read"":true,""write"":true}}",The journal of Zelios,Tue Jan 14 2020 21:16:25 GMT-0500 (Eastern Standard Time),25,,,,,,,,,,,,,,,,,,Tue Jan 14 2020 21:16:25 GMT-0500 (Eastern Standard Time),,,,,vampiric_texts
DvyEjuLaM9,,,,,,"{""*"":{""read"":true},""role:Administrator"":{""read"":true,""write"":true}}",Circle of Gaia's Cleansing,Tue Jan 14 2020 21:16:28 GMT-0500 (Eastern Standard Time),,,,2,,,,,,,,,Wits,,,No,Theurge,General,Tue Jan 14 2020 21:16:28 GMT-0500 (Eastern Standard Time),Metis,,,,wta_gifts
DxH72D8fjm,,,,,,"{""*"":{""read"":true},""role:Administrator"":{""read"":true,""write"":true}}",Aggravated,Tue Jan 14 2020 21:16:26 GMT-0500 (Eastern Standard Time),,,,1,,,,Weapon,,,,,,,,,,,Tue Jan 14 2020 21:16:26 GMT-0500 (Eastern Standard Time),,,,,wta_fetish_traits
DyT2sqU9Op,,,Camarilla,,,"{""*"":{""read"":true},""role:Administrator"":{""read"":true,""write"":true}}",Noble,Thu Feb 13 2020 22:50:14 GMT-0500 (Eastern Standard Time),,,,,,,,,,,,,,,,,,Abiding,Tue Jan 14 2020 21:16:23 GMT-0500 (Eastern Standard Time),,,,,status_traits
Dz5czq93wy,,,,,,"{""*"":{""read"":true},""role:Administrator"":{""read"":true,""write"":true}}",Spiritual Emlem,Tue Jan 14 2020 21:16:30 GMT-0500 (Eastern Standard Time),,,,5,,,,,,,,,Appearance,,,No,Fianna,Tribal,Tue Jan 14 2020 21:16:30 GMT-0500 (Eastern Standard Time),,,,,wta_gifts
E1hU9y6vBc,,,,,,"{""*"":{""read"":true},""role:Administrator"":{""read"":true,""write"":true}}",Allure of the Fox,Tue Jan 14 2020 21:16:28 GMT-0500 (Eastern Standard Time),,,,2,,,,,,,,,Appearance,,,Yes,Kitsune,Fera,Tue Jan 14 2020 21:16:28 GMT-0500 (Eastern Standard Time),,,,,wta_gifts
E2SjELypzy,,,,,,"{""*"":{""read"":true},""role:Administrator"":{""read"":true,""write"":true}}",Timely Intervention,Tue Jan 14 2020 21:16:22 GMT-0500 (Eastern Standard Time),,Bloodline: True Brujah,,1,,,,,,,,,,,26,,,,Tue Jan 14 2020 21:16:22 GMT-0500 (Eastern Standard Time),,,,,merits
E4Oq13lcOl,,,,,,"{""*"":{""read"":true},""role:Administrator"":{""read"":true,""write"":true}}",Latin,Sat Feb 14 2026 18:11:48 GMT-0500 (Eastern Standard Time),1,,,,,,,,,,,,,,,,,,Tue Jan 14 2020 21:16:19 GMT-0500 (Eastern Standard Time),,,,,linguistics_specializations
E6yLcKWDeb,,,,No,,"{""*"":{""read"":true},""role:Administrator"":{""read"":true,""write"":true}}",Herd,Tue Jan 14 2020 21:16:25 GMT-0500 (Eastern Standard Time),,,,,,,,,,,,,,No,,,,,Tue Jan 14 2020 21:16:25 GMT-0500 (Eastern Standard Time),,,,,wta_backgrounds
E8HIzWs2go,,,,,,"{""*"":{""read"":true},""role:Administrator"":{""read"":true,""write"":true}}",Blessing of St. Blaise,Tue Jan 14 2020 21:16:23 GMT-0500 (Eastern Standard Time),,,,,,,,,,,,,,,,,,Faction,Tue Jan 14 2020 21:16:23 GMT-0500 (Eastern Standard Time),,Order of St. Blaise,,,sabbat_rituals
E8NAggTD1C,,,,,,"{""*"":{""read"":true},""role:Administrator"":{""read"":true,""write"":true}}",Nightmare Born,Tue Jan 14 2020 21:16:15 GMT-0500 (Eastern Standard Time),,,,,,,,,,,,,,,,,,,Tue Jan 14 2020 21:16:15 GMT-0500 (Eastern Standard Time),,,,,ctdbs_merits
E8O7YaQ7oj,,,,,,"{""*"":{""read"":true},""role:Administrator"":{""read"":true,""write"":true}}",Theurge,Tue Jan 14 2020 21:16:17 GMT-0500 (Eastern Standard Time),,,,,,,,,,,,,,,,,,,Tue Jan 14 2020 21:16:17 GMT-0500 (Eastern Standard Time),,,,,extra_affinity_links
E99BFTKIOz,,,,,,"{""*"":{""read"":true},""role:Administrator"":{""read"":true,""write"":true}}",Deep Sleeper,Tue Jan 14 2020 21:16:18 GMT-0500 (Eastern Standard Time),,,,2,,Morality counts as -2 for purpose of staying awake in the day and determining daytime penalties.,,,,,,,,,,,,General,Tue Jan 14 2020 21:16:18 GMT-0500 (Eastern Standard Time),,,,,flaws
EANnbg8FZJ,,,,,,"{""*"":{""read"":true},""role:Administrator"":{""read"":true,""write"":true}}",Lesser Generation 2,Tue Jan 14 2020 21:16:18 GMT-0500 (Eastern Standard Time),,,,2,,Neonate is of the 13th Generation. Flaw cannot be taken by Elders.,,,,,,,,,,,,General,Tue Jan 14 2020 21:16:18 GMT-0500 (Eastern Standard Time),,,,,flaws
EAvrKwtsQM,,,,,,"{""*"":{""read"":true},""role:Administrator"":{""read"":true,""write"":true}}",Bloodline: Samedi,Tue Jan 14 2020 21:16:20 GMT-0500 (Eastern Standard Time),,,,2,,,,,,,,,,,,,,,Tue Jan 14 2020 21:16:20 GMT-0500 (Eastern Standard Time),,,,,merits
EEnQrXJuEW,,,,,,"{""*"":{""read"":true},""role:Administrator"":{""read"":true,""write"":true}}",Bloody Feast,Tue Jan 14 2020 21:16:28 GMT-0500 (Eastern Standard Time),,,,3,,,,,,,,,Charisma,,,No,Wendigo,Tribal,Tue Jan 14 2020 21:16:28 GMT-0500 (Eastern Standard Time),,,,,wta_gifts
EFHmqyUAEE,,,,,,"{""*"":{""read"":true},""role:Administrator"":{""read"":true,""write"":true}}",Homid,Tue Jan 14 2020 21:16:27 GMT-0500 (Eastern Standard Time),,,,,,Homid breed may vent rage quicker; tool user,,,,,,,,,,,,Bastet,Tue Jan 14 2020 21:16:27 GMT-0500 (Eastern Standard Time),,,,,wta_forms
EHOTdILGEz,,,,,,"{""*"":{""read"":true},""role:Administrator"":{""read"":true,""write"":true}}",Insulated ,Tue Jan 14 2020 21:16:26 GMT-0500 (Eastern Standard Time),,,,1,,,Fetish,Weapon,,,,,,,,,,,Tue Jan 14 2020 21:16:26 GMT-0500 (Eastern Standard Time),,,,,wta_fetish_traits
EHY0G6f2Z8,,,,,,"{""*"":{""read"":true},""role:Administrator"":{""read"":true,""write"":true}}",Arboreal,Tue Jan 14 2020 21:16:11 GMT-0500 (Eastern Standard Time),1,,,,,,,,,,,,,,,,,,Tue Jan 14 2020 21:16:11 GMT-0500 (Eastern Standard Time),,,,,ctdbs_arts_affinities_links
EHy3zKkLDW,,,,,,"{""*"":{""read"":true},""role:Administrator"":{""read"":true,""write"":true}}",Psychology,Tue Jan 14 2020 21:16:09 GMT-0500 (Eastern Standard Time),1,,,,,,,,,,,,,,,,,,Tue Jan 14 2020 21:16:09 GMT-0500 (Eastern Standard Time),,,,,academics_specializations
EPdERBHFBt,,,General,,,"{""*"":{""read"":true},""role:Administrator"":{""read"":true,""write"":true}}",Warned,Thu Feb 13 2020 22:50:16 GMT-0500 (Eastern Standard Time),,,,,,,,,,,,,,,,,,Negative,Tue Jan 14 2020 21:16:24 GMT-0500 (Eastern Standard Time),,,,,status_traits
ERfDahEAIn,,,,,,"{""*"":{""read"":true},""role:Administrator"":{""read"":true,""write"":true}}",Imperator,Sun Feb 15 2026 13:14:10 GMT-0500 (Eastern Standard Time),,,,,,,,,,,,,,,,,,Camarilla,Tue Jan 14 2020 21:16:25 GMT-0500 (Eastern Standard Time),,,,,titles
ETspWtFWs9,,,,,,"{""*"":{""read"":true},""role:Administrator"":{""read"":true,""write"":true}}",Nosferatu,Sun Mar 01 2020 22:37:46 GMT-0500 (Eastern Standard Time),1,,,,,,,,,,,,,,,,,,Tue Jan 14 2020 21:16:20 GMT-0500 (Eastern Standard Time),,,,,lore_specializations
Eb3fOhDOuW,,,Anarch,,,"{""*"":{""read"":true},""role:Administrator"":{""read"":true,""write"":true}}",Thug,Thu Feb 13 2020 22:50:15 GMT-0500 (Eastern Standard Time),,,,,,,,,,,,,,,,,,Fleeting,Tue Jan 14 2020 21:16:24 GMT-0500 (Eastern Standard Time),,,,,status_traits
EdBRlIpERF,,,,,,"{""*"":{""read"":true},""role:Administrator"":{""read"":true,""write"":true}}",Quietus,Tue Jan 14 2020 21:16:18 GMT-0500 (Eastern Standard Time),,,,,,,,,,,,,,,,,,,Tue Jan 14 2020 21:16:18 GMT-0500 (Eastern Standard Time),,,,,extra_in_clan_disciplines
EdJjijiijR,,,,,,"{""*"":{""read"":true},""role:Administrator"":{""read"":true,""write"":true}}",Traditionalist,Tue Jan 14 2020 21:16:10 GMT-0500 (Eastern Standard Time),,,,,,,,,,,,,,,,,,,Tue Jan 14 2020 21:16:10 GMT-0500 (Eastern Standard Time),,,,,archetypes
EeblslaCFH,,,,,,"{""*"":{""read"":true},""role:Administrator"":{""read"":true,""write"":true}}",Freak,Tue Jan 14 2020 21:16:10 GMT-0500 (Eastern Standard Time),,,,,,,,,,,,,,,,,,,Tue Jan 14 2020 21:16:10 GMT-0500 (Eastern Standard Time),,,,,archetypes_2
EfU6yDGiv3,,,,,,"{""*"":{""read"":true},""role:Administrator"":{""read"":true,""write"":true}}",Malkavian Time,Tue Jan 14 2020 21:16:21 GMT-0500 (Eastern Standard Time),,Malkavian,,2,,,,,,,,,,,36,,,,Tue Jan 14 2020 21:16:21 GMT-0500 (Eastern Standard Time),,,,,merits
EhR1RTUb0E,,,,,,"{""*"":{""read"":true},""role:Administrator"":{""read"":true,""write"":true}}",Dementation: Deny,Tue Jan 14 2020 21:16:17 GMT-0500 (Eastern Standard Time),,,,,,,,,,,,,,,,,,,Tue Jan 14 2020 21:16:17 GMT-0500 (Eastern Standard Time),,,,,elder_disciplines
EhdK7tnFfn,,Ratkin,,,,"{""*"":{""read"":true},""role:Administrator"":{""read"":true,""write"":true}}",Blood Memory,Tue Jan 14 2020 21:16:31 GMT-0500 (Eastern Standard Time),,,,1,,,,,,,,,,,,,,Fera,Tue Jan 14 2020 21:16:31 GMT-0500 (Eastern Standard Time),,,,,wta_merits
EiEfbQYnhO,,,,,,"{""*"":{""read"":true},""role:Administrator"":{""read"":true,""write"":true}}",Bloodline: Ahrimanes,Tue Jan 14 2020 21:16:20 GMT-0500 (Eastern Standard Time),,,,4,,,,,,,,,,,,,,,Tue Jan 14 2020 21:16:20 GMT-0500 (Eastern Standard Time),,,,,merits
Ej5OlxIPoV,,,,,,"{""*"":{""read"":true},""role:Administrator"":{""read"":true,""write"":true}}",Unyielding,Tue Jan 14 2020 21:16:15 GMT-0500 (Eastern Standard Time),,,,4,,,,,,,,,,,,,,,Tue Jan 14 2020 21:16:15 GMT-0500 (Eastern Standard Time),,,,,ctdbs_merits
EmPWFOlYe5,,,,,,"{""*"":{""read"":true},""role:Administrator"":{""read"":true,""write"":true}}",Trickster,Tue Jan 14 2020 21:16:10 GMT-0500 (Eastern Standard Time),,,,,,,,,,,,,,,,,,,Tue Jan 14 2020 21:16:10 GMT-0500 (Eastern Standard Time),,,,,archetypes
EmYlVc4N1z,,,,,,"{""*"":{""read"":true},""role:Administrator"":{""read"":true,""write"":true}}",Slippery Customer,Tue Jan 14 2020 21:16:32 GMT-0500 (Eastern Standard Time),,,,2,,,,,,,,,,,,,,General,Tue Jan 14 2020 21:16:32 GMT-0500 (Eastern Standard Time),,,,,wta_merits
EnKPK8so7o,,,,,,"{""*"":{""read"":true},""role:Administrator"":{""read"":true,""write"":true}}",Wits,Tue Jan 14 2020 21:16:19 GMT-0500 (Eastern Standard Time),2,,,,,,,,,,,,,,,,,,Tue Jan 14 2020 21:16:19 GMT-0500 (Eastern Standard Time),,,,,focus_mentals
EnTnuiX4IT,,requires_specialization,,,Set which Necromantic Path will be learned with this merit.,"{""*"":{""read"":true},""role:Administrator"":{""read"":true,""write"":true}}",Necromantic Training,Sun Aug 29 2021 11:21:31 GMT-0400 (Eastern Daylight Time),,,,5,,"Opens up List 5 as an out of Clan Discipline, can never have Necromancy without this merit.",,,,,,,,,252,,,General,Tue Jan 14 2020 21:16:21 GMT-0500 (Eastern Standard Time),,,,,merits
EoqdvRJ7V6,,Corax,,,,"{""*"":{""read"":true},""role:Administrator"":{""read"":true,""write"":true}}",Grey Hats,Tue Jan 14 2020 21:16:25 GMT-0500 (Eastern Standard Time),,,,,,,,,,,,,,,,,,,Tue Jan 14 2020 21:16:25 GMT-0500 (Eastern Standard Time),,,,,wta_camps
EszVceHErB,,,,,,"{""*"":{""read"":true},""role:Administrator"":{""read"":true,""write"":true}}",Daimoinon,Tue Jan 14 2020 21:16:17 GMT-0500 (Eastern Standard Time),,,,,,,,,,,,,,,,,,,Tue Jan 14 2020 21:16:17 GMT-0500 (Eastern Standard Time),,,,,extra_in_clan_disciplines
Et4y4VumMY,,,,,,"{""*"":{""read"":true},""role:Administrator"":{""read"":true,""write"":true}}",Renaissance Mindset,Tue Jan 14 2020 21:16:21 GMT-0500 (Eastern Standard Time),,Bloodline: True Brujah,,2,,,,,,,,,,,26,,,,Tue Jan 14 2020 21:16:21 GMT-0500 (Eastern Standard Time),,,,,merits
EuAWCu86Jx,,,,,,"{""*"":{""read"":true},""role:Administrator"":{""read"":true,""write"":true}}",House Beaumayn,Tue Jan 14 2020 21:16:16 GMT-0500 (Eastern Standard Time),,,,,,,,,,,,,,,,,,,Tue Jan 14 2020 21:16:16 GMT-0500 (Eastern Standard Time),,,,,ctdbs_noble_houses
EuMIA9p0YM,,,,,,"{""*"":{""read"":true},""role:Administrator"":{""read"":true,""write"":true}}",Disease Carrier,Tue Jan 14 2020 21:16:18 GMT-0500 (Eastern Standard Time),,,,4,,"Mortals fed from die, unless Stamina focused. Costs +1 downtime to feed safely. If the extra downtime isn't spent, gain a Beast trait. Feeding during game takes twice as long to do it safely. If the extra time isn't taken, gain a Beast trait. Cannot be taken by Bloodline: Lamia.",,,,,,,,,,,,General,Tue Jan 14 2020 21:16:18 GMT-0500 (Eastern Standard Time),,,,,flaws
EuS3fEsQMg,,,,,,"{""*"":{""read"":true},""role:Administrator"":{""read"":true,""write"":true}}",Wolf in Sheep's Clothing,Tue Jan 14 2020 21:16:32 GMT-0500 (Eastern Standard Time),,,,1,,,,,,,,,,,,,,General,Tue Jan 14 2020 21:16:32 GMT-0500 (Eastern Standard Time),,,,,wta_merits
Evw8J4MRHo,,,,,,"{""*"":{""read"":true},""role:Administrator"":{""read"":true,""write"":true}}",Templar,Sun Feb 15 2026 13:14:11 GMT-0500 (Eastern Standard Time),,,,,,,,,,,,,,,,,,Sabbat,Tue Jan 14 2020 21:16:25 GMT-0500 (Eastern Standard Time),,,,,titles
EwEsyIp7DH,,,,,,"{""*"":{""read"":true},""role:Administrator"":{""read"":true,""write"":true}}",Permanent Wound,Tue Jan 14 2020 21:16:18 GMT-0500 (Eastern Standard Time),,,,3,,"Unhealable wound, lose two Healthy wound levels.",,,,,,,,,,,,General,Tue Jan 14 2020 21:16:18 GMT-0500 (Eastern Standard Time),,,,,flaws
EwfLQwaTft,,,,,,"{""*"":{""read"":true},""role:Administrator"":{""read"":true,""write"":true}}",Danse Macabre,Tue Jan 14 2020 21:16:23 GMT-0500 (Eastern Standard Time),,,,,,,,,,,,,,,,,,Ignoblis,Tue Jan 14 2020 21:16:23 GMT-0500 (Eastern Standard Time),,,,,sabbat_rituals
EyPTXLIvfU,,,,,,"{""*"":{""read"":true},""role:Administrator"":{""read"":true,""write"":true}}",The Agony Aunts,Tue Jan 14 2020 21:16:12 GMT-0500 (Eastern Standard Time),,,,,,,,,,,,,,,,,,,Tue Jan 14 2020 21:16:12 GMT-0500 (Eastern Standard Time),,,,,ctdbs_kith_group_types
EyQoctyMwj,,,,,,"{""*"":{""read"":true},""role:Administrator"":{""read"":true,""write"":true}}",English,Sat Feb 14 2026 18:11:48 GMT-0500 (Eastern Standard Time),1,,,,,,,,,,,,,,,,,,Tue Jan 14 2020 21:16:19 GMT-0500 (Eastern Standard Time),,,,,linguistics_specializations
EyrHNHA4du,,,,,,"{""*"":{""read"":true},""role:Administrator"":{""read"":true,""write"":true}}",Primal,Tue Jan 14 2020 21:16:11 GMT-0500 (Eastern Standard Time),7,,,,,,,,,,,,,,,,,,Tue Jan 14 2020 21:16:11 GMT-0500 (Eastern Standard Time),,,,,ctdbs_arts
F0F47gKXf6,,,,,,"{""*"":{""read"":true},""role:Administrator"":{""read"":true,""write"":true}}",Blink,Tue Jan 14 2020 21:16:28 GMT-0500 (Eastern Standard Time),,,,2,,,,,,,,,Perception,,,No,Bone Gnawers,Tribal,Tue Jan 14 2020 21:16:28 GMT-0500 (Eastern Standard Time),,,,,wta_gifts
F0vquyUxHc,,Lasombra,,,,"{""*"":{""read"":true},""role:Administrator"":{""read"":true,""write"":true}}",Path of Night,Tue Jan 14 2020 21:16:21 GMT-0500 (Eastern Standard Time),,,,3,,,,,,,,,,,,,,Morality,Tue Jan 14 2020 21:16:21 GMT-0500 (Eastern Standard Time),,,,,merits
F1fgNC0Jfx,,Children Of Gaia,,,,"{""*"":{""read"":true},""role:Administrator"":{""read"":true,""write"":true}}",Servants of the Unicorn,Tue Jan 14 2020 21:16:26 GMT-0500 (Eastern Standard Time),,,,,,,,,,,,,,,,,,,Tue Jan 14 2020 21:16:26 GMT-0500 (Eastern Standard Time),,,,,wta_camps
F2KGgeizse,,,,,,"{""*"":{""read"":true},""role:Administrator"":{""read"":true,""write"":true}}",Type-A Personality,Tue Jan 14 2020 21:16:10 GMT-0500 (Eastern Standard Time),,,,,,,,,,,,,,,,,,,Tue Jan 14 2020 21:16:10 GMT-0500 (Eastern Standard Time),,,,,archetype_2s
F5dmS7F6UG,,,,,,"{""*"":{""read"":true},""role:Administrator"":{""read"":true,""write"":true}}",Mercenary,Tue Jan 14 2020 21:16:10 GMT-0500 (Eastern Standard Time),,,,,,,,,,,,,,,,,,,Tue Jan 14 2020 21:16:10 GMT-0500 (Eastern Standard Time),,,,,archetypes_2
F6pupxwXL3,,,,,,"{""*"":{""read"":true},""role:Administrator"":{""read"":true,""write"":true}}",Unaffiliated,Sat Feb 14 2026 18:17:01 GMT-0500 (Eastern Standard Time),,,,,,,,,,,,,,,,,,,Tue Jan 14 2020 21:16:23 GMT-0500 (Eastern Standard Time),,,,,sects
F7um1iLMnI,,Assamite,,,,"{""*"":{""read"":true},""role:Administrator"":{""read"":true,""write"":true}}",Path of Blood,Tue Jan 14 2020 21:16:21 GMT-0500 (Eastern Standard Time),,,,3,,,,,,,,,,,,,,Morality,Tue Jan 14 2020 21:16:21 GMT-0500 (Eastern Standard Time),,,,,merits
F9JTiWPwSn,,,,,,"{""*"":{""read"":true},""role:Administrator"":{""read"":true,""write"":true}}",Heart of Fury,Tue Jan 14 2020 21:16:29 GMT-0500 (Eastern Standard Time),,,,5,,,,,,,,,Appearance,,,No,Philodox,General,Tue Jan 14 2020 21:16:29 GMT-0500 (Eastern Standard Time),Galliard,,,,wta_gifts
FEa4ayOTO9,,,,,,"{""*"":{""read"":true},""role:Administrator"":{""read"":true,""write"":true}}",Royalty,Tue Jan 14 2020 21:16:09 GMT-0500 (Eastern Standard Time),,,,,,,,,,,,,,,,,,,Tue Jan 14 2020 21:16:09 GMT-0500 (Eastern Standard Time),,,,,archetype_2
FJKZZ8O8kl,,,,,,"{""*"":{""read"":true},""role:Administrator"":{""read"":true,""write"":true}}",Primogen,Sun Feb 15 2026 13:14:10 GMT-0500 (Eastern Standard Time),,,,,,,,,,,,,,,,,,Camarilla,Tue Jan 14 2020 21:16:25 GMT-0500 (Eastern Standard Time),,,,,titles
FJP9KdQDqL,,,,,,"{""*"":{""read"":true},""role:Administrator"":{""read"":true,""write"":true}}",Antique,Tue Jan 14 2020 21:16:30 GMT-0500 (Eastern Standard Time),,,Melee,,Ranged,,Armor,General,,,Fetish,,,,,,,,Tue Jan 14 2020 21:16:30 GMT-0500 (Eastern Standard Time),,,,,wta_item_traits
FJl3RSDuqP,,,,,,"{""*"":{""read"":true},""role:Administrator"":{""read"":true,""write"":true}}",Koto,Tue Jan 14 2020 21:16:27 GMT-0500 (Eastern Standard Time),,,,,,"Gain bite attack; +2 Athletics, Brawl, Melee, & Firearms, +3 Dodge; +1 damage bite attacks; may gain tail; tool user; ",,,,,,,Stamina: +3 wound levels; 1 in each category,,,,,Kitsune,Tue Jan 14 2020 21:16:27 GMT-0500 (Eastern Standard Time),,,,,wta_forms
FJyi6wTwRv,,,,,,"{""*"":{""read"":true},""role:Administrator"":{""read"":true,""write"":true}}",Chest Plate,Tue Jan 14 2020 21:16:31 GMT-0500 (Eastern Standard Time),,,,,,,Armor,,,,,,,,,,,,Tue Jan 14 2020 21:16:31 GMT-0500 (Eastern Standard Time),,,,,wta_item_traits
FR3IppbAXw,,,,,,"{""*"":{""read"":true},""role:Administrator"":{""read"":true,""write"":true}}",Acute Sense,Tue Jan 14 2020 21:16:13 GMT-0500 (Eastern Standard Time),,,,1,,,,,,,,,,,,,,,Tue Jan 14 2020 21:16:13 GMT-0500 (Eastern Standard Time),,,,,ctdbs_merits
FR4trHDPck,,,,,,"{""*"":{""read"":true},""role:Administrator"":{""read"":true,""write"":true}}",Necromancy: Bone Path,Sun Jan 26 2020 15:30:50 GMT-0500 (Eastern Standard Time),,,,,,,,,,,,,,,,,,,Tue Jan 14 2020 21:16:16 GMT-0500 (Eastern Standard Time),,,,,disciplines
FRdFoa7gEp,,,,,,"{""*"":{""read"":true},""role:Administrator"":{""read"":true,""write"":true}}",Arcane Branding,Tue Jan 14 2020 21:16:20 GMT-0500 (Eastern Standard Time),,Gargoyles,,1,,,,,,,,,,,54,,,,Tue Jan 14 2020 21:16:20 GMT-0500 (Eastern Standard Time),,,,,merits
FVfQSxrNlH,,,,,,"{""*"":{""read"":true},""role:Administrator"":{""read"":true,""write"":true}}",Reflection of Mercy,Tue Jan 14 2020 21:16:24 GMT-0500 (Eastern Standard Time),,,,,,,,,,,,,,,,,,,Tue Jan 14 2020 21:16:24 GMT-0500 (Eastern Standard Time),,,,,techniques
FWgXscsHVv,,,,,,"{""*"":{""read"":true},""role:Administrator"":{""read"":true,""write"":true}}",Inner Circle,Sun Feb 15 2026 13:14:10 GMT-0500 (Eastern Standard Time),,,,,,,,,,,,,,,,,,Camarilla,Tue Jan 14 2020 21:16:25 GMT-0500 (Eastern Standard Time),,,,,titles
FczSE20KDc,,,,,,"{""*"":{""read"":true},""role:Administrator"":{""read"":true,""write"":true}}",Jam Technology,Tue Jan 14 2020 21:16:29 GMT-0500 (Eastern Standard Time),,,,2,,,,,,,,,Intelligence,,,No,Ragabash,General,Tue Jan 14 2020 21:16:29 GMT-0500 (Eastern Standard Time),Homid,,,,wta_gifts
Fe0MHIE3ii,,,,,,"{""*"":{""read"":true},""role:Administrator"":{""read"":true,""write"":true}}",Undead Vulnerability,Tue Jan 14 2020 21:16:12 GMT-0500 (Eastern Standard Time),,,,3,,,,,,,,,,,,,,,Tue Jan 14 2020 21:16:12 GMT-0500 (Eastern Standard Time),,,,,ctdbs_flaws
FeNUPn5YFx,,Glass Walkers,,,,"{""*"":{""read"":true},""role:Administrator"":{""read"":true,""write"":true}}",CyberDogs,Tue Jan 14 2020 21:16:25 GMT-0500 (Eastern Standard Time),,,,,,,,,,,,,,,,,,,Tue Jan 14 2020 21:16:25 GMT-0500 (Eastern Standard Time),,,,,wta_camps
FhCd9WCWsO,,,,,,"{""*"":{""read"":true},""role:Administrator"":{""read"":true,""write"":true}}",Dread,Tue Jan 14 2020 21:16:11 GMT-0500 (Eastern Standard Time),2,,,,,,,,,,,,,,,,,,Tue Jan 14 2020 21:16:11 GMT-0500 (Eastern Standard Time),,,,,ctdbs_arts_affinities_links
FjJmwGkwNl,,,,,,"{""*"":{""read"":true},""role:Administrator"":{""read"":true,""write"":true}}",Rara Avus,Tue Jan 14 2020 21:16:28 GMT-0500 (Eastern Standard Time),,,,,,Aggravted Claw & Peck(Bite) attacks; +3 Brawl and Dodge attacks; Flight at 6 steps; use custom tools,,,,,,,Strength: +4 Brawl & Dodge,,,,,Corax,Tue Jan 14 2020 21:16:28 GMT-0500 (Eastern Standard Time),,,,,wta_forms
FmaGh1uQxy,,,,,,"{""*"":{""read"":true},""role:Administrator"":{""read"":true,""write"":true}}",Lore,Tue Jan 14 2020 21:16:23 GMT-0500 (Eastern Standard Time),0,,,,,,,,,,,,,,unknown,,,,Tue Jan 14 2020 21:16:23 GMT-0500 (Eastern Standard Time),,,,,skills
FnBLY6XhCp,,,,,,"{""*"":{""read"":true},""role:Administrator"":{""read"":true,""write"":true}}",Pulse of Undeath,Tue Jan 14 2020 21:16:24 GMT-0500 (Eastern Standard Time),,,,,,,,,,,,,,,,,,,Tue Jan 14 2020 21:16:24 GMT-0500 (Eastern Standard Time),,,,,techniques
Fne3cgBXUU,,,,,,"{""*"":{""read"":true},""role:Administrator"":{""read"":true,""write"":true}}",Free Spirit,Tue Jan 14 2020 21:16:09 GMT-0500 (Eastern Standard Time),,,,,,,,,,,,,,,,,,,Tue Jan 14 2020 21:16:09 GMT-0500 (Eastern Standard Time),,,,,archetype_2
Fo0SILz63j,,,,,,"{""*"":{""read"":true},""role:Administrator"":{""read"":true,""write"":true}}",Obeah,Sun Jan 26 2020 15:30:50 GMT-0500 (Eastern Standard Time),,,,,,,,,,,,,,,,,,,Tue Jan 14 2020 21:16:16 GMT-0500 (Eastern Standard Time),,,,,disciplines
FoKNyeWJAI,,,,,,"{""*"":{""read"":true},""role:Administrator"":{""read"":true,""write"":true}}",Thaumaturgy: Flesh of the Fiery Touch,Tue Jan 14 2020 21:16:23 GMT-0500 (Eastern Standard Time),,,,3,,,,,,,,,,,,,,,Tue Jan 14 2020 21:16:23 GMT-0500 (Eastern Standard Time),,,,,rituals
FolcjqfT8z,,,,,,"{""*"":{""read"":true},""role:Administrator"":{""read"":true,""write"":true}}",Melpominee,Tue Jan 14 2020 21:16:17 GMT-0500 (Eastern Standard Time),,,,,,,,,,,,,,,,,,,Tue Jan 14 2020 21:16:17 GMT-0500 (Eastern Standard Time),,,,,extra_in_clan_disciplines
FqeG1mFNTy,,,,,,"{""*"":{""read"":true},""role:Administrator"":{""read"":true,""write"":true}}",Lucky,Tue Jan 14 2020 21:16:31 GMT-0500 (Eastern Standard Time),,,,2,,,,,,,,,,,,,,General,Tue Jan 14 2020 21:16:31 GMT-0500 (Eastern Standard Time),,,,,wta_merits
FrL9HmN40M,,,,,,"{""*"":{""read"":true},""role:Administrator"":{""read"":true,""write"":true}}",Incendiary Ammunition,Tue Jan 14 2020 21:16:31 GMT-0500 (Eastern Standard Time),,,,,Ranged,,,,,,,,,,,,,,Tue Jan 14 2020 21:16:31 GMT-0500 (Eastern Standard Time),,,,,wta_item_traits
FsoZO9fbKb,,Silver Fangs,,,,"{""*"":{""read"":true},""role:Administrator"":{""read"":true,""write"":true}}",The Sun Lodge,Tue Jan 14 2020 21:16:26 GMT-0500 (Eastern Standard Time),,,,,,,,,,,,,,,,,,,Tue Jan 14 2020 21:16:26 GMT-0500 (Eastern Standard Time),,,,,wta_camps
FtdIKoPYUE,,,,,,"{""*"":{""read"":true},""role:Administrator"":{""read"":true,""write"":true}}",Fianna,Tue Jan 14 2020 21:16:17 GMT-0500 (Eastern Standard Time),,,,,,,,,,,,,,,,,,,Tue Jan 14 2020 21:16:17 GMT-0500 (Eastern Standard Time),,,,,extra_affinity_links
FuBDD3WSpS,,,,,,"{""*"":{""read"":true},""role:Administrator"":{""read"":true,""write"":true}}",Architect,Tue Jan 14 2020 21:16:10 GMT-0500 (Eastern Standard Time),,,,,,,,,,,,,,,,,,,Tue Jan 14 2020 21:16:10 GMT-0500 (Eastern Standard Time),,,,,archetypes_2
FuTpCyVzr9,,,,,,"{""*"":{""read"":true},""role:Administrator"":{""read"":true,""write"":true}}",Influences: The Elite,Sun Jan 26 2020 15:30:12 GMT-0500 (Eastern Standard Time),0,,,,,,,,,,,,,,103,,,,Tue Jan 14 2020 21:16:11 GMT-0500 (Eastern Standard Time),,,,,backgrounds
FuXvPxw7mJ,,,,,,"{""*"":{""read"":true},""role:Administrator"":{""read"":true,""write"":true}}",Swallow Rage,Tue Jan 14 2020 21:16:30 GMT-0500 (Eastern Standard Time),,,,2,,,,,,,,,Intelligence,,,No,Children of Gaia,Tribal,Tue Jan 14 2020 21:16:30 GMT-0500 (Eastern Standard Time),,,,,wta_gifts
G1UHEYoy2W,,,,,,"{""*"":{""read"":true},""role:Administrator"":{""read"":true,""write"":true}}",Dominion,Sun Feb 15 2026 13:14:10 GMT-0500 (Eastern Standard Time),,,,,,,,,,,,,,,,,,Sabbat,Tue Jan 14 2020 21:16:25 GMT-0500 (Eastern Standard Time),,,,,titles
G3GUMNak4w,,,General,,,"{""*"":{""read"":true},""role:Administrator"":{""read"":true,""write"":true}}",Praised,Thu Feb 13 2020 22:50:14 GMT-0500 (Eastern Standard Time),,,,,,,,,,,,,,,,,,Fleeting,Tue Jan 14 2020 21:16:23 GMT-0500 (Eastern Standard Time),,,,,status_traits
G6mCSESpev,,,,,,"{""*"":{""read"":true},""role:Administrator"":{""read"":true,""write"":true}}",Restorative,Tue Jan 14 2020 21:16:26 GMT-0500 (Eastern Standard Time),,,,1,Talen,,Fetish,,,,,,,,,,,,Tue Jan 14 2020 21:16:26 GMT-0500 (Eastern Standard Time),,,,,wta_fetish_traits
G9Fe3OdE9b,,,,,,"{""*"":{""read"":true},""role:Administrator"":{""read"":true,""write"":true}}",Lord Commander,Sun Feb 15 2026 13:14:10 GMT-0500 (Eastern Standard Time),,,,,,,,,,,,,,,,,,Lasombra,Thu Feb 13 2020 22:47:26 GMT-0500 (Eastern Standard Time),,,,,titles
GAYDWbBQTI,,,,No,,"{""*"":{""read"":true},""role:Administrator"":{""read"":true,""write"":true}}",Addiction (Sedatives),Tue Jan 14 2020 21:16:27 GMT-0500 (Eastern Standard Time),,,,2,,,,,,,,,,,,,,,Tue Jan 14 2020 21:16:27 GMT-0500 (Eastern Standard Time),,,,,wta_flaws
GAiAKbxO65,,requires_specialization,,,,"{""*"":{""read"":true},""role:Administrator"":{""read"":true,""write"":true}}",Custom,Sat Feb 14 2026 18:10:12 GMT-0500 (Eastern Standard Time),0,,,,,,,,,,,,,,,,,,Tue Jan 14 2020 21:16:19 GMT-0500 (Eastern Standard Time),,,,,influence_underworld_specializations
GCGzkzUQGR,,,,,,"{""*"":{""read"":true},""role:Administrator"":{""read"":true,""write"":true}}",Leader,Tue Jan 14 2020 21:16:09 GMT-0500 (Eastern Standard Time),,,,,,,,,,,,,,,,,,,Tue Jan 14 2020 21:16:09 GMT-0500 (Eastern Standard Time),,,,,archetype_2
GE8n1VHFWq,,,,,,"{""*"":{""read"":true},""role:Administrator"":{""read"":true,""write"":true}}",Hardened,Tue Jan 14 2020 21:16:31 GMT-0500 (Eastern Standard Time),,,,,,,Armor,,,Talen,,,,,,,,,Tue Jan 14 2020 21:16:31 GMT-0500 (Eastern Standard Time),,,,,wta_item_traits
GFXYBOu6jO,,,,,,"{""*"":{""read"":true},""role:Administrator"":{""read"":true,""write"":true}}",Entitlement,Tue Jan 14 2020 21:16:13 GMT-0500 (Eastern Standard Time),,,,2,,,,,,,,,,,,,,,Tue Jan 14 2020 21:16:13 GMT-0500 (Eastern Standard Time),,,,,ctdbs_merits
GGHVLbZtNn,,,,,,"{""*"":{""read"":true},""role:Administrator"":{""read"":true,""write"":true}}",Magic Susceptibility,Tue Jan 14 2020 21:16:18 GMT-0500 (Eastern Standard Time),,,,2,,"Cannot spend Willpower to retest Thaumaturgy, Necromancy or other forms of magic.",,,,,,,,,,,,General,Tue Jan 14 2020 21:16:18 GMT-0500 (Eastern Standard Time),,,,,flaws
GGHcXhudzb,,,,,,"{""*"":{""read"":true},""role:Administrator"":{""read"":true,""write"":true}}",Salubri: Healer,Sun Mar 01 2020 22:37:46 GMT-0500 (Eastern Standard Time),1,,,,,,,,,,,,,,,,,,Tue Jan 14 2020 21:16:20 GMT-0500 (Eastern Standard Time),,,,,lore_specializations
GJuFNbHHFv,,,,,,"{""*"":{""read"":true},""role:Administrator"":{""read"":true,""write"":true}}",Thanatosis,Sun Jan 26 2020 15:30:50 GMT-0500 (Eastern Standard Time),,,,,,,,,,,,,,,,,,,Tue Jan 14 2020 21:16:16 GMT-0500 (Eastern Standard Time),,,,,disciplines
GKG1CY9T2C,,,,,,"{""*"":{""read"":true},""role:Administrator"":{""read"":true,""write"":true}}",Moloch's Heir,Tue Jan 14 2020 21:16:21 GMT-0500 (Eastern Standard Time),,Baali,,3,,,,,,,,,,,47,,,,Tue Jan 14 2020 21:16:21 GMT-0500 (Eastern Standard Time),,,,,merits
GLVgp50ZCC,,,,,,"{""*"":{""read"":true},""role:Administrator"":{""read"":true,""write"":true}}",Curiosity,Tue Jan 14 2020 21:16:12 GMT-0500 (Eastern Standard Time),,,,2,,,,,,,,,,,,,,,Tue Jan 14 2020 21:16:12 GMT-0500 (Eastern Standard Time),,,,,ctdbs_flaws
GMHFuiKePg,,,,,,"{""*"":{""read"":true},""role:Administrator"":{""read"":true,""write"":true}}",The Book of Thoth,Tue Jan 14 2020 21:16:25 GMT-0500 (Eastern Standard Time),8,,,,,,,,,,,,,,,,,,Tue Jan 14 2020 21:16:25 GMT-0500 (Eastern Standard Time),,,,,vampiric_texts
GNPIUmHLAn,,,,,,"{""*"":{""read"":true},""role:Administrator"":{""read"":true,""write"":true}}",Deadly,Tue Jan 14 2020 21:16:26 GMT-0500 (Eastern Standard Time),,,,2,Talen,,,,,,,,,,,,,,Tue Jan 14 2020 21:16:26 GMT-0500 (Eastern Standard Time),,,,,wta_fetish_traits
GNV6uF0iig,,,,,,"{""*"":{""read"":true},""role:Administrator"":{""read"":true,""write"":true}}",Reflection of Endurance,Tue Jan 14 2020 21:16:24 GMT-0500 (Eastern Standard Time),,,,,,,,,,,,,,,,,,,Tue Jan 14 2020 21:16:24 GMT-0500 (Eastern Standard Time),,,,,techniques
GRHUGxQUEh,,,,,,"{""*"":{""read"":true},""role:Administrator"":{""read"":true,""write"":true}}",Scent of the Prey,Tue Jan 14 2020 21:16:29 GMT-0500 (Eastern Standard Time),,,,3,,,,,,,,,Perception,,,Yes,Ragabash,General,Tue Jan 14 2020 21:16:29 GMT-0500 (Eastern Standard Time),Lupus,,,,wta_gifts
GSFA41YkoI,,,,,,"{""*"":{""read"":true},""role:Administrator"":{""read"":true,""write"":true}}",Thaumaturgy: Severed Hand,Tue Jan 14 2020 21:16:23 GMT-0500 (Eastern Standard Time),,,,4,,,,,,,,,,,,,,,Tue Jan 14 2020 21:16:23 GMT-0500 (Eastern Standard Time),,,,,rituals
GWE0nFYnQ4,,,,,,"{""*"":{""read"":true},""role:Administrator"":{""read"":true,""write"":true}}",Scion of Death,Tue Jan 14 2020 21:16:22 GMT-0500 (Eastern Standard Time),,GiovanniPremascine,,3,,,,,,,,,,,34,,,,Tue Jan 14 2020 21:16:22 GMT-0500 (Eastern Standard Time),,,,,merits
GXsAVmSb0Q,,,,,,"{""*"":{""read"":true},""role:Administrator"":{""read"":true,""write"":true}}",Personal Masquerade,Tue Jan 14 2020 21:16:21 GMT-0500 (Eastern Standard Time),,,,1,,Appear alive and healthy. Can consume food and drink. Cannot be on a Path of Enlightenment.,,,,,,,,,,,,General,Tue Jan 14 2020 21:16:21 GMT-0500 (Eastern Standard Time),,,,,merits
GYon0gH21V,,,,,,"{""*"":{""read"":true},""role:Administrator"":{""read"":true,""write"":true}}",Malkavian: Ananke,Tue Aug 31 2021 02:28:48 GMT-0400 (Eastern Daylight Time),,,,,,,,,,,,,,,,,,,Tue Jan 14 2020 21:16:11 GMT-0500 (Eastern Standard Time),,,,,clans
GbDNd7KM5S,,,,,,"{""*"":{""read"":true},""role:Administrator"":{""read"":true,""write"":true}}",Executioner,Sun Feb 15 2026 13:14:10 GMT-0500 (Eastern Standard Time),,,,,,,,,,,,,,,,,,Independent Alliance,Thu Feb 13 2020 22:47:29 GMT-0500 (Eastern Standard Time),,,,,titles
GbdxefTBzQ,,,,,,"{""*"":{""read"":true},""role:Administrator"":{""read"":true,""write"":true}}",Soldier,Sun Feb 15 2026 13:14:11 GMT-0500 (Eastern Standard Time),,,,,,,,,,,,,,,,,,Giovanni,Thu Feb 13 2020 22:47:27 GMT-0500 (Eastern Standard Time),,,,,titles
Gc0d4Jrbrg,,,,,,"{""*"":{""read"":true},""role:Administrator"":{""read"":true,""write"":true}}",Enchanced Fae Mein,Tue Jan 14 2020 21:16:13 GMT-0500 (Eastern Standard Time),,,,1,,,,,,,,,,,,,,,Tue Jan 14 2020 21:16:13 GMT-0500 (Eastern Standard Time),,,,,ctdbs_merits
GcowvFumKi,,,,,,"{""*"":{""read"":true},""role:Administrator"":{""read"":true,""write"":true}}",Banshee's Wail,Tue Jan 14 2020 21:16:24 GMT-0500 (Eastern Standard Time),,,,,,,,,,,,,,,,,,,Tue Jan 14 2020 21:16:24 GMT-0500 (Eastern Standard Time),,,,,techniques
GexwjnpTkk,,,,,,"{""*"":{""read"":true},""role:Administrator"":{""read"":true,""write"":true}}",Dominate,Sun Jan 26 2020 15:30:50 GMT-0500 (Eastern Standard Time),,,,,,,,,,,,,,,,,,,Tue Jan 14 2020 21:16:16 GMT-0500 (Eastern Standard Time),,,,,disciplines
Ggxf7cwfMR,,,,,,"{""*"":{""read"":true},""role:Administrator"":{""read"":true,""write"":true}}",Artist,Tue Jan 14 2020 21:16:10 GMT-0500 (Eastern Standard Time),,,,,,,,,,,,,,,,,,,Tue Jan 14 2020 21:16:10 GMT-0500 (Eastern Standard Time),,,,,archetypes
GhFLPV2nWv,,,,,,"{""*"":{""read"":true},""role:Administrator"":{""read"":true,""write"":true}}",Malkavian: Ananke,Sun Mar 01 2020 22:37:46 GMT-0500 (Eastern Standard Time),1,,,,,,,,,,,,,,,,,,Tue Jan 14 2020 21:16:20 GMT-0500 (Eastern Standard Time),,,,,lore_specializations
GlKTUNK4Va,,,,,,"{""*"":{""read"":true},""role:Administrator"":{""read"":true,""write"":true}}",Vexing Hecklers,Tue Jan 14 2020 21:16:24 GMT-0500 (Eastern Standard Time),,,,,,,,,,,,,,,,,,,Tue Jan 14 2020 21:16:24 GMT-0500 (Eastern Standard Time),,,,,techniques
GndYocKpyG,,,,,,"{""*"":{""read"":true},""role:Administrator"":{""read"":true,""write"":true}}",Haunted,Tue Jan 14 2020 21:16:12 GMT-0500 (Eastern Standard Time),,,,1,,,,,,,,,,,,,,,Tue Jan 14 2020 21:16:12 GMT-0500 (Eastern Standard Time),,,,,ctdbs_flaws
Gr785G33VA,,,,,,"{""*"":{""read"":true},""role:Administrator"":{""read"":true,""write"":true}}",Exquisite Taste,Tue Jan 14 2020 21:16:13 GMT-0500 (Eastern Standard Time),,,,3,,,,,,,,,,,,,,,Tue Jan 14 2020 21:16:13 GMT-0500 (Eastern Standard Time),,,,,ctdbs_merits
GsTwXRr6sF,,,,,,"{""*"":{""read"":true},""role:Administrator"":{""read"":true,""write"":true}}",Catholic churches,Sat Feb 14 2026 18:08:11 GMT-0500 (Eastern Standard Time),1,,,,,,,,,,,,,,,,,,Tue Jan 14 2020 21:16:19 GMT-0500 (Eastern Standard Time),,,,,influence_elite_specializations
GscGTxYHzY,,,,,,"{""*"":{""read"":true},""role:Administrator"":{""read"":true,""write"":true}}",Necromancy: Dark Assistant,Tue Jan 14 2020 21:16:22 GMT-0500 (Eastern Standard Time),,,,1,,,,,,,,,,,,,,,Tue Jan 14 2020 21:16:22 GMT-0500 (Eastern Standard Time),,,,,rituals
GszUGEwW1Y,,,,,,"{""*"":{""read"":true},""role:Administrator"":{""read"":true,""write"":true}}",Brawl,Tue Jan 14 2020 21:16:23 GMT-0500 (Eastern Standard Time),0,,,,,,,,,,,,,,unknown,,,,Tue Jan 14 2020 21:16:23 GMT-0500 (Eastern Standard Time),,,,,skills
GtElenVMNL,,Silent Striders,,,,"{""*"":{""read"":true},""role:Administrator"":{""read"":true,""write"":true}}",Harbingers,Tue Jan 14 2020 21:16:25 GMT-0500 (Eastern Standard Time),,,,,,,,,,,,,,,,,,,Tue Jan 14 2020 21:16:25 GMT-0500 (Eastern Standard Time),,,,,wta_camps
GuNyqJ0gxi,,,,,,"{""*"":{""read"":true},""role:Administrator"":{""read"":true,""write"":true}}",Fire Dance,Tue Jan 14 2020 21:16:23 GMT-0500 (Eastern Standard Time),,,,,,,,,,,,,,,,,,Auctoritas,Tue Jan 14 2020 21:16:23 GMT-0500 (Eastern Standard Time),,,,,sabbat_rituals
Gw9iOO3QJF,,,,,,"{""*"":{""read"":true},""role:Administrator"":{""read"":true,""write"":true}}",Caitiff,Tue Aug 31 2021 02:28:47 GMT-0400 (Eastern Daylight Time),,,,,,,,,,,,,,,,,,,Tue Jan 14 2020 21:16:11 GMT-0500 (Eastern Standard Time),,,,,clans
Gz9zSRgGuJ,,,,,,"{""*"":{""read"":true},""role:Administrator"":{""read"":true,""write"":true}}",Treasure Ineptitude,Tue Jan 14 2020 21:16:12 GMT-0500 (Eastern Standard Time),,,,4,,,,,,,,,,,,,,,Tue Jan 14 2020 21:16:12 GMT-0500 (Eastern Standard Time),,,,,ctdbs_flaws
H0BdlZ7Ro3,,,,,,"{""*"":{""read"":true},""role:Administrator"":{""read"":true,""write"":true}}",Necromancy: Din of the Damned,Tue Jan 14 2020 21:16:22 GMT-0500 (Eastern Standard Time),,,,2,,,,,,,,,,,,,,,Tue Jan 14 2020 21:16:22 GMT-0500 (Eastern Standard Time),,,,,rituals
H0wioBcHOC,,requires_specialization,,,,"{""*"":{""read"":true},""role:Administrator"":{""read"":true,""write"":true}}",Cursed,Tue Jan 14 2020 21:16:27 GMT-0500 (Eastern Standard Time),,requires_specialization,,1,,,,,,,,,,,,,,,Tue Jan 14 2020 21:16:27 GMT-0500 (Eastern Standard Time),,,,,wta_flaws
H1QshOBsDN,,,,,,"{""*"":{""read"":true},""role:Administrator"":{""read"":true,""write"":true}}",Icecraft,Tue Jan 14 2020 21:16:29 GMT-0500 (Eastern Standard Time),,,,1,,,,,,,,,Intelligence,,,No,Wendigo,Tribal,Tue Jan 14 2020 21:16:29 GMT-0500 (Eastern Standard Time),,,,,wta_gifts
H5oBXKOTYW,,,,,,"{""*"":{""read"":true},""role:Administrator"":{""read"":true,""write"":true}}",The journals of Thomas Bremond,Tue Jan 14 2020 21:16:25 GMT-0500 (Eastern Standard Time),24,,,,,,,,,,,,,,,,,,Tue Jan 14 2020 21:16:25 GMT-0500 (Eastern Standard Time),,,,,vampiric_texts
H9i4IXf43N,,Shadow Lords,,,,"{""*"":{""read"":true},""role:Administrator"":{""read"":true,""write"":true}}",Aura of Confidence,Tue Jan 14 2020 21:16:31 GMT-0500 (Eastern Standard Time),,,,1,,,,,,,,,,,,,,Tribal,Tue Jan 14 2020 21:16:31 GMT-0500 (Eastern Standard Time),,,,,wta_merits
H9xHyWOsNI,,,,,,"{""*"":{""read"":true},""role:Administrator"":{""read"":true,""write"":true}}",Thaumaturgy,Sun Mar 01 2020 22:37:46 GMT-0500 (Eastern Standard Time),1,,,,,,,,,,,,,,,,,,Sun Mar 01 2020 22:37:46 GMT-0500 (Eastern Standard Time),,,,,lore_specializations
HBp7wk9YEF,,,Sabbat,,,"{""*"":{""read"":true},""role:Administrator"":{""read"":true,""write"":true}}",Cowardly,Thu Feb 13 2020 22:50:13 GMT-0500 (Eastern Standard Time),,,,,,,,,,,,,,,,,,Negative,Tue Jan 14 2020 21:16:23 GMT-0500 (Eastern Standard Time),,,,,status_traits
HBvoXxkFoD,,,,,,"{""*"":{""read"":true},""role:Administrator"":{""read"":true,""write"":true}}",Dementation: Lingering Malaise,Tue Jan 14 2020 21:16:17 GMT-0500 (Eastern Standard Time),,,,,,,,,,,,,,,,,,,Tue Jan 14 2020 21:16:17 GMT-0500 (Eastern Standard Time),,,,,elder_disciplines
HC6qcDdHnB,,,,,,"{""*"":{""read"":true},""role:Administrator"":{""read"":true,""write"":true}}",Knights of the Tilted Windmills,Tue Jan 14 2020 21:16:12 GMT-0500 (Eastern Standard Time),,,,,,,,,,,,,,,,,,,Tue Jan 14 2020 21:16:12 GMT-0500 (Eastern Standard Time),,,,,ctdbs_kith_group_types
HCn82DGid9,,,,,,"{""*"":{""read"":true},""role:Administrator"":{""read"":true,""write"":true}}",Glabro,Tue Jan 14 2020 21:16:27 GMT-0500 (Eastern Standard Time),,,,,,"Aggravated Claw attacks; +3 Dodge skill, +1 Brawl, Melee, Firearms; Use tools",,,,,,,Dexterity: +5 Dodge vs. +3 Dodge,,,,,Garou,Tue Jan 14 2020 21:16:27 GMT-0500 (Eastern Standard Time),,,,,wta_forms
HDCqFIpnQG,,,,,,"{""*"":{""read"":true},""role:Administrator"":{""read"":true,""write"":true}}",Serpentis: Divine Image,Tue Jan 14 2020 21:16:17 GMT-0500 (Eastern Standard Time),,,,,,,,,,,,,,,,,,,Tue Jan 14 2020 21:16:17 GMT-0500 (Eastern Standard Time),,,,,elder_disciplines
HEUtpMtEs9,,,,,,"{""*"":{""read"":true},""role:Administrator"":{""read"":true,""write"":true}}",Lilian,Tue Jan 14 2020 21:16:28 GMT-0500 (Eastern Standard Time),,,,,,"Aggravted Claw & bite attacks; +4 Brawl and Athletics attacks, +2 Dodge",,,,,,,Strength: +6 Brawl & Athletics,,,,,Ananasi,Tue Jan 14 2020 21:16:28 GMT-0500 (Eastern Standard Time),,,,,wta_forms
HF8DI9siJh,,,,,,"{""*"":{""read"":true},""role:Administrator"":{""read"":true,""write"":true}}",Area studies,Tue Jan 14 2020 21:16:09 GMT-0500 (Eastern Standard Time),1,,,,,,,,,,,,,,,,,,Tue Jan 14 2020 21:16:09 GMT-0500 (Eastern Standard Time),,,,,academics_specializations
HMNJvtyPQb,,,,,,"{""*"":{""read"":true},""role:Administrator"":{""read"":true,""write"":true}}",Giovanni,Tue Aug 31 2021 02:28:48 GMT-0400 (Eastern Daylight Time),,,,,,,,,,,,,,,,,,,Tue Jan 14 2020 21:16:11 GMT-0500 (Eastern Standard Time),,,,,clans
HMOCqCatEW,,,,,,"{""*"":{""read"":true},""role:Administrator"":{""read"":true,""write"":true}}",Contacts,Tue Jan 14 2020 21:16:12 GMT-0500 (Eastern Standard Time),,,,,,,,,,,,,,,,,,,Tue Jan 14 2020 21:16:12 GMT-0500 (Eastern Standard Time),,,,,ctdbs_backgrounds
HMfUAG4fD4,,,,,,"{""*"":{""read"":true},""role:Administrator"":{""read"":true,""write"":true}}",Harbinger of Grace,Tue Jan 14 2020 21:16:24 GMT-0500 (Eastern Standard Time),,,,,,,,,,,,,,,,,,,Tue Jan 14 2020 21:16:24 GMT-0500 (Eastern Standard Time),,,,,techniques
HOjxxkFEqV,,,,,,"{""*"":{""read"":true},""role:Administrator"":{""read"":true,""write"":true}}",Pierce the Veil,Tue Jan 14 2020 21:16:21 GMT-0500 (Eastern Standard Time),,RavnosBrahman,,3,,,,,,,,,,,51,,,,Tue Jan 14 2020 21:16:21 GMT-0500 (Eastern Standard Time),,,,,merits
HPd24Zq6Gs,,,,,,"{""*"":{""read"":true},""role:Administrator"":{""read"":true,""write"":true}}",Philodox,Tue Jan 14 2020 21:16:17 GMT-0500 (Eastern Standard Time),,,,,,,,,,,,,,,,,,,Tue Jan 14 2020 21:16:17 GMT-0500 (Eastern Standard Time),,,,,extra_affinity_links
HQEoS3G9Gi,,,,,,"{""*"":{""read"":true},""role:Administrator"":{""read"":true,""write"":true}}",Animalism,Tue Jan 14 2020 21:16:17 GMT-0500 (Eastern Standard Time),,,,,,,,,,,,,,,,,,,Tue Jan 14 2020 21:16:17 GMT-0500 (Eastern Standard Time),,,,,extra_in_clan_disciplines
HQlALCidDJ,,,,,,"{""*"":{""read"":true},""role:Administrator"":{""read"":true,""write"":true}}",Size,Tue Jan 14 2020 21:16:19 GMT-0500 (Eastern Standard Time),5,,,,,,,,,,,,,,,,,,Tue Jan 14 2020 21:16:19 GMT-0500 (Eastern Standard Time),,,,,haven_specializations
HU4GSRZbcJ,,,,,,"{""*"":{""read"":true},""role:Administrator"":{""read"":true,""write"":true}}",Illiterate,Tue Jan 14 2020 21:16:18 GMT-0500 (Eastern Standard Time),,,,1,,"Cannot purchase the Academics, Computer, or Science skills. ST may limit levels in Lore or Occult.",,,,,,,,,,,,General,Tue Jan 14 2020 21:16:18 GMT-0500 (Eastern Standard Time),,,,,flaws
HUKDhBSO3E,,,,,,"{""*"":{""read"":true},""role:Administrator"":{""read"":true,""write"":true}}",Inspired Soul,Tue Jan 14 2020 21:16:14 GMT-0500 (Eastern Standard Time),,,,2,,,,,,,,,,,,,,,Tue Jan 14 2020 21:16:14 GMT-0500 (Eastern Standard Time),,,,,ctdbs_merits
HVFZQVgH3E,,,,,,"{""*"":{""read"":true},""role:Administrator"":{""read"":true,""write"":true}}",Chimerical Notoriety,Tue Jan 14 2020 21:16:12 GMT-0500 (Eastern Standard Time),,,,1,,,,,,,,,,,,,,,Tue Jan 14 2020 21:16:12 GMT-0500 (Eastern Standard Time),,,,,ctdbs_flaws
HWScjNDAZM,,requires_specialization,,,,"{""*"":{""read"":true},""role:Administrator"":{""read"":true,""write"":true}}",Retainers,Sun Jan 26 2020 15:30:12 GMT-0500 (Eastern Standard Time),0,,,,,,,,,,,,,,104,,,,Tue Jan 14 2020 21:16:11 GMT-0500 (Eastern Standard Time),,,,,backgrounds
HYduH183J7,,,,,,"{""*"":{""read"":true},""role:Administrator"":{""read"":true,""write"":true}}",Flower of Kupala,Tue Jan 14 2020 21:16:21 GMT-0500 (Eastern Standard Time),,TzimisceCarpathians,,2,,,,,,,,,,,43,,,,Tue Jan 14 2020 21:16:21 GMT-0500 (Eastern Standard Time),,,,,merits
HZNuUN9WOp,,,,,,"{""*"":{""read"":true},""role:Administrator"":{""read"":true,""write"":true}}",Artist,Tue Jan 14 2020 21:16:09 GMT-0500 (Eastern Standard Time),,,,,,,,,,,,,,,,,,,Tue Jan 14 2020 21:16:09 GMT-0500 (Eastern Standard Time),,,,,archetype_2
Hb1KyDkmIw,,,,,,"{""*"":{""read"":true},""role:Administrator"":{""read"":true,""write"":true}}",Justicar,Sun Feb 15 2026 13:14:10 GMT-0500 (Eastern Standard Time),,,,,,,,,,,,,,,,,,Camarilla,Tue Jan 14 2020 21:16:25 GMT-0500 (Eastern Standard Time),,,,,titles
HdiZ8sbwLX,,,,,,"{""*"":{""read"":true},""role:Administrator"":{""read"":true,""write"":true}}",Valeren,Wed Sep 01 2021 19:15:36 GMT-0400 (Eastern Daylight Time),,,,,,,,,,,,,,,,,,,Tue Jan 14 2020 21:16:18 GMT-0500 (Eastern Standard Time),,,,,extra_in_clan_disciplines
HeUEMNuscu,,,,,,"{""*"":{""read"":true},""role:Administrator"":{""read"":true,""write"":true}}",Born of the Wild,Tue Jan 14 2020 21:16:27 GMT-0500 (Eastern Standard Time),,,,2,,,,,,,,,,,,,,,Tue Jan 14 2020 21:16:27 GMT-0500 (Eastern Standard Time),,,,,wta_flaws
HfA3pqcoIy,,,,,,"{""*"":{""read"":true},""role:Administrator"":{""read"":true,""write"":true}}",Caitiff,Sun Mar 01 2020 22:37:45 GMT-0500 (Eastern Standard Time),1,,,,,,,,,,,,,,,,,,Tue Jan 14 2020 21:16:20 GMT-0500 (Eastern Standard Time),,,,,lore_specializations
Hh1tjgTRwq,,,,,,"{""*"":{""read"":true},""role:Administrator"":{""read"":true,""write"":true}}",Curious,Tue Jan 14 2020 21:16:10 GMT-0500 (Eastern Standard Time),,,,,,,,,,,,,,,,,,,Tue Jan 14 2020 21:16:10 GMT-0500 (Eastern Standard Time),,,,,archetypes
HhNy0hGTk6,,,,,,"{""*"":{""read"":true},""role:Administrator"":{""read"":true,""write"":true}}",Intolerance,Tue Jan 14 2020 21:16:12 GMT-0500 (Eastern Standard Time),,,,1,,,,,,,,,,,,,,,Tue Jan 14 2020 21:16:12 GMT-0500 (Eastern Standard Time),,,,,ctdbs_flaws
HkWJWQlkpy,,,,,,"{""*"":{""read"":true},""role:Administrator"":{""read"":true,""write"":true}}",Caine,Tue Jan 14 2020 21:16:22 GMT-0500 (Eastern Standard Time),2,,,,,,,,,,,,,,,,,,Tue Jan 14 2020 21:16:22 GMT-0500 (Eastern Standard Time),,,,,paths
HkavpyM7Iv,,,,,,"{""*"":{""read"":true},""role:Administrator"":{""read"":true,""write"":true}}",Sail Boats,Tue Jan 14 2020 21:16:16 GMT-0500 (Eastern Standard Time),1,,,,,,,,,,,,,,,,,,Tue Jan 14 2020 21:16:16 GMT-0500 (Eastern Standard Time),,,,,drive_specializations
HoA3eecVwv,,,,,,"{""*"":{""read"":true},""role:Administrator"":{""read"":true,""write"":true}}",Sundering,Tue Jan 14 2020 21:16:26 GMT-0500 (Eastern Standard Time),,,,3,,,,Weapon,,,,,,,,,,,Tue Jan 14 2020 21:16:26 GMT-0500 (Eastern Standard Time),,,,,wta_fetish_traits
HoLy1DpL7p,,,,,,"{""*"":{""read"":true},""role:Administrator"":{""read"":true,""write"":true}}",Netaji,Sun Feb 15 2026 13:14:10 GMT-0500 (Eastern Standard Time),,,,,,,,,,,,,,,,,,Ravnos,Tue Jan 14 2020 21:16:25 GMT-0500 (Eastern Standard Time),,,,,titles
HoRinRGxuh,,,,,,"{""*"":{""read"":true},""role:Administrator"":{""read"":true,""write"":true}}",Coils of the Serpent,Tue Jan 14 2020 21:16:28 GMT-0500 (Eastern Standard Time),,,,3,,,,,,,,,Manipulation,,,No,Uktena,Tribal,Tue Jan 14 2020 21:16:28 GMT-0500 (Eastern Standard Time),,,,,wta_gifts
HpwcUo26jL,,,,,,"{""*"":{""read"":true},""role:Administrator"":{""read"":true,""write"":true}}",Brujah: True Brujah,Tue Aug 31 2021 02:28:47 GMT-0400 (Eastern Daylight Time),,,,,,,,,,,,,,,,,,,Tue Jan 14 2020 21:16:11 GMT-0500 (Eastern Standard Time),,,,,clans
HqLg76Fnoj,,,,,,"{""*"":{""read"":true},""role:Administrator"":{""read"":true,""write"":true}}",Mercenary,Tue Jan 14 2020 21:16:10 GMT-0500 (Eastern Standard Time),,,,,,,,,,,,,,,,,,,Tue Jan 14 2020 21:16:10 GMT-0500 (Eastern Standard Time),,,,,archetypes
HryqJzrFNG,,,,,,"{""*"":{""read"":true},""role:Administrator"":{""read"":true,""write"":true}}",Faustians,Tue Jan 14 2020 21:16:12 GMT-0500 (Eastern Standard Time),,,,,,,,,,,,,,,,,,,Tue Jan 14 2020 21:16:12 GMT-0500 (Eastern Standard Time),,,,,ctdbs_kith_group_types
HshBuD77eP,,,,,,"{""*"":{""read"":true},""role:Administrator"":{""read"":true,""write"":true}}",Bone Gnawers,Tue Jan 14 2020 21:16:17 GMT-0500 (Eastern Standard Time),,,,,,,,,,,,,,,,,,,Tue Jan 14 2020 21:16:17 GMT-0500 (Eastern Standard Time),,,,,extra_affinity_links
Hu0vsufcwQ,,,,,,"{""*"":{""read"":true},""role:Administrator"":{""read"":true,""write"":true}}",Autarkis,Sat Feb 14 2026 18:17:01 GMT-0500 (Eastern Standard Time),,,,,,,,,,,,,,,,,,,Tue Jan 14 2020 21:16:23 GMT-0500 (Eastern Standard Time),,,,,sects
HuHrL2gZ8u,,,Sabbat,,,"{""*"":{""read"":true},""role:Administrator"":{""read"":true,""write"":true}}",Blessed,Thu Feb 13 2020 22:50:12 GMT-0500 (Eastern Standard Time),,,,,,,,,,,,,,,,,,Abiding,Tue Jan 14 2020 21:16:23 GMT-0500 (Eastern Standard Time),,,,,status_traits
HvCBYTDbDJ,,,,,,"{""*"":{""read"":true},""role:Administrator"":{""read"":true,""write"":true}}",Forced Transformation,Tue Jan 14 2020 21:16:28 GMT-0500 (Eastern Standard Time),,,,4,,,,,,,,,Wits,,,No,Theurge,General,Tue Jan 14 2020 21:16:28 GMT-0500 (Eastern Standard Time),Philodox,,,,wta_gifts
Hwr0PYeQ2Z,,,,,,"{""*"":{""read"":true},""role:Administrator"":{""read"":true,""write"":true}}",Presence: Paralyzing Glance,Tue Jan 14 2020 21:16:17 GMT-0500 (Eastern Standard Time),,,,,,,,,,,,,,,,,,,Tue Jan 14 2020 21:16:17 GMT-0500 (Eastern Standard Time),,,,,elder_disciplines
HyERJWg4NU,,,,,,"{""*"":{""read"":true},""role:Administrator"":{""read"":true,""write"":true}}",The homeless,Sat Feb 14 2026 18:08:11 GMT-0500 (Eastern Standard Time),1,,,,,,,,,,,,,,,,,,Tue Jan 14 2020 21:16:19 GMT-0500 (Eastern Standard Time),,,,,influence_elite_specializations
HyuxuxlbU9,,,,,,"{""*"":{""read"":true},""role:Administrator"":{""read"":true,""write"":true}}",Necromancy: Ash Path,Sun Jan 26 2020 15:30:50 GMT-0500 (Eastern Standard Time),,,,,,,,,,,,,,,,,,,Tue Jan 14 2020 21:16:16 GMT-0500 (Eastern Standard Time),,,,,disciplines
Hz3Amm0dAq,,,,,,"{""*"":{""read"":true},""role:Administrator"":{""read"":true,""write"":true}}",Bloodline: Brahman,Tue Jan 14 2020 21:16:20 GMT-0500 (Eastern Standard Time),,,,2,,,,,,,,,,,,,,,Tue Jan 14 2020 21:16:20 GMT-0500 (Eastern Standard Time),,,,,merits
Hzq2Ln5sMj,,,,,,"{""*"":{""read"":true},""role:Administrator"":{""read"":true,""write"":true}}",Bullet Time,Tue Jan 14 2020 21:16:24 GMT-0500 (Eastern Standard Time),,,,,,,,,,,,,,,,,,,Tue Jan 14 2020 21:16:24 GMT-0500 (Eastern Standard Time),,,,,techniques
I22A2c9gBh,,,,,,"{""*"":{""read"":true},""role:Administrator"":{""read"":true,""write"":true}}",Volatile,Tue Jan 14 2020 21:16:32 GMT-0500 (Eastern Standard Time),,,,2,,,,,,,,,,,,,,General,Tue Jan 14 2020 21:16:32 GMT-0500 (Eastern Standard Time),,,,,wta_merits
I2Mul5fzJI,,,,,,"{""*"":{""read"":true},""role:Administrator"":{""read"":true,""write"":true}}",Potence: Flick,Tue Jan 14 2020 21:16:17 GMT-0500 (Eastern Standard Time),,,,,,,,,,,,,,,,,,,Tue Jan 14 2020 21:16:17 GMT-0500 (Eastern Standard Time),,,,,elder_disciplines
I5pxTYGEil,,,,,,"{""*"":{""read"":true},""role:Administrator"":{""read"":true,""write"":true}}",Ritual Master,Tue Jan 14 2020 21:16:22 GMT-0500 (Eastern Standard Time),,Tremere,,1,,,,,,,,,,,41,,,,Tue Jan 14 2020 21:16:22 GMT-0500 (Eastern Standard Time),,,,,merits
I7LO7Wmdmc,,,,,,"{""*"":{""read"":true},""role:Administrator"":{""read"":true,""write"":true}}",Fighting Jaws,Tue Jan 14 2020 21:16:27 GMT-0500 (Eastern Standard Time),,,,,,"Gain bite, claw attack; +6 Brawl; +2 damage bonus on bites; Swim & breathe underwater; talk to Rokea at 1 mile;",,,,,,,Strength: +4 damage on bites,,,,,Rokea,Tue Jan 14 2020 21:16:27 GMT-0500 (Eastern Standard Time),,,,,wta_forms
I8cSuOmxSp,,,,,,"{""*"":{""read"":true},""role:Administrator"":{""read"":true,""write"":true}}",Rokea,Tue Jan 14 2020 21:16:33 GMT-0500 (Eastern Standard Time),21,,Betweeners,,Fury of the Sea,Cannot naturally bleed Rage,Tainted Consumption,,,,,,,,,,,,Tue Jan 14 2020 21:16:33 GMT-0500 (Eastern Standard Time),,,,,wta_tribes
I8hxzXAF3y,,,,,,"{""*"":{""read"":true},""role:Administrator"":{""read"":true,""write"":true}}",Revelations of the Dark Mother,Tue Jan 14 2020 21:16:25 GMT-0500 (Eastern Standard Time),30,,,,,,,,,,,,,,,,,,Tue Jan 14 2020 21:16:25 GMT-0500 (Eastern Standard Time),,,,,vampiric_texts
IB9PCCTqlv,,,,,,"{""*"":{""read"":true},""role:Administrator"":{""read"":true,""write"":true}}",Potence: Force,Tue Jan 14 2020 21:16:17 GMT-0500 (Eastern Standard Time),,,,,,,,,,,,,,,,,,,Tue Jan 14 2020 21:16:17 GMT-0500 (Eastern Standard Time),,,,,elder_disciplines
IBYBewEr9y,,,,,,"{""*"":{""read"":true},""role:Administrator"":{""read"":true,""write"":true}}",Thaumaturgy: Mirror Walk,Tue Jan 14 2020 21:16:23 GMT-0500 (Eastern Standard Time),,,,4,,,,,,,,,,,,,,,Tue Jan 14 2020 21:16:23 GMT-0500 (Eastern Standard Time),,,,,rituals
IC297kDLg1,,,,,,"{""*"":{""read"":true},""role:Administrator"":{""read"":true,""write"":true}}",Monster,Tue Jan 14 2020 21:16:09 GMT-0500 (Eastern Standard Time),,,,,,,,,,,,,,,,,,,Tue Jan 14 2020 21:16:09 GMT-0500 (Eastern Standard Time),,,,,archetype_2
IDJREH75wz,,,,,,"{""*"":{""read"":true},""role:Administrator"":{""read"":true,""write"":true}}",Intolerant,Tue Jan 14 2020 21:16:18 GMT-0500 (Eastern Standard Time),,,,1,,"Unreasonable dislike of a Clan, Bloodline or type of person. Suffer -2 penalty to all non-combat pools if forced to work with such a person.",,,,,,,,,,,,General,Tue Jan 14 2020 21:16:18 GMT-0500 (Eastern Standard Time),,,,,flaws
IDK5nbZETA,,,,,,"{""*"":{""read"":true},""role:Administrator"":{""read"":true,""write"":true}}",House Balor,Tue Jan 14 2020 21:16:16 GMT-0500 (Eastern Standard Time),,,,,,,,,,,,,,,,,,,Tue Jan 14 2020 21:16:16 GMT-0500 (Eastern Standard Time),,,,,ctdbs_noble_houses
IDTOfslefv,,Stargazers,,,,"{""*"":{""read"":true},""role:Administrator"":{""read"":true,""write"":true}}",One with the Universe,Tue Jan 14 2020 21:16:32 GMT-0500 (Eastern Standard Time),,,,3,,,,,,,,,,,,,,Tribal,Tue Jan 14 2020 21:16:32 GMT-0500 (Eastern Standard Time),,,,,wta_merits
IDlghT8Jby,,,,,,"{""*"":{""read"":true},""role:Administrator"":{""read"":true,""write"":true}}",Necromancy: Bastone Diabolico,Tue Jan 14 2020 21:16:22 GMT-0500 (Eastern Standard Time),,,,4,,,,,,,,,,,,,,,Tue Jan 14 2020 21:16:22 GMT-0500 (Eastern Standard Time),,,,,rituals
IFDxRq4oog,,,,,,"{""*"":{""read"":true},""role:Administrator"":{""read"":true,""write"":true}}",Faction Loyalty,Tue Jan 14 2020 21:16:13 GMT-0500 (Eastern Standard Time),,,,2,,,,,,,,,,,,,,,Tue Jan 14 2020 21:16:13 GMT-0500 (Eastern Standard Time),,,,,ctdbs_merits
IJ4aWVWX3r,,,,,,"{""*"":{""read"":true},""role:Administrator"":{""read"":true,""write"":true}}",Prodigy of the Flesh,Tue Jan 14 2020 21:16:21 GMT-0500 (Eastern Standard Time),,ToreadorVolgirre,,1,,,,,,,,,,,40-41,,,,Tue Jan 14 2020 21:16:21 GMT-0500 (Eastern Standard Time),,,,,merits
IR2hhuzH5F,,,,,,"{""*"":{""read"":true},""role:Administrator"":{""read"":true,""write"":true}}",Unyielding,Tue Jan 14 2020 21:16:32 GMT-0500 (Eastern Standard Time),,,,4,,,,,,,,,,,,,,General,Tue Jan 14 2020 21:16:32 GMT-0500 (Eastern Standard Time),,,,,wta_merits
ITFBAYUwGe,,,,,,"{""*"":{""read"":true},""role:Administrator"":{""read"":true,""write"":true}}",Sea Witch,Tue Jan 14 2020 21:16:22 GMT-0500 (Eastern Standard Time),,GangrelNoiad,,3,,,,,,,,,,,33,,,,Tue Jan 14 2020 21:16:22 GMT-0500 (Eastern Standard Time),,,,,merits
IVPawabtka,,,,,,"{""*"":{""read"":true},""role:Administrator"":{""read"":true,""write"":true}}",Obsessive Study,Tue Jan 14 2020 21:16:21 GMT-0500 (Eastern Standard Time),,AssamiteVizier,,1,,,,,,,,,,,31,,,,Tue Jan 14 2020 21:16:21 GMT-0500 (Eastern Standard Time),,,,,merits
IVchwZTdCS,,,,,,"{""*"":{""read"":true},""role:Administrator"":{""read"":true,""write"":true}}",Healer's Intuition,Tue Jan 14 2020 21:16:24 GMT-0500 (Eastern Standard Time),,,,,,,,,,,,,,,,,,,Tue Jan 14 2020 21:16:24 GMT-0500 (Eastern Standard Time),,,,,techniques
IWjptNlvHY,,,,,,"{""*"":{""read"":true},""role:Administrator"":{""read"":true,""write"":true}}",Captivating,Tue Jan 14 2020 21:16:26 GMT-0500 (Eastern Standard Time),,,,2,Talen,,Fetish,,,,,,,,,,,,Tue Jan 14 2020 21:16:26 GMT-0500 (Eastern Standard Time),,,,,wta_fetish_traits
Iasc5YpE7k,,,,,,"{""*"":{""read"":true},""role:Administrator"":{""read"":true,""write"":true}}",Free Spirit,Tue Jan 14 2020 21:16:10 GMT-0500 (Eastern Standard Time),,,,,,,,,,,,,,,,,,,Tue Jan 14 2020 21:16:10 GMT-0500 (Eastern Standard Time),,,,,archetypes
IcIm6kyQsQ,,,,,,"{""*"":{""read"":true},""role:Administrator"":{""read"":true,""write"":true}}",Daredevil,Tue Jan 14 2020 21:16:31 GMT-0500 (Eastern Standard Time),,,,2,,,,,,,,,,,,,,General,Tue Jan 14 2020 21:16:31 GMT-0500 (Eastern Standard Time),,,,,wta_merits
IefQJ9oQv5,,,,,,"{""*"":{""read"":true},""role:Administrator"":{""read"":true,""write"":true}}",Fae Blood,Tue Jan 14 2020 21:16:21 GMT-0500 (Eastern Standard Time),,Lasombra Kiasyd,,1,,,,,,,,,,,35,,,,Tue Jan 14 2020 21:16:21 GMT-0500 (Eastern Standard Time),,,,,merits
IeybfRelXo,,Shadow Lords,,,,"{""*"":{""read"":true},""role:Administrator"":{""read"":true,""write"":true}}",Lords of the Summit,Tue Jan 14 2020 21:16:26 GMT-0500 (Eastern Standard Time),,,,,,,,,,,,,,,,,,,Tue Jan 14 2020 21:16:26 GMT-0500 (Eastern Standard Time),,,,,wta_camps
IgyarDTBvU,,,,,,"{""*"":{""read"":true},""role:Administrator"":{""read"":true,""write"":true}}",Sendeh,Tue Jan 14 2020 21:16:28 GMT-0500 (Eastern Standard Time),,,,,,"Gain claw & bite attack; +4 stealth & survival, +2 dodge",,,,,,,Stamina: +3 wound levels; 1 in each category,,,,,Nuwisha,Tue Jan 14 2020 21:16:28 GMT-0500 (Eastern Standard Time),,,,,wta_forms
Ii1c5H8hti,,,,,,"{""*"":{""read"":true},""role:Administrator"":{""read"":true,""write"":true}}",Guardian's Vigil,Tue Jan 14 2020 21:16:24 GMT-0500 (Eastern Standard Time),,,,,,,,,,,,,,,,,,,Tue Jan 14 2020 21:16:24 GMT-0500 (Eastern Standard Time),,,,,techniques
ImhJ8LXAHX,,,,,,"{""*"":{""read"":true},""role:Administrator"":{""read"":true,""write"":true}}",Ravnos,Tue Aug 31 2021 02:28:48 GMT-0400 (Eastern Daylight Time),,,,,,,,,,,,,,,,,,,Tue Jan 14 2020 21:16:11 GMT-0500 (Eastern Standard Time),,,,,clans
InKvYNXQTn,,,,,,"{""*"":{""read"":true},""role:Administrator"":{""read"":true,""write"":true}}",Serenity,Tue Jan 14 2020 21:16:29 GMT-0500 (Eastern Standard Time),,,,5,,,,,,,,,Appearance,,,Yes,Children of Gaia,Tribal,Tue Jan 14 2020 21:16:29 GMT-0500 (Eastern Standard Time),,,,,wta_gifts
IqHlXluY1P,,,,,,"{""*"":{""read"":true},""role:Administrator"":{""read"":true,""write"":true}}",Necromancy: Call of the Hungry Dead,Tue Jan 14 2020 21:16:22 GMT-0500 (Eastern Standard Time),,,,1,,,,,,,,,,,,,,,Tue Jan 14 2020 21:16:22 GMT-0500 (Eastern Standard Time),,,,,rituals
IqowJOlCPq,,,,,,"{""*"":{""read"":true},""role:Administrator"":{""read"":true,""write"":true}}",Seraph,Sun Feb 15 2026 13:14:11 GMT-0500 (Eastern Standard Time),,,,,,,,,,,,,,,,,,Sabbat,Tue Jan 14 2020 21:16:25 GMT-0500 (Eastern Standard Time),,,,,titles
Iu2tf6WtTZ,,,,,,"{""*"":{""read"":true},""role:Administrator"":{""read"":true,""write"":true}}",Antiquities,Tue Jan 14 2020 21:16:20 GMT-0500 (Eastern Standard Time),,,,1,,Expend a downtime to add Antique quality to an item of non-combat equipment. Does not count against the item's quality limit.,,,,,,,,,,,,Camarilla,Tue Jan 14 2020 21:16:20 GMT-0500 (Eastern Standard Time),,,,,merits
IxaEn8pBD2,,,,,,"{""*"":{""read"":true},""role:Administrator"":{""read"":true,""write"":true}}",Dynamic Form,Tue Jan 14 2020 21:16:13 GMT-0500 (Eastern Standard Time),,,,1,,,,,,,,,,,,,,,Tue Jan 14 2020 21:16:13 GMT-0500 (Eastern Standard Time),,,,,ctdbs_merits
IziaPBNr7l,,,,,,"{""*"":{""read"":true},""role:Administrator"":{""read"":true,""write"":true}}",Recollection of Distant Dreams,Tue Jan 14 2020 21:16:29 GMT-0500 (Eastern Standard Time),,,,4,,,,,,,,,Wits,,,Yes,Ragabash,General,Tue Jan 14 2020 21:16:29 GMT-0500 (Eastern Standard Time),Galliard,,Homid,,wta_gifts
Izrf8mH7qW,,,,,,"{""*"":{""read"":true},""role:Administrator"":{""read"":true,""write"":true}}",Acceptance,Tue Jan 14 2020 21:16:23 GMT-0500 (Eastern Standard Time),,,,,,,,,,,,,,,,,,Ignoblis,Tue Jan 14 2020 21:16:23 GMT-0500 (Eastern Standard Time),,,,,sabbat_rituals
J0zgdHexPD,,,,,,"{""*"":{""read"":true},""role:Administrator"":{""read"":true,""write"":true}}",Chimerstry,Sun Jan 26 2020 15:30:50 GMT-0500 (Eastern Standard Time),,,,,,,,,,,,,,,,,,,Tue Jan 14 2020 21:16:16 GMT-0500 (Eastern Standard Time),,,,,disciplines
J1kiDII8L0,,,,,,"{""*"":{""read"":true},""role:Administrator"":{""read"":true,""write"":true}}",Chimerical Companion,Tue Jan 14 2020 21:16:12 GMT-0500 (Eastern Standard Time),,,,,,,,,,,,,,,,,,,Tue Jan 14 2020 21:16:12 GMT-0500 (Eastern Standard Time),,,,,ctdbs_backgrounds
J3SJXBN2Lr,,,,,,"{""*"":{""read"":true},""role:Administrator"":{""read"":true,""write"":true}}",Forgiven Diablerie,Tue Jan 14 2020 21:16:18 GMT-0500 (Eastern Standard Time),,,,1,,Made enemies and many Elders want to see downfall.,,,,,,,,,,,,Camarilla,Tue Jan 14 2020 21:16:18 GMT-0500 (Eastern Standard Time),,,,,flaws
J8rqqBy11P,,,,,,"{""*"":{""read"":true},""role:Administrator"":{""read"":true,""write"":true}}",Rejuvenation,Tue Jan 14 2020 21:16:29 GMT-0500 (Eastern Standard Time),,,,3,,,,,,,,,Intelligence,,,No,Gurahl,Fera,Tue Jan 14 2020 21:16:29 GMT-0500 (Eastern Standard Time),,,,,wta_gifts
JCDhHoe6b8,,,,,,"{""*"":{""read"":true},""role:Administrator"":{""read"":true,""write"":true}}",Ceremonial,Tue Jan 14 2020 21:16:26 GMT-0500 (Eastern Standard Time),,,Cantrip,1,,,,,,,,,,,,,,,Tue Jan 14 2020 21:16:26 GMT-0500 (Eastern Standard Time),,,,,wta_fetish_traits
JDry7N2Tgn,,,,,,"{""*"":{""read"":true},""role:Administrator"":{""read"":true,""write"":true}}",Get of Fenris,Tue Jan 14 2020 21:16:33 GMT-0500 (Eastern Standard Time),5,,The Hand of Tyr,,The Valkyria of Freya,Intolerance (as flaw),Fangs of Garm,,,,,,,,,,,,Tue Jan 14 2020 21:16:33 GMT-0500 (Eastern Standard Time),,,,,wta_tribes
JKBrTrmCgq,,,,,,"{""*"":{""read"":true},""role:Administrator"":{""read"":true,""write"":true}}",Slow on the Draw,Tue Jan 14 2020 21:16:12 GMT-0500 (Eastern Standard Time),,,,2,,,,,,,,,,,,,,,Tue Jan 14 2020 21:16:12 GMT-0500 (Eastern Standard Time),,,,,ctdbs_flaws
JLA8DC7OjI,,requires_specialization,,,,"{""*"":{""read"":true},""role:Administrator"":{""read"":true,""write"":true}}",Unrelenting Tie to Humanity,Tue Jan 14 2020 21:16:27 GMT-0500 (Eastern Standard Time),,requires_specialization,,3,,,,,,,,,,,,,,,Tue Jan 14 2020 21:16:27 GMT-0500 (Eastern Standard Time),,,,,wta_flaws
JLP5RpPjry,,,,,,"{""*"":{""read"":true},""role:Administrator"":{""read"":true,""write"":true}}",Fanatic,Tue Jan 14 2020 21:16:10 GMT-0500 (Eastern Standard Time),,,,,,,,,,,,,,,,,,,Tue Jan 14 2020 21:16:10 GMT-0500 (Eastern Standard Time),,,,,archetypes
JO5Qokdqdr,,,Independent Alliance,,,"{""*"":{""read"":true},""role:Administrator"":{""read"":true,""write"":true}}",Licensed,Thu Feb 13 2020 22:50:16 GMT-0500 (Eastern Standard Time),,,,,,,,,,,,,,,,,,Abiding,Thu Feb 13 2020 22:50:16 GMT-0500 (Eastern Standard Time),,,,,status_traits
JQZDqFuCJn,,,,,,"{""*"":{""read"":true},""role:Administrator"":{""read"":true,""write"":true}}",Fashion industry,Sat Feb 14 2026 18:10:12 GMT-0500 (Eastern Standard Time),1,,,,,,,,,,,,,,,,,,Tue Jan 14 2020 21:16:19 GMT-0500 (Eastern Standard Time),,,,,influence_underworld_specializations
JSIx624p7H,,,,,,"{""*"":{""read"":true},""role:Administrator"":{""read"":true,""write"":true}}",Malkavian,Tue Aug 31 2021 02:28:48 GMT-0400 (Eastern Daylight Time),,,,,,,,,,,,,,,,,,,Tue Jan 14 2020 21:16:11 GMT-0500 (Eastern Standard Time),,,,,clans
JSjOlUS5gF,,,,,,"{""*"":{""read"":true},""role:Administrator"":{""read"":true,""write"":true}}",Sovereign,Tue Jan 14 2020 21:16:11 GMT-0500 (Eastern Standard Time),11,,,,,,,,,,,,,,,,,,Tue Jan 14 2020 21:16:11 GMT-0500 (Eastern Standard Time),,,,,ctdbs_arts
JVbfyTnABZ,,Uktena,,,,"{""*"":{""read"":true},""role:Administrator"":{""read"":true,""write"":true}}",Redeemers of the Bitter Frost,Tue Jan 14 2020 21:16:26 GMT-0500 (Eastern Standard Time),,,,,,,,,,,,,,,,,,,Tue Jan 14 2020 21:16:26 GMT-0500 (Eastern Standard Time),,,,,wta_camps
JZ5AZrDCZI,,,,,,"{""*"":{""read"":true},""role:Administrator"":{""read"":true,""write"":true}}",Rancorous Halo,Tue Jan 14 2020 21:16:29 GMT-0500 (Eastern Standard Time),,,,4,,,,,,,,,Appearance,,,No,Ahroun,General,Tue Jan 14 2020 21:16:29 GMT-0500 (Eastern Standard Time),Lupus,,,,wta_gifts
JgFsVHsv4B,,requires_specialization,,,,"{""*"":{""read"":true},""role:Administrator"":{""read"":true,""write"":true}}",Custom,Tue Jan 14 2020 21:16:16 GMT-0500 (Eastern Standard Time),0,,,,,,,,,,,,,,,,,,Tue Jan 14 2020 21:16:16 GMT-0500 (Eastern Standard Time),,,,,drive_specializations
JhQ55yPjlU,,Ratkin,,,,"{""*"":{""read"":true},""role:Administrator"":{""read"":true,""write"":true}}",Back Bite,Tue Jan 14 2020 21:16:31 GMT-0500 (Eastern Standard Time),,,,2,,,,,,,,,,,,,,Fera,Tue Jan 14 2020 21:16:31 GMT-0500 (Eastern Standard Time),,,,,wta_merits
JjQcGDFAnk,,,Sabbat,,,"{""*"":{""read"":true},""role:Administrator"":{""read"":true,""write"":true}}",Infamous,Thu Feb 13 2020 22:50:14 GMT-0500 (Eastern Standard Time),,,,,,,,,,,,,,,,,,Abiding,Tue Jan 14 2020 21:16:23 GMT-0500 (Eastern Standard Time),,,,,status_traits
JjbtMBWeZb,,,,,,"{""*"":{""read"":true},""role:Administrator"":{""read"":true,""write"":true}}",Thaumaturgy: Path of Conjuring,Sun Jan 26 2020 15:30:50 GMT-0500 (Eastern Standard Time),,,,,,,,,,,,,,,,,,,Tue Jan 14 2020 21:16:16 GMT-0500 (Eastern Standard Time),,,,,disciplines
JkdIeISSmh,,,,,,"{""*"":{""read"":true},""role:Administrator"":{""read"":true,""write"":true}}",The Artful Dodger,Tue Jan 14 2020 21:16:30 GMT-0500 (Eastern Standard Time),,,,5,,,,,,,,,Perception,,,No,Ragabash,General,Tue Jan 14 2020 21:16:30 GMT-0500 (Eastern Standard Time),Homid,,,,wta_gifts
Jq19dgDLae,,,,,,"{""*"":{""read"":true},""role:Administrator"":{""read"":true,""write"":true}}",Royalty,Tue Jan 14 2020 21:16:11 GMT-0500 (Eastern Standard Time),,,,,,,,,,,,,,,,,,,Tue Jan 14 2020 21:16:11 GMT-0500 (Eastern Standard Time),,,,,archetypes_2
JqJd7tiNI1,,Gurahl,,,,"{""*"":{""read"":true},""role:Administrator"":{""read"":true,""write"":true}}",Curiosity of Ursa Minor,Tue Jan 14 2020 21:16:31 GMT-0500 (Eastern Standard Time),,,,2,,,,,,,,,,,,,,Fera,Tue Jan 14 2020 21:16:31 GMT-0500 (Eastern Standard Time),,,,,wta_merits
Jsefquqxd0,,,,,,"{""*"":{""read"":true},""role:Administrator"":{""read"":true,""write"":true}}",Martyr,Tue Jan 14 2020 21:16:10 GMT-0500 (Eastern Standard Time),,,,,,,,,,,,,,,,,,,Tue Jan 14 2020 21:16:10 GMT-0500 (Eastern Standard Time),,,,,archetypes_2
Jw5T8DwFVq,,,,,,"{""*"":{""read"":true},""role:Administrator"":{""read"":true,""write"":true}}",Once Enslaved,Tue Jan 14 2020 21:16:18 GMT-0500 (Eastern Standard Time),,,,2,,Effectively Phobia Derangement against individuals trying to blood bond or vaulderie you.,,,,,,,,,,,,Anarch,Tue Jan 14 2020 21:16:18 GMT-0500 (Eastern Standard Time),,,,,flaws
JwzmgAaUXS,,,Independent Alliance,,,"{""*"":{""read"":true},""role:Administrator"":{""read"":true,""write"":true}}",Trustee,Sun Feb 15 2026 13:14:11 GMT-0500 (Eastern Standard Time),,,,,,,,,,,,,,,,,,Independent Alliance,Thu Feb 13 2020 22:47:27 GMT-0500 (Eastern Standard Time),,,,,titles
Jx1Cyy7vWp,,,,,,"{""*"":{""read"":true},""role:Administrator"":{""read"":true,""write"":true}}",Thaumaturgy: Path of Corruption,Tue Jan 14 2020 21:16:18 GMT-0500 (Eastern Standard Time),,,,,,,,,,,,,,,,,,,Tue Jan 14 2020 21:16:18 GMT-0500 (Eastern Standard Time),,,,,extra_in_clan_disciplines
JxNUvDsssd,,,,,,"{""*"":{""read"":true},""role:Administrator"":{""read"":true,""write"":true}}",Tzimisce: Koldun,Tue Aug 31 2021 02:28:48 GMT-0400 (Eastern Daylight Time),,,,,,,,,,,,,,,,,,,Tue Jan 14 2020 21:16:11 GMT-0500 (Eastern Standard Time),,,,,clans
JxptH00WNb,,,,,,"{""*"":{""read"":true},""role:Administrator"":{""read"":true,""write"":true}}",Whisper of Life,Tue Jan 14 2020 21:16:22 GMT-0500 (Eastern Standard Time),,,,1,,"Register as mortal on all attempts to determine creature type, have unnaturally bright aura and animals can't sense Beast. Must have a Morality of at least 3 and cannot be on a Path of Enlightenment.",,,,,,,,,,,,General,Tue Jan 14 2020 21:16:22 GMT-0500 (Eastern Standard Time),,,,,merits
JyaLW68MxM,,,General,,,"{""*"":{""read"":true},""role:Administrator"":{""read"":true,""write"":true}}",Authority,Thu Feb 13 2020 22:50:12 GMT-0500 (Eastern Standard Time),,,,,,,,,,,,,,,,,,Abiding,Tue Jan 14 2020 21:16:23 GMT-0500 (Eastern Standard Time),,,,,status_traits
K1BlVpDPzL,,,,,,"{""*"":{""read"":true},""role:Administrator"":{""read"":true,""write"":true}}",Fanatic,Tue Jan 14 2020 21:16:21 GMT-0500 (Eastern Standard Time),,,,2,,"When Injured, gain a +3 to Initiative. When Incapacitated, gain +3 more (cumulative +6) to Initiative.",,,,,,,,,,,,Sabbat,Tue Jan 14 2020 21:16:21 GMT-0500 (Eastern Standard Time),,,,,merits
K4PRg4CrSk,,,,,,"{""*"":{""read"":true},""role:Administrator"":{""read"":true,""write"":true}}",Nature,Tue Jan 14 2020 21:16:16 GMT-0500 (Eastern Standard Time),4,,,,,,,,,,,,,,,,,,Tue Jan 14 2020 21:16:16 GMT-0500 (Eastern Standard Time),,,,,ctdbs_realms
K5ummrkupM,,Bastet,,,,"{""*"":{""read"":true},""role:Administrator"":{""read"":true,""write"":true}}",Blood of the Khara,Tue Jan 14 2020 21:16:31 GMT-0500 (Eastern Standard Time),,,,2,,,,,,,,,,,,,,Fera,Tue Jan 14 2020 21:16:31 GMT-0500 (Eastern Standard Time),,,,,wta_merits
K5wlbdhvsG,,,,,,"{""*"":{""read"":true},""role:Administrator"":{""read"":true,""write"":true}}",Homid,Tue Jan 14 2020 21:16:27 GMT-0500 (Eastern Standard Time),,,,,,Homid breed may vent rage quicker; tool user,,,,,,,,,,,,Gurahl,Tue Jan 14 2020 21:16:27 GMT-0500 (Eastern Standard Time),,,,,wta_forms
K73pSCyCjG,,,,,,"{""*"":{""read"":true},""role:Administrator"":{""read"":true,""write"":true}}",Television stations,Sat Feb 14 2026 18:08:11 GMT-0500 (Eastern Standard Time),1,,,,,,,,,,,,,,,,,,Tue Jan 14 2020 21:16:19 GMT-0500 (Eastern Standard Time),,,,,influence_elite_specializations
K84bc9ONND,,,,,,"{""*"":{""read"":true},""role:Administrator"":{""read"":true,""write"":true}}",Madness Hunter,Tue Jan 14 2020 21:16:21 GMT-0500 (Eastern Standard Time),,MalkavianKnights of the Moon,,3,,,,,,,,,,,38,,,,Tue Jan 14 2020 21:16:21 GMT-0500 (Eastern Standard Time),,,,,merits
KB5RLal5dW,,,,,,"{""*"":{""read"":true},""role:Administrator"":{""read"":true,""write"":true}}",Allies,Tue Jan 14 2020 21:16:12 GMT-0500 (Eastern Standard Time),,,,,,,,,,,,,,,,,,,Tue Jan 14 2020 21:16:12 GMT-0500 (Eastern Standard Time),,,,,ctdbs_backgrounds
KBHus0zcfB,,,,,,"{""*"":{""read"":true},""role:Administrator"":{""read"":true,""write"":true}}",Survivor,Tue Jan 14 2020 21:16:30 GMT-0500 (Eastern Standard Time),,,,5,,,,,,,,,Wits,,,No,Bone Gnawers,Tribal,Tue Jan 14 2020 21:16:30 GMT-0500 (Eastern Standard Time),,,,,wta_gifts
KBKt4cAs0x,,,,,,"{""*"":{""read"":true},""role:Administrator"":{""read"":true,""write"":true}}",Vicissitude,Tue Jan 14 2020 21:16:18 GMT-0500 (Eastern Standard Time),,,,,,,,,,,,,,,,,,,Tue Jan 14 2020 21:16:18 GMT-0500 (Eastern Standard Time),,,,,extra_in_clan_disciplines
KCN7wjE6oB,,,,,,"{""*"":{""read"":true},""role:Administrator"":{""read"":true,""write"":true}}",Appearance,Tue Jan 14 2020 21:16:19 GMT-0500 (Eastern Standard Time),2,,,,,,,,,,,,,,,,,,Tue Jan 14 2020 21:16:19 GMT-0500 (Eastern Standard Time),,,,,focus_socials
KCkU5Y9dQm,,,,,,"{""*"":{""read"":true},""role:Administrator"":{""read"":true,""write"":true}}",Necromancy: Bone Path,Tue Jan 14 2020 21:16:18 GMT-0500 (Eastern Standard Time),,,,,,,,,,,,,,,,,,,Tue Jan 14 2020 21:16:18 GMT-0500 (Eastern Standard Time),,,,,extra_in_clan_disciplines
KG3abKSVaT,,,,,,"{""*"":{""read"":true},""role:Administrator"":{""read"":true,""write"":true}}",Charisma,Tue Jan 14 2020 21:16:19 GMT-0500 (Eastern Standard Time),0,,,,,,,,,,,,,,,,,,Tue Jan 14 2020 21:16:19 GMT-0500 (Eastern Standard Time),,,,,focus_socials
KGVAcY9Oji,,,,,,"{""*"":{""read"":true},""role:Administrator"":{""read"":true,""write"":true}}",Stealth,Tue Jan 14 2020 21:16:23 GMT-0500 (Eastern Standard Time),,,,,,,,,,,,,,,,,,Ignoblis,Tue Jan 14 2020 21:16:23 GMT-0500 (Eastern Standard Time),,,,,sabbat_rituals
KHDo7mB8s8,,,,,,"{""*"":{""read"":true},""role:Administrator"":{""read"":true,""write"":true}}",Necrophile,Tue Jan 14 2020 21:16:18 GMT-0500 (Eastern Standard Time),,,,1,,"Must spend at least 10 minutes in the company of true corpses each night. If not, suffer a -1 penalty to all test pools until this is done. Penalty is not cumulative.",,,,,,,,,,,,General,Tue Jan 14 2020 21:16:18 GMT-0500 (Eastern Standard Time),,,,,flaws
KHjgy4bssS,,,,,,"{""*"":{""read"":true},""role:Administrator"":{""read"":true,""write"":true}}",Natural Linguist,Tue Jan 14 2020 21:16:21 GMT-0500 (Eastern Standard Time),,,,1,,Assign 2 Language specializations per dot of Linguistics skill.,,,,,,,,,,,,General,Tue Jan 14 2020 21:16:21 GMT-0500 (Eastern Standard Time),,,,,merits
KP1b5HOGhZ,,,,,,"{""*"":{""read"":true},""role:Administrator"":{""read"":true,""write"":true}}",Ahroun,Tue Jan 14 2020 21:16:17 GMT-0500 (Eastern Standard Time),,,,,,,,,,,,,,,,,,,Tue Jan 14 2020 21:16:17 GMT-0500 (Eastern Standard Time),,,,,extra_affinity_links
KPiG04OfYK,,Ajaba,,,,"{""*"":{""read"":true},""role:Administrator"":{""read"":true,""write"":true}}",Bringer of Rains,Tue Jan 14 2020 21:16:31 GMT-0500 (Eastern Standard Time),,,,2,,,,,,,,,,,,,,Fera,Tue Jan 14 2020 21:16:31 GMT-0500 (Eastern Standard Time),,,,,wta_merits
KSbngB4oAW,,,,,,"{""*"":{""read"":true},""role:Administrator"":{""read"":true,""write"":true}}",Mark of the Predator,Tue Jan 14 2020 21:16:27 GMT-0500 (Eastern Standard Time),,,,2,,,,,,,,,,,,,,,Tue Jan 14 2020 21:16:27 GMT-0500 (Eastern Standard Time),,,,,wta_flaws
KVInQwn4DH,,Children Of Gaia,,,,"{""*"":{""read"":true},""role:Administrator"":{""read"":true,""write"":true}}",Anointed Ones,Tue Jan 14 2020 21:16:25 GMT-0500 (Eastern Standard Time),,,,,,,,,,,,,,,,,,,Tue Jan 14 2020 21:16:25 GMT-0500 (Eastern Standard Time),,,,,wta_camps
KaRRJiTIDi,,,,,,"{""*"":{""read"":true},""role:Administrator"":{""read"":true,""write"":true}}",Symbolic Possession,Tue Jan 14 2020 21:16:24 GMT-0500 (Eastern Standard Time),,,,,,,,,,,,,,,,,,,Tue Jan 14 2020 21:16:24 GMT-0500 (Eastern Standard Time),,,,,techniques
KjsbNUJ4Lz,,,,,,"{""*"":{""read"":true},""role:Administrator"":{""read"":true,""write"":true}}",Thaumaturgy: Path of Technomancy,Tue Jan 14 2020 21:16:18 GMT-0500 (Eastern Standard Time),,,,,,,,,,,,,,,,,,,Tue Jan 14 2020 21:16:18 GMT-0500 (Eastern Standard Time),,,,,extra_in_clan_disciplines
KkZNpDHpBp,,,,,,"{""*"":{""read"":true},""role:Administrator"":{""read"":true,""write"":true}}",The Master's Path,Tue Jan 14 2020 21:16:22 GMT-0500 (Eastern Standard Time),,Salubri Healer,,3,,,,,,,,,,,53,,,,Tue Jan 14 2020 21:16:22 GMT-0500 (Eastern Standard Time),,,,,merits
KpfNQIK0KP,,,,,,"{""*"":{""read"":true},""role:Administrator"":{""read"":true,""write"":true}}",Anthropology,Tue Jan 14 2020 21:16:09 GMT-0500 (Eastern Standard Time),1,,,,,,,,,,,,,,,,,,Tue Jan 14 2020 21:16:09 GMT-0500 (Eastern Standard Time),,,,,academics_specializations
KqQPqKz6ZT,,,,,,"{""*"":{""read"":true},""role:Administrator"":{""read"":true,""write"":true}}",Give 'Em Hell,Tue Jan 14 2020 21:16:24 GMT-0500 (Eastern Standard Time),,,,,,,,,,,,,,,,,,,Tue Jan 14 2020 21:16:24 GMT-0500 (Eastern Standard Time),,,,,techniques
KsDEbiZ08v,,,,,,"{""*"":{""read"":true},""role:Administrator"":{""read"":true,""write"":true}}",Monologue,Tue Jan 14 2020 21:16:24 GMT-0500 (Eastern Standard Time),,,,,,,,,,,,,,,,,,,Tue Jan 14 2020 21:16:24 GMT-0500 (Eastern Standard Time),,,,,techniques
KsF4W9p4am,,,,,,"{""*"":{""read"":true},""role:Administrator"":{""read"":true,""write"":true}}",Art Imitates Life,Tue Jan 14 2020 21:16:20 GMT-0500 (Eastern Standard Time),,Gargoyles,,3,,,,,,,,,,,54-55,,,,Tue Jan 14 2020 21:16:20 GMT-0500 (Eastern Standard Time),,,,,merits
KuUGZrK1ys,,,,,,"{""*"":{""read"":true},""role:Administrator"":{""read"":true,""write"":true}}",Seelie,Tue Jan 14 2020 21:16:12 GMT-0500 (Eastern Standard Time),1,,,,,,,,,,,,,,,,,,Tue Jan 14 2020 21:16:12 GMT-0500 (Eastern Standard Time),,,,,ctdbs_fealty_courts
Kv30QwG6BW,,,,,,"{""*"":{""read"":true},""role:Administrator"":{""read"":true,""write"":true}}",The Eight Disks/The Blasphemous Text,Tue Jan 14 2020 21:16:25 GMT-0500 (Eastern Standard Time),16,,,,,,,,,,,,,,,,,,Tue Jan 14 2020 21:16:25 GMT-0500 (Eastern Standard Time),,,,,vampiric_texts
KvdY8vo8aB,,,,,,"{""*"":{""read"":true},""role:Administrator"":{""read"":true,""write"":true}}",Blood Duke,Sun Feb 15 2026 13:14:10 GMT-0500 (Eastern Standard Time),,,,,,,,,,,,,,,,,,Lasombra,Thu Feb 13 2020 22:47:21 GMT-0500 (Eastern Standard Time),,,,,titles
KvstYUVbtE,,,,,,"{""*"":{""read"":true},""role:Administrator"":{""read"":true,""write"":true}}",Skullduggery,Tue Jan 14 2020 21:16:11 GMT-0500 (Eastern Standard Time),9,,,,,,,,,,,,,,,,,,Tue Jan 14 2020 21:16:11 GMT-0500 (Eastern Standard Time),,,,,ctdbs_arts
KypyUhcaFi,,,,,,"{""*"":{""read"":true},""role:Administrator"":{""read"":true,""write"":true}}",Cappadocians: Samedi,Sun Mar 01 2020 22:37:45 GMT-0500 (Eastern Standard Time),1,,,,,,,,,,,,,,,,,,Tue Jan 14 2020 21:16:20 GMT-0500 (Eastern Standard Time),,,,,lore_specializations
KzBFBEeuqd,,,,,,"{""*"":{""read"":true},""role:Administrator"":{""read"":true,""write"":true}}",Cappadocians,Tue Aug 31 2021 02:28:47 GMT-0400 (Eastern Daylight Time),,,,,,,,,,,,,,,,,,,Tue Jan 14 2020 21:16:11 GMT-0500 (Eastern Standard Time),,,,,clans
L0fo1Sal3G,,,,,,"{""*"":{""read"":true},""role:Administrator"":{""read"":true,""write"":true}}",Spanish,Sat Feb 14 2026 18:11:48 GMT-0500 (Eastern Standard Time),1,,,,,,,,,,,,,,,,,,Tue Jan 14 2020 21:16:19 GMT-0500 (Eastern Standard Time),,,,,linguistics_specializations
L1EK9UFJpn,,,,,,"{""*"":{""read"":true},""role:Administrator"":{""read"":true,""write"":true}}",Thaumaturgy: Movement of the Mind,Tue Jan 14 2020 21:16:18 GMT-0500 (Eastern Standard Time),,,,,,,,,,,,,,,,,,,Tue Jan 14 2020 21:16:18 GMT-0500 (Eastern Standard Time),,,,,extra_in_clan_disciplines
L1F4DBxUnF,,,,,,"{""*"":{""read"":true},""role:Administrator"":{""read"":true,""write"":true}}",Beneath Notice,Tue Jan 14 2020 21:16:20 GMT-0500 (Eastern Standard Time),,Nosferatu,,1,,,,,,,,,,,38,,,,Tue Jan 14 2020 21:16:20 GMT-0500 (Eastern Standard Time),,,,,merits
L1asFkmbtx,,,,,,"{""*"":{""read"":true},""role:Administrator"":{""read"":true,""write"":true}}",Alchemy of the Blade,Tue Jan 14 2020 21:16:28 GMT-0500 (Eastern Standard Time),,,,3,,,,,,,,,Manipulation,,,No,Kitsune,Fera,Tue Jan 14 2020 21:16:28 GMT-0500 (Eastern Standard Time),,,,,wta_gifts
L4H3DM73np,,,,,,"{""*"":{""read"":true},""role:Administrator"":{""read"":true,""write"":true}}",Keeper of Elysium,Sun Feb 15 2026 13:14:10 GMT-0500 (Eastern Standard Time),,,,,,,,,,,,,,,,,,Camarilla,Tue Jan 14 2020 21:16:25 GMT-0500 (Eastern Standard Time),,,,,titles
L7eMhldTZL,,,,,,"{""*"":{""read"":true},""role:Administrator"":{""read"":true,""write"":true}}",Wasp Talons,Tue Jan 14 2020 21:16:30 GMT-0500 (Eastern Standard Time),,,,2,,,,,,,,,Wits,,,No,Black Furies,Tribal,Tue Jan 14 2020 21:16:30 GMT-0500 (Eastern Standard Time),,,,,wta_gifts
L8NwZtcz7m,,,,,,"{""*"":{""read"":true},""role:Administrator"":{""read"":true,""write"":true}}",Blur of the Weeping Eyes,Tue Jan 14 2020 21:16:28 GMT-0500 (Eastern Standard Time),,,,2,,,,,,,,,Wits,,,No,Ratkin,Fera,Tue Jan 14 2020 21:16:28 GMT-0500 (Eastern Standard Time),,,,,wta_gifts
L8ZPSGtWHO,,,,,,"{""*"":{""read"":true},""role:Administrator"":{""read"":true,""write"":true}}",Monomancy,Tue Jan 14 2020 21:16:23 GMT-0500 (Eastern Standard Time),,,,,,,,,,,,,,,,,,Auctoritas,Tue Jan 14 2020 21:16:23 GMT-0500 (Eastern Standard Time),,,,,sabbat_rituals
L9jZsD6y9L,,,,,,"{""*"":{""read"":true},""role:Administrator"":{""read"":true,""write"":true}}",Skill Aptitude,Tue Jan 14 2020 21:16:22 GMT-0500 (Eastern Standard Time),,,,2,,Maximum in one skill is increased by 1. Purchasable multiple times.,,,,,,,,,,,,General,Tue Jan 14 2020 21:16:22 GMT-0500 (Eastern Standard Time),,,,,merits
LAaj41gUsW,,,,,,"{""*"":{""read"":true},""role:Administrator"":{""read"":true,""write"":true}}",Scourge,Sun Feb 15 2026 13:14:10 GMT-0500 (Eastern Standard Time),,,,,,,,,,,,,,,,,,Camarilla,Tue Jan 14 2020 21:16:25 GMT-0500 (Eastern Standard Time),,,,,titles
LCShQZ6KJ2,,,,,,"{""*"":{""read"":true},""role:Administrator"":{""read"":true,""write"":true}}",Wyld's Undreamt Fury,Tue Jan 14 2020 21:16:30 GMT-0500 (Eastern Standard Time),,,,5,,,,,,,,,Wits,,,No,Ahroun,General,Tue Jan 14 2020 21:16:30 GMT-0500 (Eastern Standard Time),Metis,,,,wta_gifts
LEDmLf1RPF,,,,,,"{""*"":{""read"":true},""role:Administrator"":{""read"":true,""write"":true}}",Pooka,Tue Jan 14 2020 21:16:13 GMT-0500 (Eastern Standard Time),6,,,,,,,,,,,,,,,,,,Tue Jan 14 2020 21:16:13 GMT-0500 (Eastern Standard Time),,,,,ctdbs_kiths
LFFkUnAxav,,,,,,"{""*"":{""read"":true},""role:Administrator"":{""read"":true,""write"":true}}",Quixotic,Tue Jan 14 2020 21:16:21 GMT-0500 (Eastern Standard Time),,MalkavianKnights of the Moon,,1,,,,,,,,,,,38,,,,Tue Jan 14 2020 21:16:21 GMT-0500 (Eastern Standard Time),,,,,merits
LFstX8EfDw,,,,,,"{""*"":{""read"":true},""role:Administrator"":{""read"":true,""write"":true}}",Lifegiver,Tue Jan 14 2020 21:16:21 GMT-0500 (Eastern Standard Time),,Salubri Healer,,1,,,,,,,,,,,52-53,,,,Tue Jan 14 2020 21:16:21 GMT-0500 (Eastern Standard Time),,,,,merits
LH2gFoWsXH,,,,,,"{""*"":{""read"":true},""role:Administrator"":{""read"":true,""write"":true}}",Orion,Tue Jan 14 2020 21:16:22 GMT-0500 (Eastern Standard Time),14,,,,,,,,,,,,,,,,,,Tue Jan 14 2020 21:16:22 GMT-0500 (Eastern Standard Time),,,,,paths
LIZgiOAxs6,,,,,,"{""*"":{""read"":true},""role:Administrator"":{""read"":true,""write"":true}}",Anarch Republic,Sat Feb 14 2026 18:17:01 GMT-0500 (Eastern Standard Time),,,,,,,,,,,,,,,,,,,Sun Jan 26 2020 15:26:55 GMT-0500 (Eastern Standard Time),,,,,sects
LJYb1Jm01d,,,,,,"{""*"":{""read"":true},""role:Administrator"":{""read"":true,""write"":true}}",Vulnerable to Cold Iron,Tue Jan 14 2020 21:16:12 GMT-0500 (Eastern Standard Time),,,,2,,,,,,,,,,,,,,,Tue Jan 14 2020 21:16:12 GMT-0500 (Eastern Standard Time),,,,,ctdbs_flaws
LK6toylOva,,,,,,"{""*"":{""read"":true},""role:Administrator"":{""read"":true,""write"":true}}",Entrance the Mob,Tue Jan 14 2020 21:16:28 GMT-0500 (Eastern Standard Time),,,,2,,,,,,,,,Charisma,,,No,Philodox,General,Tue Jan 14 2020 21:16:28 GMT-0500 (Eastern Standard Time),Galliard,,Homid,,wta_gifts
LL3CPYnaa4,,,Anarch,,,"{""*"":{""read"":true},""role:Administrator"":{""read"":true,""write"":true}}",Veteran,Thu Feb 13 2020 22:50:16 GMT-0500 (Eastern Standard Time),,,,,,,,,,,,,,,,,,Fleeting,Tue Jan 14 2020 21:16:24 GMT-0500 (Eastern Standard Time),,,,,status_traits
LNFmensowt,,,,,,"{""*"":{""read"":true},""role:Administrator"":{""read"":true,""write"":true}}",Rodens,Tue Jan 14 2020 21:16:28 GMT-0500 (Eastern Standard Time),,,,,,Tack via scent; Gain bite attack; +2 Investigation & Stealth; Gain climb speed; carry twice their wieght; decrease rage,,,,,,,,,,,,Ratkin,Tue Jan 14 2020 21:16:28 GMT-0500 (Eastern Standard Time),,,,,wta_forms
LQEzyN1Uda,,,,,,"{""*"":{""read"":true},""role:Administrator"":{""read"":true,""write"":true}}",Necromancy: Sepulchre Path,Tue Jan 14 2020 21:16:18 GMT-0500 (Eastern Standard Time),,,,,,,,,,,,,,,,,,,Tue Jan 14 2020 21:16:18 GMT-0500 (Eastern Standard Time),,,,,extra_in_clan_disciplines
LWEsYv49Bz,,,,,,"{""*"":{""read"":true},""role:Administrator"":{""read"":true,""write"":true}}",Bastet,Tue Jan 14 2020 21:16:17 GMT-0500 (Eastern Standard Time),,,,,,,,,,,,,,,,,,,Tue Jan 14 2020 21:16:17 GMT-0500 (Eastern Standard Time),,,,,extra_affinity_links
LaBbqpUQ8t,,,,,,"{""*"":{""read"":true},""role:Administrator"":{""read"":true,""write"":true}}",Final Strike,Tue Jan 14 2020 21:16:24 GMT-0500 (Eastern Standard Time),,,,,,,,,,,,,,,,,,,Tue Jan 14 2020 21:16:24 GMT-0500 (Eastern Standard Time),,,,,techniques
LaGHDGyvEH,,,,No,,"{""*"":{""read"":true},""role:Administrator"":{""read"":true,""write"":true}}",Allies,Tue Jan 14 2020 21:16:25 GMT-0500 (Eastern Standard Time),,,,,,,,,,,,,,Yes,,,,,Tue Jan 14 2020 21:16:25 GMT-0500 (Eastern Standard Time),,,,,wta_backgrounds
LdOCNhk7H4,,requires_specialization,,,Choose between Animalism or Protean,"{""*"":{""read"":true},""role:Administrator"":{""read"":true,""write"":true}}",That Damn Cat,Tue Jan 14 2020 21:16:24 GMT-0500 (Eastern Standard Time),,,,,,,,,,,,,,,,,,,Tue Jan 14 2020 21:16:24 GMT-0500 (Eastern Standard Time),,,,,techniques
LecggTpT7V,,,,,,"{""*"":{""read"":true},""role:Administrator"":{""read"":true,""write"":true}}",Acute Sense,Tue Jan 14 2020 21:16:20 GMT-0500 (Eastern Standard Time),,,,1,,One sense acts as if it were Heightened Senses. Do not have to spend Blood to use Heightened Senses with that sense.,,,,,,,,,,,,General,Tue Jan 14 2020 21:16:20 GMT-0500 (Eastern Standard Time),,,,,merits
Lg2Nfj43TH,,,,,,"{""*"":{""read"":true},""role:Administrator"":{""read"":true,""write"":true}}",Obsidian Claws,Tue Jan 14 2020 21:16:21 GMT-0500 (Eastern Standard Time),,Bloodline: Tlacique,,3,,,,,,,,,,,28,,,,Tue Jan 14 2020 21:16:21 GMT-0500 (Eastern Standard Time),,,,,merits
LgkFX9owUC,,,,,,"{""*"":{""read"":true},""role:Administrator"":{""read"":true,""write"":true}}",Blood Tempering,Tue Jan 14 2020 21:16:24 GMT-0500 (Eastern Standard Time),,,,,,,,,,,,,,,,,,,Tue Jan 14 2020 21:16:24 GMT-0500 (Eastern Standard Time),,,,,techniques
LisnUGQJWA,,,,,,"{""*"":{""read"":true},""role:Administrator"":{""read"":true,""write"":true}}",Medium,Tue Jan 14 2020 21:16:32 GMT-0500 (Eastern Standard Time),,,,1,,,,,,,,,,,,,,General,Tue Jan 14 2020 21:16:32 GMT-0500 (Eastern Standard Time),,,,,wta_merits
LjFM0rB9sF,,,,,,"{""*"":{""read"":true},""role:Administrator"":{""read"":true,""write"":true}}",Lord Commander,Thu Feb 13 2020 22:47:30 GMT-0500 (Eastern Standard Time),,,,,,,,,,,,,,,,,,Lasombra,Thu Feb 13 2020 22:47:30 GMT-0500 (Eastern Standard Time),,,,,titles
LkaQVShzsv,,,,,,"{""*"":{""read"":true},""role:Administrator"":{""read"":true,""write"":true}}",Valeren: Fiery Agony,Wed Sep 01 2021 19:59:02 GMT-0400 (Eastern Daylight Time),,,,,,,,,,,,,,,,,,,Tue Jan 14 2020 21:16:17 GMT-0500 (Eastern Standard Time),,,,,elder_disciplines
Lm2ohsrvCw,,Assamite,,,,"{""*"":{""read"":true},""role:Administrator"":{""read"":true,""write"":true}}",Surprise Attack,Tue Jan 14 2020 21:16:22 GMT-0500 (Eastern Standard Time),,,,1,,Gain +3 to Physical test pools when attacking from surprise.,,,,,,,,,,,,Clan,Tue Jan 14 2020 21:16:22 GMT-0500 (Eastern Standard Time),,,,,merits
LnRL0djCFv,,Silver Fangs,,,,"{""*"":{""read"":true},""role:Administrator"":{""read"":true,""write"":true}}",A Hero's Return,Tue Jan 14 2020 21:16:31 GMT-0500 (Eastern Standard Time),,,,3,,,,,,,,,,,,,,Tribal,Tue Jan 14 2020 21:16:31 GMT-0500 (Eastern Standard Time),,,,,wta_merits
Lnch3NCtSQ,,,,,,"{""*"":{""read"":true},""role:Administrator"":{""read"":true,""write"":true}}",Protector,Tue Jan 14 2020 21:16:10 GMT-0500 (Eastern Standard Time),,,,,,,,,,,,,,,,,,,Tue Jan 14 2020 21:16:10 GMT-0500 (Eastern Standard Time),,,,,archetypes
LrOJnzAZhn,,,,,,"{""*"":{""read"":true},""role:Administrator"":{""read"":true,""write"":true}}",Hard of Hearing,Tue Jan 14 2020 21:16:18 GMT-0500 (Eastern Standard Time),,,,2,,Suffer -2 to Awareness and Investigation pools based on hearing.,,,,,,,,,,,,General,Tue Jan 14 2020 21:16:18 GMT-0500 (Eastern Standard Time),,,,,flaws
LtNVf1EeQm,,,,,,"{""*"":{""read"":true},""role:Administrator"":{""read"":true,""write"":true}}",The Forbidden Garden; of Those Things Which Are Not Spoken,Tue Jan 14 2020 21:16:25 GMT-0500 (Eastern Standard Time),20,,,,,,,,,,,,,,,,,,Tue Jan 14 2020 21:16:25 GMT-0500 (Eastern Standard Time),,,,,vampiric_texts
LucFB2e205,,,,,,"{""*"":{""read"":true},""role:Administrator"":{""read"":true,""write"":true}}",Feral Heart,Tue Jan 14 2020 21:16:22 GMT-0500 (Eastern Standard Time),8,,,,,,,,,,,,,,,,,,Tue Jan 14 2020 21:16:22 GMT-0500 (Eastern Standard Time),,,,,paths
LulVGNVGHR,,,,,,"{""*"":{""read"":true},""role:Administrator"":{""read"":true,""write"":true}}",Atra Sacramentum,Tue Jan 14 2020 21:16:23 GMT-0500 (Eastern Standard Time),,,,,,,,,,,,,,,,,,Faction,Tue Jan 14 2020 21:16:23 GMT-0500 (Eastern Standard Time),,Orthodox,,,sabbat_rituals
LutoFGqCgn,,,,,,"{""*"":{""read"":true},""role:Administrator"":{""read"":true,""write"":true}}",Tenuous Loyalty,Tue Jan 14 2020 21:16:19 GMT-0500 (Eastern Standard Time),,,,3,,Cannot use standard Archetype retest unless has 3 point vinculum to at least 3 Sabbat. Must spend 2 Willpower on the first retest of each session.,,,,,,,,,,,,Sabbat,Tue Jan 14 2020 21:16:19 GMT-0500 (Eastern Standard Time),,,,,flaws
LvpKaPVpdg,,,,,,"{""*"":{""read"":true},""role:Administrator"":{""read"":true,""write"":true}}",Poisonous Will,Tue Jan 14 2020 21:16:24 GMT-0500 (Eastern Standard Time),,,,,,,,,,,,,,,,,,,Tue Jan 14 2020 21:16:24 GMT-0500 (Eastern Standard Time),,,,,techniques
LwSMl1tlll,,,,,,"{""*"":{""read"":true},""role:Administrator"":{""read"":true,""write"":true}}",The Slow Knife,Tue Jan 14 2020 21:16:30 GMT-0500 (Eastern Standard Time),,,,5,,,,,,,,,Intelligence,,,No,Ratkin,Fera,Tue Jan 14 2020 21:16:30 GMT-0500 (Eastern Standard Time),,,,,wta_gifts
M0AZc09Nye,,,,No,,"{""*"":{""read"":true},""role:Administrator"":{""read"":true,""write"":true}}",Alternate Identity,Tue Jan 14 2020 21:16:25 GMT-0500 (Eastern Standard Time),,,,,,,,,,,,,,No,,,,,Tue Jan 14 2020 21:16:25 GMT-0500 (Eastern Standard Time),,,,,wta_backgrounds
M4IdICDIHF,,,,,,"{""*"":{""read"":true},""role:Administrator"":{""read"":true,""write"":true}}",Taxi drivers,Sat Feb 14 2026 18:08:11 GMT-0500 (Eastern Standard Time),1,,,,,,,,,,,,,,,,,,Tue Jan 14 2020 21:16:19 GMT-0500 (Eastern Standard Time),,,,,influence_elite_specializations
M6a5xM1hA9,,requires_specialization,,,,"{""*"":{""read"":true},""role:Administrator"":{""read"":true,""write"":true}}",Derangement Severe,Tue Jan 14 2020 21:16:27 GMT-0500 (Eastern Standard Time),,requires_specialization,,3,,,,,,,,,,,,,,,Tue Jan 14 2020 21:16:27 GMT-0500 (Eastern Standard Time),,,,,wta_flaws
M74oruqWCC,,,,,,"{""*"":{""read"":true},""role:Administrator"":{""read"":true,""write"":true}}",Balanced,Tue Jan 14 2020 21:16:30 GMT-0500 (Eastern Standard Time),,,Melee,,,,,,,,,,,,,,,,Tue Jan 14 2020 21:16:30 GMT-0500 (Eastern Standard Time),,,,,wta_item_traits
M7QwYQ2DoC,,,,,,"{""*"":{""read"":true},""role:Administrator"":{""read"":true,""write"":true}}",Signal Rider,Tue Jan 14 2020 21:16:29 GMT-0500 (Eastern Standard Time),,,,4,,,,,,,,,Perception,,,No,Glass Walkers,Tribal,Tue Jan 14 2020 21:16:29 GMT-0500 (Eastern Standard Time),,,,,wta_gifts
M7iaNcUf9g,,,,,,"{""*"":{""read"":true},""role:Administrator"":{""read"":true,""write"":true}}",Tsitsu,Tue Jan 14 2020 21:16:28 GMT-0500 (Eastern Standard Time),,,,,,"Gain claw attack; +2 Dodge, Stealth, Survival; tool user",,,,,,,Dexterity: +4 Dodge,,,,,Nuwisha,Tue Jan 14 2020 21:16:28 GMT-0500 (Eastern Standard Time),,,,,wta_forms
M7krsswZnb,,,,,,"{""*"":{""read"":true},""role:Administrator"":{""read"":true,""write"":true}}",Slow on the Draw,Tue Jan 14 2020 21:16:27 GMT-0500 (Eastern Standard Time),,,,2,,,,,,,,,,,,,,,Tue Jan 14 2020 21:16:27 GMT-0500 (Eastern Standard Time),,,,,wta_flaws
MABrxjw1NY,,,,,,"{""*"":{""read"":true},""role:Administrator"":{""read"":true,""write"":true}}",Fellowship of Rumi,Tue Jan 14 2020 21:16:12 GMT-0500 (Eastern Standard Time),,,,,,,,,,,,,,,,,,,Tue Jan 14 2020 21:16:12 GMT-0500 (Eastern Standard Time),,,,,ctdbs_kith_group_types
MEGxiHpBx1,,,,,,"{""*"":{""read"":true},""role:Administrator"":{""read"":true,""write"":true}}",Thaumaturgy: Movement of the Mind,Sun Jan 26 2020 15:30:50 GMT-0500 (Eastern Standard Time),,,,,,,,,,,,,,,,,,,Tue Jan 14 2020 21:16:16 GMT-0500 (Eastern Standard Time),,,,,disciplines
MEpcXq8vpO,,,,,,"{""*"":{""read"":true},""role:Administrator"":{""read"":true,""write"":true}}",Hard as Steel,Tue Jan 14 2020 21:16:21 GMT-0500 (Eastern Standard Time),,Ventrue Crusader,,3,,,,,,,,,,,45-46,,,,Tue Jan 14 2020 21:16:21 GMT-0500 (Eastern Standard Time),,,,,merits
MErBAWAKvE,,,,,,"{""*"":{""read"":true},""role:Administrator"":{""read"":true,""write"":true}}",Vulnerable to Silver,Tue Jan 14 2020 21:16:27 GMT-0500 (Eastern Standard Time),,,,2,,,,,,,,,,,,,,,Tue Jan 14 2020 21:16:27 GMT-0500 (Eastern Standard Time),,,,,wta_flaws
MFVgzwcLbC,,,,,,"{""*"":{""read"":true},""role:Administrator"":{""read"":true,""write"":true}}",Umbral Ineptitude,Tue Jan 14 2020 21:16:27 GMT-0500 (Eastern Standard Time),,,,2,,,,,,,,,,,,,,,Tue Jan 14 2020 21:16:27 GMT-0500 (Eastern Standard Time),,,,,wta_flaws
MFhVVJN4Yy,,,,,,"{""*"":{""read"":true},""role:Administrator"":{""read"":true,""write"":true}}",Know-It-All,Tue Jan 14 2020 21:16:10 GMT-0500 (Eastern Standard Time),,,,,,,,,,,,,,,,,,,Tue Jan 14 2020 21:16:10 GMT-0500 (Eastern Standard Time),,,,,archetypes_2
MGWEn8xvph,,,,,,"{""*"":{""read"":true},""role:Administrator"":{""read"":true,""write"":true}}",Savage Strike,Tue Jan 14 2020 21:16:29 GMT-0500 (Eastern Standard Time),,,,4,,,,,,,,,Appearance,,,No,Bone Gnawers,Tribal,Tue Jan 14 2020 21:16:29 GMT-0500 (Eastern Standard Time),,,,,wta_gifts
MHoWYdsNGE,,,,,,"{""*"":{""read"":true},""role:Administrator"":{""read"":true,""write"":true}}",Customized,Tue Jan 14 2020 21:16:31 GMT-0500 (Eastern Standard Time),,,,,,,,General,,,,,,,,,,,Tue Jan 14 2020 21:16:31 GMT-0500 (Eastern Standard Time),,,,,wta_item_traits
MJ8vlBopPH,,,,,,"{""*"":{""read"":true},""role:Administrator"":{""read"":true,""write"":true}}",Full Body,Tue Jan 14 2020 21:16:31 GMT-0500 (Eastern Standard Time),,,,,,,Armor,,,Talen,Fetish,,,,,,,,Tue Jan 14 2020 21:16:31 GMT-0500 (Eastern Standard Time),,,,,wta_item_traits
MKV0HdB70c,,,Anarch,,,"{""*"":{""read"":true},""role:Administrator"":{""read"":true,""write"":true}}",Marked,Thu Feb 13 2020 22:50:14 GMT-0500 (Eastern Standard Time),,,,,,,,,,,,,,,,,,Negative,Tue Jan 14 2020 21:16:23 GMT-0500 (Eastern Standard Time),,,,,status_traits
MNkYJCSw2L,,,,,,"{""*"":{""read"":true},""role:Administrator"":{""read"":true,""write"":true}}",Rom baro,Sun Feb 15 2026 13:14:10 GMT-0500 (Eastern Standard Time),,,,,,,,,,,,,,,,,,Ravnos,Tue Jan 14 2020 21:16:25 GMT-0500 (Eastern Standard Time),,,,,titles
MQ3qxqTISf,,Children of Gaia,,,,"{""*"":{""read"":true},""role:Administrator"":{""read"":true,""write"":true}}",Grandmother's Touch,Tue Jan 14 2020 21:16:31 GMT-0500 (Eastern Standard Time),,,,3,,,,,,,,,,,,,,Tribal,Tue Jan 14 2020 21:16:31 GMT-0500 (Eastern Standard Time),,,,,wta_merits
MQafIQfriN,,,,,,"{""*"":{""read"":true},""role:Administrator"":{""read"":true,""write"":true}}",Resources,Sun Jan 26 2020 15:30:12 GMT-0500 (Eastern Standard Time),0,,,,,,,,,,,,,,103,,,,Tue Jan 14 2020 21:16:11 GMT-0500 (Eastern Standard Time),,,,,backgrounds
MT6yYsXx0C,,,,,,"{""*"":{""read"":true},""role:Administrator"":{""read"":true,""write"":true}}",Fetish Ineptitude,Tue Jan 14 2020 21:16:27 GMT-0500 (Eastern Standard Time),,,,4,,,,,,,,,,,,,,,Tue Jan 14 2020 21:16:27 GMT-0500 (Eastern Standard Time),,,,,wta_flaws
MXTgE0TwkZ,,,,,,"{""*"":{""read"":true},""role:Administrator"":{""read"":true,""write"":true}}",Longevity,Tue Jan 14 2020 21:16:31 GMT-0500 (Eastern Standard Time),,,,1,,,,,,,,,,,,,,General,Tue Jan 14 2020 21:16:31 GMT-0500 (Eastern Standard Time),,,,,wta_merits
McAv4W85Zt,,,,,,"{""*"":{""read"":true},""role:Administrator"":{""read"":true,""write"":true}}",Thaumaturgy: Engaging the Vessel of Transference,Tue Jan 14 2020 21:16:23 GMT-0500 (Eastern Standard Time),,,,1,,,,,,,,,,,,,,,Tue Jan 14 2020 21:16:23 GMT-0500 (Eastern Standard Time),,,,,rituals
MdmO2cKzN1,,,,,,"{""*"":{""read"":true},""role:Administrator"":{""read"":true,""write"":true}}",Overconfident,Tue Jan 14 2020 21:16:27 GMT-0500 (Eastern Standard Time),,,,2,,,,,,,,,,,,,,,Tue Jan 14 2020 21:16:27 GMT-0500 (Eastern Standard Time),,,,,wta_flaws
MhqDK4hXMp,,,,,,"{""*"":{""read"":true},""role:Administrator"":{""read"":true,""write"":true}}",Gargoyles,Tue Aug 31 2021 02:28:48 GMT-0400 (Eastern Daylight Time),,,,,,,,,,,,,,,,,,,Tue Jan 14 2020 21:16:11 GMT-0500 (Eastern Standard Time),,,,,clans
MjaB6wJ1nd,,,,,,"{""*"":{""read"":true},""role:Administrator"":{""read"":true,""write"":true}}",Steel mill workers,Sat Feb 14 2026 18:10:12 GMT-0500 (Eastern Standard Time),1,,,,,,,,,,,,,,,,,,Tue Jan 14 2020 21:16:19 GMT-0500 (Eastern Standard Time),,,,,influence_underworld_specializations
MkXEMhCMMz,,,,,,"{""*"":{""read"":true},""role:Administrator"":{""read"":true,""write"":true}}",Camarilla,Sun Mar 01 2020 22:37:45 GMT-0500 (Eastern Standard Time),1,,,,,,,,,,,,,,,,,,Tue Jan 14 2020 21:16:20 GMT-0500 (Eastern Standard Time),,,,,lore_specializations
MlZr2HJ0cq,,,,,,"{""*"":{""read"":true},""role:Administrator"":{""read"":true,""write"":true}}",The journal of Danika Ruthven,Tue Jan 14 2020 21:16:25 GMT-0500 (Eastern Standard Time),22,,,,,,,,,,,,,,,,,,Tue Jan 14 2020 21:16:25 GMT-0500 (Eastern Standard Time),,,,,vampiric_texts
MmDam0I2X8,,,,,,"{""*"":{""read"":true},""role:Administrator"":{""read"":true,""write"":true}}",Thaumatrugy,Sun Mar 01 2020 22:37:34 GMT-0500 (Eastern Standard Time),1,,,,,,,,,,,,,,,,,,Sun Mar 01 2020 22:37:34 GMT-0500 (Eastern Standard Time),,,,,lore_specializations
MnZivuOGwz,,,,,,"{""*"":{""read"":true},""role:Administrator"":{""read"":true,""write"":true}}",Mortal Terror,Tue Jan 14 2020 21:16:24 GMT-0500 (Eastern Standard Time),,,,,,,,,,,,,,,,,,,Tue Jan 14 2020 21:16:24 GMT-0500 (Eastern Standard Time),,,,,techniques
MoschHdEnz,,,,,,"{""*"":{""read"":true},""role:Administrator"":{""read"":true,""write"":true}}",Taxi drivers,Sat Feb 14 2026 18:10:12 GMT-0500 (Eastern Standard Time),1,,,,,,,,,,,,,,,,,,Tue Jan 14 2020 21:16:19 GMT-0500 (Eastern Standard Time),,,,,influence_underworld_specializations
MpJ7uxUT7o,,,,,,"{""*"":{""read"":true},""role:Administrator"":{""read"":true,""write"":true}}",Archbishop,Sun Feb 15 2026 13:14:10 GMT-0500 (Eastern Standard Time),,,,,,,,,,,,,,,,,,Sabbat,Tue Jan 14 2020 21:16:25 GMT-0500 (Eastern Standard Time),,,,,titles
MqJjpHERbK,,,,,,"{""*"":{""read"":true},""role:Administrator"":{""read"":true,""write"":true}}",Ornamental,Tue Jan 14 2020 21:16:26 GMT-0500 (Eastern Standard Time),,,Cantrip,1,,,,,,,,,,,,,,,Tue Jan 14 2020 21:16:26 GMT-0500 (Eastern Standard Time),,,,,wta_fetish_traits
MsygXvMweB,,,,,,"{""*"":{""read"":true},""role:Administrator"":{""read"":true,""write"":true}}",Bloodline: Premascine,Tue Jan 14 2020 21:16:20 GMT-0500 (Eastern Standard Time),,,,4,,,,,,,,,,,,,,,Tue Jan 14 2020 21:16:20 GMT-0500 (Eastern Standard Time),,,,,merits
Mv9khaH3bH,,,,,,"{""*"":{""read"":true},""role:Administrator"":{""read"":true,""write"":true}}",Heads or Tails,Tue Jan 14 2020 21:16:13 GMT-0500 (Eastern Standard Time),,,,1,,,,,,,,,,,,,,,Tue Jan 14 2020 21:16:13 GMT-0500 (Eastern Standard Time),,,,,ctdbs_merits
MzPD1A3T4F,,,,,,"{""*"":{""read"":true},""role:Administrator"":{""read"":true,""write"":true}}",Johnny on the Spot,Tue Jan 14 2020 21:16:14 GMT-0500 (Eastern Standard Time),,,,3,,,,,,,,,,,,,,,Tue Jan 14 2020 21:16:14 GMT-0500 (Eastern Standard Time),,,,,ctdbs_merits
N2G40GfFyq,,Nosferatu,,,,"{""*"":{""read"":true},""role:Administrator"":{""read"":true,""write"":true}}",Unseeing Eye,Tue Jan 14 2020 21:16:22 GMT-0500 (Eastern Standard Time),,,,1,,"Cannot be targeted by powers that track at range (Clairvoyance, Illuminate the Trail of Prey, etc.). Line of sight powers still work.",,,,,,,,,,,,Clan,Tue Jan 14 2020 21:16:22 GMT-0500 (Eastern Standard Time),,,,,merits
N72e75nL9d,,,Sabbat,,,"{""*"":{""read"":true},""role:Administrator"":{""read"":true,""write"":true}}",Initiated,Thu Feb 13 2020 22:50:14 GMT-0500 (Eastern Standard Time),,,,,,,,,,,,,,,,,,Accepted,Tue Jan 14 2020 21:16:23 GMT-0500 (Eastern Standard Time),,,,,status_traits
NEhJpdi5jP,,,,,,"{""*"":{""read"":true},""role:Administrator"":{""read"":true,""write"":true}}",Eyes of Anubis,Tue Jan 14 2020 21:16:28 GMT-0500 (Eastern Standard Time),,,,4,,,,,,,,,Manipulation,,,Yes,Silent Striders,Tribal,Tue Jan 14 2020 21:16:28 GMT-0500 (Eastern Standard Time),,,,,wta_gifts
NEr3OQeNni,,,,,,"{""*"":{""read"":true},""role:Administrator"":{""read"":true,""write"":true}}",Herd,Sun Jan 26 2020 15:30:12 GMT-0500 (Eastern Standard Time),0,,,,,,,,,,,,,,102,,,,Tue Jan 14 2020 21:16:11 GMT-0500 (Eastern Standard Time),,,,,backgrounds
NFk5gt28K0,,,,,,"{""*"":{""read"":true},""role:Administrator"":{""read"":true,""write"":true}}",Impact Absorption,Tue Jan 14 2020 21:16:31 GMT-0500 (Eastern Standard Time),,,,,,,Armor,,,Talen,,,,,,,,,Tue Jan 14 2020 21:16:31 GMT-0500 (Eastern Standard Time),,,,,wta_item_traits
NJQHPoTlT9,,,,,,"{""*"":{""read"":true},""role:Administrator"":{""read"":true,""write"":true}}",Charmed Life,Tue Jan 14 2020 21:16:13 GMT-0500 (Eastern Standard Time),,,,2,,,,,,,,,,,,,,,Tue Jan 14 2020 21:16:13 GMT-0500 (Eastern Standard Time),,,,,ctdbs_merits
NLjtdKgRe0,,,,,,"{""*"":{""read"":true},""role:Administrator"":{""read"":true,""write"":true}}",Umbral Tether,Tue Jan 14 2020 21:16:30 GMT-0500 (Eastern Standard Time),,,,2,,,,,,,,,Perception,,,No,Theurge,General,Tue Jan 14 2020 21:16:30 GMT-0500 (Eastern Standard Time),Metis,,,,wta_gifts
NMs00cFQNU,,,,,,"{""*"":{""read"":true},""role:Administrator"":{""read"":true,""write"":true}}",Actuary,Sun Feb 15 2026 13:14:10 GMT-0500 (Eastern Standard Time),,,,,,,,,,,,,,,,,,Independent Alliance,Thu Feb 13 2020 22:47:20 GMT-0500 (Eastern Standard Time),,,,,titles
NNlwCEdEPt,,,,,,"{""*"":{""read"":true},""role:Administrator"":{""read"":true,""write"":true}}",Luxury,Tue Jan 14 2020 21:16:33 GMT-0500 (Eastern Standard Time),,,,,,,,,,,,,,,,,,,Tue Jan 14 2020 21:16:33 GMT-0500 (Eastern Standard Time),,,,,wta_territory_specializations
NOVruAOdHK,,,,,,"{""*"":{""read"":true},""role:Administrator"":{""read"":true,""write"":true}}",NPC,Tue Jan 14 2020 21:16:09 GMT-0500 (Eastern Standard Time),3,,,,,,,,,,,,,,,,,,Tue Jan 14 2020 21:16:09 GMT-0500 (Eastern Standard Time),,,,,antecedences
NOqpazYn0P,,requires_specialization,,,Set which Thaumaturgical Path will be learned with this merit. You will need to also add this path to Extra In Clan Disciplines in order to properly pay in-clan prices for it. Please do this before purchasing this discipline as part of character creation or your experience points may be incorrect.<p>Rules can be found on BNS page 243.</p>,"{""*"":{""read"":true},""role:Administrator"":{""read"":true,""write"":true}}",Thaumaturgic Training,Tue Jan 14 2020 21:16:22 GMT-0500 (Eastern Standard Time),,,,4,,"Opens up List 4 as an out of Clan Discipline, can never have Thaumaturgy without this merit.",,,,,,,,,243,,,General,Tue Jan 14 2020 21:16:22 GMT-0500 (Eastern Standard Time),,,,,merits
NPinQVSObT,,Black Furies,,,,"{""*"":{""read"":true},""role:Administrator"":{""read"":true,""write"":true}}",Bacchantes,Tue Jan 14 2020 21:16:25 GMT-0500 (Eastern Standard Time),,,,,,,,,,,,,,,,,,,Tue Jan 14 2020 21:16:25 GMT-0500 (Eastern Standard Time),,,,,wta_camps
NRGOMRfVx2,,Bastet,,,,"{""*"":{""read"":true},""role:Administrator"":{""read"":true,""write"":true}}",Twin Souls,Tue Jan 14 2020 21:16:32 GMT-0500 (Eastern Standard Time),,requires_specialization,,3,,,,,,,,,,,,,,Fera,Tue Jan 14 2020 21:16:32 GMT-0500 (Eastern Standard Time),,,,,wta_merits
NRmdERfQXv,,,,,,"{""*"":{""read"":true},""role:Administrator"":{""read"":true,""write"":true}}",Cardinal,Sun Feb 15 2026 13:14:10 GMT-0500 (Eastern Standard Time),,,,,,,,,,,,,,,,,,Sabbat,Tue Jan 14 2020 21:16:25 GMT-0500 (Eastern Standard Time),,,,,titles
NTAQZqGnhq,,,,,,"{""*"":{""read"":true},""role:Administrator"":{""read"":true,""write"":true}}",Executioner,Fri Feb 14 2020 14:55:13 GMT-0500 (Eastern Standard Time),,,,,,,,,,,,,,,,,,Independent Alliance,Thu Feb 13 2020 22:47:26 GMT-0500 (Eastern Standard Time),,,,,titles
NUQW0EDv9M,,,,,,"{""*"":{""read"":true},""role:Administrator"":{""read"":true,""write"":true}}",Shadowlands,Sun Mar 01 2020 22:37:46 GMT-0500 (Eastern Standard Time),1,,,,,,,,,,,,,,,,,,Tue Jan 14 2020 21:16:20 GMT-0500 (Eastern Standard Time),,,,,lore_specializations
NW84GGGkvO,,,,,,"{""*"":{""read"":true},""role:Administrator"":{""read"":true,""write"":true}}",Tzimisce,Tue Aug 31 2021 02:28:48 GMT-0400 (Eastern Daylight Time),,,,,,,,,,,,,,,,,,,Tue Jan 14 2020 21:16:11 GMT-0500 (Eastern Standard Time),,,,,clans
NZTzD8lhWi,,,,,,"{""*"":{""read"":true},""role:Administrator"":{""read"":true,""write"":true}}",Scene,Tue Jan 14 2020 21:16:16 GMT-0500 (Eastern Standard Time),6,,,,,,,,,,,,,,,,,,Tue Jan 14 2020 21:16:16 GMT-0500 (Eastern Standard Time),,,,,ctdbs_realms
NaACJINiBi,,,,,,"{""*"":{""read"":true},""role:Administrator"":{""read"":true,""write"":true}}",Taint of Corruption,Tue Jan 14 2020 21:16:27 GMT-0500 (Eastern Standard Time),,,,3,,,,,,,,,,,,,,,Tue Jan 14 2020 21:16:27 GMT-0500 (Eastern Standard Time),,,,,wta_flaws
NbGvBDdDjh,,,,,,"{""*"":{""read"":true},""role:Administrator"":{""read"":true,""write"":true}}",Dreamers,Tue Jan 14 2020 21:16:12 GMT-0500 (Eastern Standard Time),,,,,,,,,,,,,,,,,,,Tue Jan 14 2020 21:16:12 GMT-0500 (Eastern Standard Time),,,,,ctdbs_backgrounds
NeAr1tKfB8,,,,,,"{""*"":{""read"":true},""role:Administrator"":{""read"":true,""write"":true}}",Beauty of the Beholder ,Tue Jan 14 2020 21:16:20 GMT-0500 (Eastern Standard Time),,CappadocianLamia,,1,,,,,,,,,,,48,,,,Tue Jan 14 2020 21:16:20 GMT-0500 (Eastern Standard Time),,,,,merits
NhBhdwguLH,,,,,,"{""*"":{""read"":true},""role:Administrator"":{""read"":true,""write"":true}}",Mytherceria: Steal the Mind,Tue Jan 14 2020 21:16:17 GMT-0500 (Eastern Standard Time),,,,,,,,,,,,,,,,,,,Tue Jan 14 2020 21:16:17 GMT-0500 (Eastern Standard Time),,,,,elder_disciplines
NhldbXhSHk,,Caitiff,,,,"{""*"":{""read"":true},""role:Administrator"":{""read"":true,""write"":true}}",Eclipsed Blood,Tue Jan 14 2020 21:16:21 GMT-0500 (Eastern Standard Time),,,,2,,"Stay awake and regain Willpower even if active in the day. Take unsoakable normal, rather than aggravated, damage from sunlight.",,,,,,,,,,,,Clan,Tue Jan 14 2020 21:16:21 GMT-0500 (Eastern Standard Time),,,,,merits
NigvfK3VQU,,,,,,"{""*"":{""read"":true},""role:Administrator"":{""read"":true,""write"":true}}",House Varich,Tue Jan 14 2020 21:16:16 GMT-0500 (Eastern Standard Time),,,,,,,,,,,,,,,,,,,Tue Jan 14 2020 21:16:16 GMT-0500 (Eastern Standard Time),,,,,ctdbs_noble_houses
Nk3xvv3qGE,,,,,,"{""*"":{""read"":true},""role:Administrator"":{""read"":true,""write"":true}}",Honor's Revenge,Tue Jan 14 2020 21:16:29 GMT-0500 (Eastern Standard Time),,,,3,,,,,,,,,Manipulation,,,No,Get of Fenris,Tribal,Tue Jan 14 2020 21:16:29 GMT-0500 (Eastern Standard Time),,,,,wta_gifts
Nl6QOv7ZaC,,,,,,"{""*"":{""read"":true},""role:Administrator"":{""read"":true,""write"":true}}",Amnesia,Tue Jan 14 2020 21:16:18 GMT-0500 (Eastern Standard Time),,,,1,,"No knowledge of character's past paramours, enemies or allies.",,,,,,,,,,,,General,Tue Jan 14 2020 21:16:18 GMT-0500 (Eastern Standard Time),,,,,flaws
Nms0SZZSpH,,,,,,"{""*"":{""read"":true},""role:Administrator"":{""read"":true,""write"":true}}",Denial of Aphrodite's Favor,Tue Jan 14 2020 21:16:24 GMT-0500 (Eastern Standard Time),,,,,,,,,,,,,,,,,,,Tue Jan 14 2020 21:16:24 GMT-0500 (Eastern Standard Time),,,,,techniques
NnG5EP6mC2,,,,,,"{""*"":{""read"":true},""role:Administrator"":{""read"":true,""write"":true}}",Curiosity,Tue Jan 14 2020 21:16:18 GMT-0500 (Eastern Standard Time),,,,2,,"If character fails to explore something new or unknown, maximum Willpower is reduced by 1 for the evening. This is cumulative, each such failure in the evening adds up.",,,,,,,,,,,,General,Tue Jan 14 2020 21:16:18 GMT-0500 (Eastern Standard Time),,,,,flaws
NojP9bsC9z,,Black Furies,,,,"{""*"":{""read"":true},""role:Administrator"":{""read"":true,""write"":true}}",Crone's Wisdom,Tue Jan 14 2020 21:16:31 GMT-0500 (Eastern Standard Time),,,,3,,,,,,,,,,,,,,Tribal,Tue Jan 14 2020 21:16:31 GMT-0500 (Eastern Standard Time),,,,,wta_merits
NpexmABAVB,,,,,,"{""*"":{""read"":true},""role:Administrator"":{""read"":true,""write"":true}}",Vision Quest,Tue Jan 14 2020 21:16:23 GMT-0500 (Eastern Standard Time),,,,,,,,,,,,,,,,,,Ignoblis,Tue Jan 14 2020 21:16:23 GMT-0500 (Eastern Standard Time),,,,,sabbat_rituals
Nrw8yagEdC,,,,,,"{""*"":{""read"":true},""role:Administrator"":{""read"":true,""write"":true}}",Das Tiefe Geheimnis/The Dark Secret,Tue Jan 14 2020 21:16:25 GMT-0500 (Eastern Standard Time),32,,,,,,,,,,,,,,,,,,Tue Jan 14 2020 21:16:25 GMT-0500 (Eastern Standard Time),,,,,vampiric_texts
Nw2ZSr7CVY,,,,,,"{""*"":{""read"":true},""role:Administrator"":{""read"":true,""write"":true}}",Corax,Tue Jan 14 2020 21:16:17 GMT-0500 (Eastern Standard Time),,,,,,,,,,,,,,,,,,,Tue Jan 14 2020 21:16:17 GMT-0500 (Eastern Standard Time),,,,,extra_affinity_links
NwHG1Ljwja,,,,,,"{""*"":{""read"":true},""role:Administrator"":{""read"":true,""write"":true}}",Greater Colors,Tue Jan 14 2020 21:16:21 GMT-0500 (Eastern Standard Time),,Toreador,,2,,,,,,,,,,,39,,,,Tue Jan 14 2020 21:16:21 GMT-0500 (Eastern Standard Time),,,,,merits
NxYq9x86C1,,Black Furies,,,,"{""*"":{""read"":true},""role:Administrator"":{""read"":true,""write"":true}}",Sisterhood of Fortune,Tue Jan 14 2020 21:16:26 GMT-0500 (Eastern Standard Time),,,,,,,,,,,,,,,,,,,Tue Jan 14 2020 21:16:26 GMT-0500 (Eastern Standard Time),,,,,wta_camps
O07zTmb9ee,,,,,,"{""*"":{""read"":true},""role:Administrator"":{""read"":true,""write"":true}}",Gangrel: Coyote,Sun Mar 01 2020 22:37:45 GMT-0500 (Eastern Standard Time),1,,,,,,,,,,,,,,,,,,Tue Jan 14 2020 21:16:20 GMT-0500 (Eastern Standard Time),,,,,lore_specializations
O0FhGrwPWE,,,General,,,"{""*"":{""read"":true},""role:Administrator"":{""read"":true,""write"":true}}",Courteous,Thu Feb 13 2020 22:50:13 GMT-0500 (Eastern Standard Time),,,,,,,,,,,,,,,,,,Fleeting,Tue Jan 14 2020 21:16:23 GMT-0500 (Eastern Standard Time),,,,,status_traits
O0uFclEj4k,,,,,,"{""*"":{""read"":true},""role:Administrator"":{""read"":true,""write"":true}}",Silent Striders,Tue Jan 14 2020 21:16:17 GMT-0500 (Eastern Standard Time),,,,,,,,,,,,,,,,,,,Tue Jan 14 2020 21:16:17 GMT-0500 (Eastern Standard Time),,,,,extra_affinity_links
O0xpmNhKMz,,,,,,"{""*"":{""read"":true},""role:Administrator"":{""read"":true,""write"":true}}",Chaos Mechanics,Tue Jan 14 2020 21:16:28 GMT-0500 (Eastern Standard Time),,,,5,,,,,,,,,Intelligence,,,No,Glass Walkers,Tribal,Tue Jan 14 2020 21:16:28 GMT-0500 (Eastern Standard Time),,,,,wta_gifts
O17BkeA0rb,,,,,,"{""*"":{""read"":true},""role:Administrator"":{""read"":true,""write"":true}}",Animal Ken,Tue Jan 14 2020 21:16:23 GMT-0500 (Eastern Standard Time),0,,,,,,,,,,,,,,unknown,,,,Tue Jan 14 2020 21:16:23 GMT-0500 (Eastern Standard Time),,,,,skills
O2BeKGIRGT,,,,,,"{""*"":{""read"":true},""role:Administrator"":{""read"":true,""write"":true}}",Statistics,Tue Jan 14 2020 21:16:09 GMT-0500 (Eastern Standard Time),1,,,,,,,,,,,,,,,,,,Tue Jan 14 2020 21:16:09 GMT-0500 (Eastern Standard Time),,,,,academics_specializations
O3xQnMC4gm,,,,,,"{""*"":{""read"":true},""role:Administrator"":{""read"":true,""write"":true}}",Hispo,Tue Jan 14 2020 21:16:27 GMT-0500 (Eastern Standard Time),,,,,,Aggravted Bite attacks; +4 Brawl  attacks; cannot use tools,,,,,,,Stamina: +3 wound levels; 1 in each category,,,,,Garou,Tue Jan 14 2020 21:16:27 GMT-0500 (Eastern Standard Time),,,,,wta_forms
O5zaNQO5F7,,,,,,"{""*"":{""read"":true},""role:Administrator"":{""read"":true,""write"":true}}",Lure of the Revels,Tue Jan 14 2020 21:16:15 GMT-0500 (Eastern Standard Time),,,,2,,,,,,,,,,,,,,,Tue Jan 14 2020 21:16:15 GMT-0500 (Eastern Standard Time),,,,,ctdbs_merits
O7uNEyrx5x,,,,,,"{""*"":{""read"":true},""role:Administrator"":{""read"":true,""write"":true}}",Blood Secrets,Tue Jan 14 2020 21:16:20 GMT-0500 (Eastern Standard Time),,AssamiteVizier,,2,,,,,,,,,,,31 & 24,,,,Tue Jan 14 2020 21:16:20 GMT-0500 (Eastern Standard Time),,,,,merits
O8hZZdZ0yW,,,,,,"{""*"":{""read"":true},""role:Administrator"":{""read"":true,""write"":true}}",Silence the Slain,Tue Jan 14 2020 21:16:29 GMT-0500 (Eastern Standard Time),,,,1,,,,,,,,,Manipulation,,,Yes,Red Talonss,Tribal,Tue Jan 14 2020 21:16:29 GMT-0500 (Eastern Standard Time),,,,,wta_gifts
O8qGeFWcz4,,,,,,"{""*"":{""read"":true},""role:Administrator"":{""read"":true,""write"":true}}",Malkavian,Sun Mar 01 2020 22:37:45 GMT-0500 (Eastern Standard Time),1,,,,,,,,,,,,,,,,,,Tue Jan 14 2020 21:16:20 GMT-0500 (Eastern Standard Time),,,,,lore_specializations
OBfVOJJAeN,,,,,,"{""*"":{""read"":true},""role:Administrator"":{""read"":true,""write"":true}}",Harrying,Tue Jan 14 2020 21:16:26 GMT-0500 (Eastern Standard Time),,,,1,,,,Weapon,,,,,,,,,,,Tue Jan 14 2020 21:16:26 GMT-0500 (Eastern Standard Time),,,,,wta_fetish_traits
OBlo2QTdmy,,,,,,"{""*"":{""read"":true},""role:Administrator"":{""read"":true,""write"":true}}",Artisan,Tue Jan 14 2020 21:16:30 GMT-0500 (Eastern Standard Time),,,Melee,,Ranged,,Armor,General,,,,,,,,,,,Tue Jan 14 2020 21:16:30 GMT-0500 (Eastern Standard Time),,,,,wta_item_traits
OCuEIcn1Ct,,,,,,"{""*"":{""read"":true},""role:Administrator"":{""read"":true,""write"":true}}",View the Battlefield,Tue Jan 14 2020 21:16:30 GMT-0500 (Eastern Standard Time),,,,4,,,,,,,,,Perception,,,No,Galliard,General,Tue Jan 14 2020 21:16:30 GMT-0500 (Eastern Standard Time),Homid,,Metis,,wta_gifts
OEfLVsUWii,,,,,,"{""*"":{""read"":true},""role:Administrator"":{""read"":true,""write"":true}}",Old Dog,Tue Jan 14 2020 21:16:21 GMT-0500 (Eastern Standard Time),,,,1,,You were Embraced prior to 1800,,,,,,,,,,,,Anarch,Tue Jan 14 2020 21:16:21 GMT-0500 (Eastern Standard Time),,,,,merits
OJo7RGshh7,,,,,,"{""*"":{""read"":true},""role:Administrator"":{""read"":true,""write"":true}}",Crinos,Tue Jan 14 2020 21:16:27 GMT-0500 (Eastern Standard Time),,,,,,Gain Bite & claw attack; +4 Athletics & Dodge;+2 Brawl & Melee; Tool user; gain prehensile tail,,,,,,,Dexterity: +6 Athletics & Dodge,,,,,Ratkin,Tue Jan 14 2020 21:16:27 GMT-0500 (Eastern Standard Time),,,,,wta_forms
OLu3KqSj0Y,,,,,,"{""*"":{""read"":true},""role:Administrator"":{""read"":true,""write"":true}}",Ajaba,Tue Jan 14 2020 21:16:33 GMT-0500 (Eastern Standard Time),14,,,,,Clan or Pack Dependency ,,,,,,,,,,,,,Tue Jan 14 2020 21:16:33 GMT-0500 (Eastern Standard Time),,,,,wta_tribes
ONevDqLc0r,,,,,,"{""*"":{""read"":true},""role:Administrator"":{""read"":true,""write"":true}}",Sigil of Power,Tue Jan 14 2020 21:16:29 GMT-0500 (Eastern Standard Time),,,,1,,,,,,,,,Wits,,,No,Fianna,Tribal,Tue Jan 14 2020 21:16:29 GMT-0500 (Eastern Standard Time),,,,,wta_gifts
ONnawZ1efO,,,,,,"{""*"":{""read"":true},""role:Administrator"":{""read"":true,""write"":true}}",Forge of the Soul,Tue Jan 14 2020 21:16:21 GMT-0500 (Eastern Standard Time),,TremereTelyav,,3,,,,,,,,,,,42,,,,Tue Jan 14 2020 21:16:21 GMT-0500 (Eastern Standard Time),,,,,merits
ONtpm1pzhp,,,,,,"{""*"":{""read"":true},""role:Administrator"":{""read"":true,""write"":true}}",Thaumaturgy: Path of Elemental Mastery,Tue Jan 14 2020 21:16:18 GMT-0500 (Eastern Standard Time),,,,,,,,,,,,,,,,,,,Tue Jan 14 2020 21:16:18 GMT-0500 (Eastern Standard Time),,,,,extra_in_clan_disciplines
OTsYjYeaEp,,,,,,"{""*"":{""read"":true},""role:Administrator"":{""read"":true,""write"":true}}",Geas,Tue Jan 14 2020 21:16:12 GMT-0500 (Eastern Standard Time),,,,2,,,,,,,,,,,,,,,Tue Jan 14 2020 21:16:12 GMT-0500 (Eastern Standard Time),,,,,ctdbs_flaws
OUF7TtrPUG,,,,,,"{""*"":{""read"":true},""role:Administrator"":{""read"":true,""write"":true}}",Loose Cannon,Tue Jan 14 2020 21:16:09 GMT-0500 (Eastern Standard Time),,,,,,,,,,,,,,,,,,,Tue Jan 14 2020 21:16:09 GMT-0500 (Eastern Standard Time),,,,,archetype_2
OW8A752PJ5,,,,,,"{""*"":{""read"":true},""role:Administrator"":{""read"":true,""write"":true}}",Bound to the Earth,Tue Jan 14 2020 21:16:18 GMT-0500 (Eastern Standard Time),,,,2,,Each day spent w/o contact with 2 handfuls of home soil = -1 to all attack test pools (max -5). Cannot be taken by Tzimisce or any Tzimisce Bloodline.,,,,,,,,,,,,General,Tue Jan 14 2020 21:16:18 GMT-0500 (Eastern Standard Time),,,,,flaws
OXPZp3lzTy,,,,,,"{""*"":{""read"":true},""role:Administrator"":{""read"":true,""write"":true}}",Rend the Patron Spirit,Tue Jan 14 2020 21:16:29 GMT-0500 (Eastern Standard Time),,,,4,,,,,,,,,Perception,,,Yes,Uktena,Tribal,Tue Jan 14 2020 21:16:29 GMT-0500 (Eastern Standard Time),,,,,wta_gifts
Ok2bpVLNO2,,,,,,"{""*"":{""read"":true},""role:Administrator"":{""read"":true,""write"":true}}",Cappadocians,Sun Mar 01 2020 22:37:45 GMT-0500 (Eastern Standard Time),1,,,,,,,,,,,,,,,,,,Tue Jan 14 2020 21:16:20 GMT-0500 (Eastern Standard Time),,,,,lore_specializations
On8ED6f7i4,,,,,,"{""*"":{""read"":true},""role:Administrator"":{""read"":true,""write"":true}}",Sanctum of Gaia,Tue Jan 14 2020 21:16:26 GMT-0500 (Eastern Standard Time),,,,,,,,,,,,,,,,,,,Tue Jan 14 2020 21:16:26 GMT-0500 (Eastern Standard Time),,,,,wta_factions
OnyIUloxeS,,Stargazers,,,,"{""*"":{""read"":true},""role:Administrator"":{""read"":true,""write"":true}}",Wisdom of the Ages,Tue Jan 14 2020 21:16:32 GMT-0500 (Eastern Standard Time),,,,2,,,,,,,,,,,,,,Tribal,Tue Jan 14 2020 21:16:32 GMT-0500 (Eastern Standard Time),,,,,wta_merits
OsOmcm8TCt,,,,,,"{""*"":{""read"":true},""role:Administrator"":{""read"":true,""write"":true}}",Auspex,Sun Jan 26 2020 15:30:50 GMT-0500 (Eastern Standard Time),,,,,,,,,,,,,,,,,,,Tue Jan 14 2020 21:16:16 GMT-0500 (Eastern Standard Time),,,,,disciplines
OsVebc9nqR,,,,,,"{""*"":{""read"":true},""role:Administrator"":{""read"":true,""write"":true}}",Cold Iron Tolerance,Tue Jan 14 2020 21:16:13 GMT-0500 (Eastern Standard Time),,,,2,,,,,,,,,,,,,,,Tue Jan 14 2020 21:16:13 GMT-0500 (Eastern Standard Time),,,,,ctdbs_merits
Ou0Yf3ozHA,,requires_specialization,,,,"{""*"":{""read"":true},""role:Administrator"":{""read"":true,""write"":true}}",Pack Mentality,Tue Jan 14 2020 21:16:27 GMT-0500 (Eastern Standard Time),,requires_specialization,,3,,,,,,,,,,,,,,,Tue Jan 14 2020 21:16:27 GMT-0500 (Eastern Standard Time),,,,,wta_flaws
OuOiWcSOgj,,Red Talons,,,,"{""*"":{""read"":true},""role:Administrator"":{""read"":true,""write"":true}}",Lodge of the Predator Kings,Tue Jan 14 2020 21:16:26 GMT-0500 (Eastern Standard Time),,,,,,,,,,,,,,,,,,,Tue Jan 14 2020 21:16:26 GMT-0500 (Eastern Standard Time),,,,,wta_camps
OwMbBbrQA9,,,,,,"{""*"":{""read"":true},""role:Administrator"":{""read"":true,""write"":true}}",Unkindness,Tue Jan 14 2020 21:16:30 GMT-0500 (Eastern Standard Time),,,,4,,,,,,,,,Intelligence,,,No,Corax,Fera,Tue Jan 14 2020 21:16:30 GMT-0500 (Eastern Standard Time),,,,,wta_gifts
Ozk2vFQMRf,,,Camarilla,,,"{""*"":{""read"":true},""role:Administrator"":{""read"":true,""write"":true}}",Ascendant,Thu Feb 13 2020 22:50:12 GMT-0500 (Eastern Standard Time),,,,,,,,,,,,,,,,,,Abiding,Tue Jan 14 2020 21:16:23 GMT-0500 (Eastern Standard Time),,,,,status_traits
P3HXwsunF7,,,,,,"{""*"":{""read"":true},""role:Administrator"":{""read"":true,""write"":true}}",Tremere: Telyav,Sun Mar 01 2020 22:37:46 GMT-0500 (Eastern Standard Time),1,,,,,,,,,,,,,,,,,,Tue Jan 14 2020 21:16:20 GMT-0500 (Eastern Standard Time),,,,,lore_specializations
P4IxH2WmZN,,,,,,"{""*"":{""read"":true},""role:Administrator"":{""read"":true,""write"":true}}",White Lotus Society,Tue Jan 14 2020 21:16:13 GMT-0500 (Eastern Standard Time),,,,,,,,,,,,,,,,,,,Tue Jan 14 2020 21:16:13 GMT-0500 (Eastern Standard Time),,,,,ctdbs_kith_group_types
P50GXFAnHS,,,,,,"{""*"":{""read"":true},""role:Administrator"":{""read"":true,""write"":true}}",Wail of the Banshee,Tue Jan 14 2020 21:16:30 GMT-0500 (Eastern Standard Time),,,,3,,,,,,,,,Intelligence,,,Yes,Fianna,Tribal,Tue Jan 14 2020 21:16:30 GMT-0500 (Eastern Standard Time),,,,,wta_gifts
P5fDM0vHZJ,,,,,,"{""*"":{""read"":true},""role:Administrator"":{""read"":true,""write"":true}}",Critias' Codex of Caine,Tue Jan 14 2020 21:16:25 GMT-0500 (Eastern Standard Time),4,,,,,,,,,,,,,,,,,,Tue Jan 14 2020 21:16:25 GMT-0500 (Eastern Standard Time),,,,,vampiric_texts
P7z8AB5cU2,,,,,,"{""*"":{""read"":true},""role:Administrator"":{""read"":true,""write"":true}}",Oracular Ability,Tue Jan 14 2020 21:16:21 GMT-0500 (Eastern Standard Time),,,,2,,"Once per game, can ask the ST for a clue about relevant plot. Once an hour, can sacrifice a standard action to perform a simple one even out of Initiative order.",,,,,,,,,,,,General,Tue Jan 14 2020 21:16:21 GMT-0500 (Eastern Standard Time),,,,,merits
P8r7mYCpAT,,,,,,"{""*"":{""read"":true},""role:Administrator"":{""read"":true,""write"":true}}",Trickster,Tue Jan 14 2020 21:16:10 GMT-0500 (Eastern Standard Time),,,,,,,,,,,,,,,,,,,Tue Jan 14 2020 21:16:10 GMT-0500 (Eastern Standard Time),,,,,archetype_2s
PBvWFzCfva,,,,,,"{""*"":{""read"":true},""role:Administrator"":{""read"":true,""write"":true}}",Mind Web,Tue Jan 14 2020 21:16:29 GMT-0500 (Eastern Standard Time),,,,1,,,,,,,,,Perception,,,No,Philodox,General,Tue Jan 14 2020 21:16:29 GMT-0500 (Eastern Standard Time),Galliard,,,,wta_gifts
PG20Gs8GnG,,,,,,"{""*"":{""read"":true},""role:Administrator"":{""read"":true,""write"":true}}",The Minutemen,Tue Jan 14 2020 21:16:13 GMT-0500 (Eastern Standard Time),,,,,,,,,,,,,,,,,,,Tue Jan 14 2020 21:16:13 GMT-0500 (Eastern Standard Time),,,,,ctdbs_kith_group_types
PNdTZh4ShE,,,,,,"{""*"":{""read"":true},""role:Administrator"":{""read"":true,""write"":true}}",Primary,Tue Jan 14 2020 21:16:09 GMT-0500 (Eastern Standard Time),1,,,,,,,,,,,,,,,,,,Tue Jan 14 2020 21:16:09 GMT-0500 (Eastern Standard Time),,,,,antecedences
PPose5HBEt,,,,,,"{""*"":{""read"":true},""role:Administrator"":{""read"":true,""write"":true}}",Bully,Tue Jan 14 2020 21:16:10 GMT-0500 (Eastern Standard Time),,,,,,,,,,,,,,,,,,,Tue Jan 14 2020 21:16:10 GMT-0500 (Eastern Standard Time),,,,,archetypes_2
PQkyKGbDkg,,Ananasi,,,,"{""*"":{""read"":true},""role:Administrator"":{""read"":true,""write"":true}}",Kiss of the Spirder Queen,Tue Jan 14 2020 21:16:31 GMT-0500 (Eastern Standard Time),,requires_specialization,,1,,,,,,,,,,,,,,Fera,Tue Jan 14 2020 21:16:31 GMT-0500 (Eastern Standard Time),,,,,wta_merits
PSw7J3tPxS,,,,,,"{""*"":{""read"":true},""role:Administrator"":{""read"":true,""write"":true}}",Scorched Heart,Tue Jan 14 2020 21:16:22 GMT-0500 (Eastern Standard Time),17,,,,,,,,,,,,,,,,,,Tue Jan 14 2020 21:16:22 GMT-0500 (Eastern Standard Time),,,,,paths
PUQn3kSjrv,,,,,,"{""*"":{""read"":true},""role:Administrator"":{""read"":true,""write"":true}}",Crinos,Tue Jan 14 2020 21:16:27 GMT-0500 (Eastern Standard Time),,,,,,Aggravted Claw & Bite attacks; +4 Brawl and Melee attacks; use custom tools,,,,,,,Strength: +6 Brawl & Melee,,,,,Garou,Tue Jan 14 2020 21:16:27 GMT-0500 (Eastern Standard Time),,,,,wta_forms
PXapPiFKeA,,,,,,"{""*"":{""read"":true},""role:Administrator"":{""read"":true,""write"":true}}",Armor Piercing,Tue Jan 14 2020 21:16:30 GMT-0500 (Eastern Standard Time),,,Melee,,Ranged,,,,,Talen,Fetish,,,,,,,,Tue Jan 14 2020 21:16:30 GMT-0500 (Eastern Standard Time),,,,,wta_item_traits
PZo3wQCB72,,,,,,"{""*"":{""read"":true},""role:Administrator"":{""read"":true,""write"":true}}",Influences: The Elite,Tue Jan 14 2020 21:16:12 GMT-0500 (Eastern Standard Time),,,,,,,,,,,,,,,,,,,Tue Jan 14 2020 21:16:12 GMT-0500 (Eastern Standard Time),,,,,ctdbs_backgrounds
PauPqSJC8N,,,,,,"{""*"":{""read"":true},""role:Administrator"":{""read"":true,""write"":true}}",Creation Rite,Tue Jan 14 2020 21:16:23 GMT-0500 (Eastern Standard Time),,,,,,,,,,,,,,,,,,Auctoritas,Tue Jan 14 2020 21:16:23 GMT-0500 (Eastern Standard Time),,,,,sabbat_rituals
PbChK7Ig1F,,,,,,"{""*"":{""read"":true},""role:Administrator"":{""read"":true,""write"":true}}",Ballistic,Tue Jan 14 2020 21:16:30 GMT-0500 (Eastern Standard Time),,,,,,,Armor,,,Talen,,,,,,,,,Tue Jan 14 2020 21:16:30 GMT-0500 (Eastern Standard Time),,,,,wta_item_traits
PeMwu9s3zj,,,,,,"{""*"":{""read"":true},""role:Administrator"":{""read"":true,""write"":true}}",Awkward Mobility,Tue Jan 14 2020 21:16:12 GMT-0500 (Eastern Standard Time),,,,2,,,,,,,,,,,,,,,Tue Jan 14 2020 21:16:12 GMT-0500 (Eastern Standard Time),,,,,ctdbs_flaws
PeqSQ1dVWF,,,Independent Alliance,,,"{""*"":{""read"":true},""role:Administrator"":{""read"":true,""write"":true}}",Bounty,Thu Feb 13 2020 22:50:17 GMT-0500 (Eastern Standard Time),,,,,,,,,,,,,,,,,,Negative,Thu Feb 13 2020 22:50:17 GMT-0500 (Eastern Standard Time),,,,,status_traits
Pfw7dRpBUJ,,,,,,"{""*"":{""read"":true},""role:Administrator"":{""read"":true,""write"":true}}",Glass Walkers,Tue Jan 14 2020 21:16:17 GMT-0500 (Eastern Standard Time),,,,,,,,,,,,,,,,,,,Tue Jan 14 2020 21:16:17 GMT-0500 (Eastern Standard Time),,,,,extra_affinity_links
PhDOmsJVha,,,,,,"{""*"":{""read"":true},""role:Administrator"":{""read"":true,""write"":true}}",The Books of al-Az the Elder,Tue Jan 14 2020 21:16:25 GMT-0500 (Eastern Standard Time),9,,,,,,,,,,,,,,,,,,Tue Jan 14 2020 21:16:25 GMT-0500 (Eastern Standard Time),,,,,vampiric_texts
PhDpNYujE5,,,,,,"{""*"":{""read"":true},""role:Administrator"":{""read"":true,""write"":true}}",Empire of Flames,Tue Jan 14 2020 21:16:12 GMT-0500 (Eastern Standard Time),,,,,,,,,,,,,,,,,,,Tue Jan 14 2020 21:16:12 GMT-0500 (Eastern Standard Time),,,,,ctdbs_kith_group_types
PiOLAEDlAR,,,,,,"{""*"":{""read"":true},""role:Administrator"":{""read"":true,""write"":true}}",Low Pain Threshold,Tue Jan 14 2020 21:16:12 GMT-0500 (Eastern Standard Time),,,,3,,,,,,,,,,,,,,,Tue Jan 14 2020 21:16:12 GMT-0500 (Eastern Standard Time),,,,,ctdbs_flaws
PjPxDqgAlx,,requires_specialization,,,"Specify which other merit you intend to purchase at a reduced cost. Note that, during character creation, the original cost will be displayed. You must go to the Merits section outside of character creation and reduce the merit's cost there.<p>Rules for what can be purchased with this merit are on BNS page 245.</p>","{""*"":{""read"":true},""role:Administrator"":{""read"":true,""write"":true}}",Auspicious,Tue Jan 14 2020 21:16:20 GMT-0500 (Eastern Standard Time),,Caitiff,,1,,Duplicate any General merit worth up to 3 points.,,,,,,,,,,,,Clan,Tue Jan 14 2020 21:16:20 GMT-0500 (Eastern Standard Time),,,,,merits
Pjm9EmNLoz,,,,,,"{""*"":{""read"":true},""role:Administrator"":{""read"":true,""write"":true}}",Surround the Quarry,Tue Jan 14 2020 21:16:30 GMT-0500 (Eastern Standard Time),,,,2,,,,,,,,,Wits,,,Yes,Ahroun,General,Tue Jan 14 2020 21:16:30 GMT-0500 (Eastern Standard Time),Lupus,,,,wta_gifts
Pl79exOMnM,,Get of Fenris,,,,"{""*"":{""read"":true},""role:Administrator"":{""read"":true,""write"":true}}",The Hand of Tyr,Tue Jan 14 2020 21:16:26 GMT-0500 (Eastern Standard Time),,,,,,,,,,,,,,,,,,,Tue Jan 14 2020 21:16:26 GMT-0500 (Eastern Standard Time),,,,,wta_camps
PofQq48Eiy,,,,,,"{""*"":{""read"":true},""role:Administrator"":{""read"":true,""write"":true}}",Lion of the Cause,Tue Jan 14 2020 21:16:21 GMT-0500 (Eastern Standard Time),,,,3,,All Anarchs within 10 steps of you in a Call to Arms gain a +2 wild card bonus to either their Brawl or Melees skill.,,,,,,,,,,,,Anarch,Tue Jan 14 2020 21:16:21 GMT-0500 (Eastern Standard Time),,,,,merits
PuBJEk0hpH,,,,,,"{""*"":{""read"":true},""role:Administrator"":{""read"":true,""write"":true}}",Auspex: Clairvoyance,Tue Jan 14 2020 21:16:17 GMT-0500 (Eastern Standard Time),,,,,,,,,,,,,,,,,,,Tue Jan 14 2020 21:16:17 GMT-0500 (Eastern Standard Time),,,,,elder_disciplines
PvsPYzMgnB,,,,,,"{""*"":{""read"":true},""role:Administrator"":{""read"":true,""write"":true}}",Sheltering Branches,Tue Jan 14 2020 21:16:15 GMT-0500 (Eastern Standard Time),,,,2,,,,,,,,,,,,,,,Tue Jan 14 2020 21:16:15 GMT-0500 (Eastern Standard Time),,,,,ctdbs_merits
PyqiL9kcFh,,,,,,"{""*"":{""read"":true},""role:Administrator"":{""read"":true,""write"":true}}",House Fiona,Tue Jan 14 2020 21:16:16 GMT-0500 (Eastern Standard Time),,,,,,,,,,,,,,,,,,,Tue Jan 14 2020 21:16:16 GMT-0500 (Eastern Standard Time),,,,,ctdbs_noble_houses
PzUOWFpsZ3,,,,,,"{""*"":{""read"":true},""role:Administrator"":{""read"":true,""write"":true}}",Stargazers,Tue Jan 14 2020 21:16:17 GMT-0500 (Eastern Standard Time),,,,,,,,,,,,,,,,,,,Tue Jan 14 2020 21:16:17 GMT-0500 (Eastern Standard Time),,,,,extra_affinity_links
PzVDSaVcEI,,,,,,"{""*"":{""read"":true},""role:Administrator"":{""read"":true,""write"":true}}",Black Hand Membership,Tue Jan 14 2020 21:16:20 GMT-0500 (Eastern Standard Time),,,,2,,Gain the innate status Branded and +3 to resist Telepathy and other powers to directly pull information from your mind.,,,,,,,,,,,,Sabbat,Tue Jan 14 2020 21:16:20 GMT-0500 (Eastern Standard Time),,,,,merits
Q0hcV4X679,,,,,,"{""*"":{""read"":true},""role:Administrator"":{""read"":true,""write"":true}}",Path of Heaven,Tue Jan 14 2020 21:16:21 GMT-0500 (Eastern Standard Time),,,,3,,,,,,,,,,,,,,Morality,Tue Jan 14 2020 21:16:21 GMT-0500 (Eastern Standard Time),,,,,merits
Q1dbRkrjxq,,,,,,"{""*"":{""read"":true},""role:Administrator"":{""read"":true,""write"":true}}",Daredevil,Tue Jan 14 2020 21:16:13 GMT-0500 (Eastern Standard Time),,,,2,,,,,,,,,,,,,,,Tue Jan 14 2020 21:16:13 GMT-0500 (Eastern Standard Time),,,,,ctdbs_merits
Q223Wzt7Jj,,,,,,"{""*"":{""read"":true},""role:Administrator"":{""read"":true,""write"":true}}",Judge,Tue Jan 14 2020 21:16:10 GMT-0500 (Eastern Standard Time),,,,,,,,,,,,,,,,,,,Tue Jan 14 2020 21:16:10 GMT-0500 (Eastern Standard Time),,,,,archetype_2s
Q39JQKuMU2,,,,,,"{""*"":{""read"":true},""role:Administrator"":{""read"":true,""write"":true}}",Spirit Guide,Tue Jan 14 2020 21:16:22 GMT-0500 (Eastern Standard Time),,GangrelAhrimanes,,2,,,,,,,,,,,30,,,,Tue Jan 14 2020 21:16:22 GMT-0500 (Eastern Standard Time),,,,,merits
Q3gt2T2pGG,,,Sabbat,,,"{""*"":{""read"":true},""role:Administrator"":{""read"":true,""write"":true}}",Devout,Thu Feb 13 2020 22:50:13 GMT-0500 (Eastern Standard Time),,,,,,,,,,,,,,,,,,Fleeting,Tue Jan 14 2020 21:16:23 GMT-0500 (Eastern Standard Time),,,,,status_traits
Q4XxM1NgVf,,,,,,"{""*"":{""read"":true},""role:Administrator"":{""read"":true,""write"":true}}",Sense the Balance,Tue Jan 14 2020 21:16:29 GMT-0500 (Eastern Standard Time),,,,1,,,,,,,,,Perception,,,Yes,Theurge,General,Tue Jan 14 2020 21:16:29 GMT-0500 (Eastern Standard Time),Philodox,,Lupus,,wta_gifts
Q4jjoo6LUA,,,,,,"{""*"":{""read"":true},""role:Administrator"":{""read"":true,""write"":true}}",Redirect Pain,Tue Jan 14 2020 21:16:29 GMT-0500 (Eastern Standard Time),,,,4,,,,,,,,,Manipulation,,,No,Get of Fenris,Tribal,Tue Jan 14 2020 21:16:29 GMT-0500 (Eastern Standard Time),,,,,wta_gifts
Q5eBGGpds8,,,,,,"{""*"":{""read"":true},""role:Administrator"":{""read"":true,""write"":true}}",Conformist,Tue Jan 14 2020 21:16:09 GMT-0500 (Eastern Standard Time),,,,,,,,,,,,,,,,,,,Tue Jan 14 2020 21:16:09 GMT-0500 (Eastern Standard Time),,,,,archetype_2
Q7XMP3lfCY,,,,,,"{""*"":{""read"":true},""role:Administrator"":{""read"":true,""write"":true}}",Thaumaturgy: Warding Circle,Tue Jan 14 2020 21:16:23 GMT-0500 (Eastern Standard Time),,,,1,,,,,,,,,,,,,,,Tue Jan 14 2020 21:16:23 GMT-0500 (Eastern Standard Time),,,,,rituals
Q8HC8hcUUS,,,,,,"{""*"":{""read"":true},""role:Administrator"":{""read"":true,""write"":true}}",Death Sight,Tue Jan 14 2020 21:16:18 GMT-0500 (Eastern Standard Time),,,,2,,"All Investigation pools suffer a -2 penalty, cannot use Aura Perception to determine creature type, and cannot visually differentiate between mortal and vampire.",,,,,,,,,,,,General,Tue Jan 14 2020 21:16:18 GMT-0500 (Eastern Standard Time),,,,,flaws
Q8NHDQZBEv,,,,,,"{""*"":{""read"":true},""role:Administrator"":{""read"":true,""write"":true}}",Mask of Night,Tue Jan 14 2020 21:16:29 GMT-0500 (Eastern Standard Time),,,,1,,,,,,,,,Appearance,,,No,Ajaba,Fera,Tue Jan 14 2020 21:16:29 GMT-0500 (Eastern Standard Time),,,,,wta_gifts
Q8wpev0Ucn,,,,,,"{""*"":{""read"":true},""role:Administrator"":{""read"":true,""write"":true}}",Architect,Sun Feb 15 2026 13:14:10 GMT-0500 (Eastern Standard Time),,,,,,,,,,,,,,,,,,Anarch,Tue Jan 14 2020 21:16:25 GMT-0500 (Eastern Standard Time),,,,,titles
Q9YbXL2Mwe,,,,,,"{""*"":{""read"":true},""role:Administrator"":{""read"":true,""write"":true}}",Treasure Keeper,Tue Jan 14 2020 21:16:15 GMT-0500 (Eastern Standard Time),,,,3,,,,,,,,,,,,,,,Tue Jan 14 2020 21:16:15 GMT-0500 (Eastern Standard Time),,,,,ctdbs_merits
QB1vZSrYwT,,,,,,"{""*"":{""read"":true},""role:Administrator"":{""read"":true,""write"":true}}",Type-A Personality,Tue Jan 14 2020 21:16:10 GMT-0500 (Eastern Standard Time),,,,,,,,,,,,,,,,,,,Tue Jan 14 2020 21:16:10 GMT-0500 (Eastern Standard Time),,,,,archetypes
QB6ridDQdg,,,,,,"{""*"":{""read"":true},""role:Administrator"":{""read"":true,""write"":true}}",Flame's Bane,Tue Jan 14 2020 21:16:24 GMT-0500 (Eastern Standard Time),,,,,,,,,,,,,,,,,,,Tue Jan 14 2020 21:16:24 GMT-0500 (Eastern Standard Time),,,,,techniques
QCqXDGZU99,,Corax,,,,"{""*"":{""read"":true},""role:Administrator"":{""read"":true,""write"":true}}",Chasers,Tue Jan 14 2020 21:16:25 GMT-0500 (Eastern Standard Time),,,,,,,,,,,,,,,,,,,Tue Jan 14 2020 21:16:25 GMT-0500 (Eastern Standard Time),,,,,wta_camps
QDXXAZBPdr,,Wyld,,,,"{""*"":{""read"":true},""role:Administrator"":{""read"":true,""write"":true}}",Silver Tolerance,Tue Jan 14 2020 21:16:32 GMT-0500 (Eastern Standard Time),,,,3,,,,,,,,,,,,,,Faction,Tue Jan 14 2020 21:16:32 GMT-0500 (Eastern Standard Time),,,,,wta_merits
QEASA2qY3H,,,,,,"{""*"":{""read"":true},""role:Administrator"":{""read"":true,""write"":true}}",Salubri,Sun Mar 01 2020 22:37:46 GMT-0500 (Eastern Standard Time),1,,,,,,,,,,,,,,,,,,Tue Jan 14 2020 21:16:20 GMT-0500 (Eastern Standard Time),,,,,lore_specializations
QFt2691FRk,,,,,,"{""*"":{""read"":true},""role:Administrator"":{""read"":true,""write"":true}}",Prince,Sun Feb 15 2026 13:14:10 GMT-0500 (Eastern Standard Time),,,,,,,,,,,,,,,,,,Camarilla,Tue Jan 14 2020 21:16:25 GMT-0500 (Eastern Standard Time),,,,,titles
QH1q11NrGe,,,,,,"{""*"":{""read"":true},""role:Administrator"":{""read"":true,""write"":true}}",Vernal Resurgence,Tue Jan 14 2020 21:16:15 GMT-0500 (Eastern Standard Time),,,,3,,,,,,,,,,,,,,,Tue Jan 14 2020 21:16:15 GMT-0500 (Eastern Standard Time),,,,,ctdbs_merits
QJmDGDq5ul,,,,,,"{""*"":{""read"":true},""role:Administrator"":{""read"":true,""write"":true}}",Bloodline: Lamia,Tue Jan 14 2020 21:16:20 GMT-0500 (Eastern Standard Time),,,,4,,,,,,,,,,,,,,,Tue Jan 14 2020 21:16:20 GMT-0500 (Eastern Standard Time),,,,,merits
QLCwH12Yfs,,,,,,"{""*"":{""read"":true},""role:Administrator"":{""read"":true,""write"":true}}",Gulp,Tue Jan 14 2020 21:16:29 GMT-0500 (Eastern Standard Time),,,,2,,,,,,,,,Wits,,,No,Rokea,Fera,Tue Jan 14 2020 21:16:29 GMT-0500 (Eastern Standard Time),,,,,wta_gifts
QLE5zl5e7Y,,,,,,"{""*"":{""read"":true},""role:Administrator"":{""read"":true,""write"":true}}",Quick Draw,Tue Jan 14 2020 21:16:31 GMT-0500 (Eastern Standard Time),,,Melee,,Ranged,,,,,,,,,,,,,,Tue Jan 14 2020 21:16:31 GMT-0500 (Eastern Standard Time),,,,,wta_item_traits
QNkh38iYmF,,,,,,"{""*"":{""read"":true},""role:Administrator"":{""read"":true,""write"":true}}",Fanatic,Tue Jan 14 2020 21:16:10 GMT-0500 (Eastern Standard Time),,,,,,,,,,,,,,,,,,,Tue Jan 14 2020 21:16:10 GMT-0500 (Eastern Standard Time),,,,,archetypes_2
QPELTIMa6U,,,,,,"{""*"":{""read"":true},""role:Administrator"":{""read"":true,""write"":true}}",Enervation of Psyche,Tue Jan 14 2020 21:16:24 GMT-0500 (Eastern Standard Time),,,,,,,,,,,,,,,,,,,Tue Jan 14 2020 21:16:24 GMT-0500 (Eastern Standard Time),,,,,techniques
QUW3xdpLty,,,,,,"{""*"":{""read"":true},""role:Administrator"":{""read"":true,""write"":true}}",Avenging,Tue Jan 14 2020 21:16:26 GMT-0500 (Eastern Standard Time),,,,2,,,,Weapon,,,,,,,,,,,Tue Jan 14 2020 21:16:26 GMT-0500 (Eastern Standard Time),,,,,wta_fetish_traits
QWyKIZdAkz,,,,,,"{""*"":{""read"":true},""role:Administrator"":{""read"":true,""write"":true}}",Rationalist,Tue Jan 14 2020 21:16:10 GMT-0500 (Eastern Standard Time),,,,,,,,,,,,,,,,,,,Tue Jan 14 2020 21:16:10 GMT-0500 (Eastern Standard Time),,,,,archetypes
QcJ9wNfaSW,,,,,,"{""*"":{""read"":true},""role:Administrator"":{""read"":true,""write"":true}}",Ductus,Sun Feb 15 2026 13:14:10 GMT-0500 (Eastern Standard Time),,,,,,,,,,,,,,,,,,Sabbat,Tue Jan 14 2020 21:16:25 GMT-0500 (Eastern Standard Time),,,,,titles
QeMlFthSyy,,Stargazers,,,,"{""*"":{""read"":true},""role:Administrator"":{""read"":true,""write"":true}}",The Jade Covenant,Tue Jan 14 2020 21:16:26 GMT-0500 (Eastern Standard Time),,,,,,,,,,,,,,,,,,,Tue Jan 14 2020 21:16:26 GMT-0500 (Eastern Standard Time),,,,,wta_camps
QeZHDB4rTE,,,,,,"{""*"":{""read"":true},""role:Administrator"":{""read"":true,""write"":true}}",Death and the Soul,Tue Jan 14 2020 21:16:22 GMT-0500 (Eastern Standard Time),5,,,,,,,,,,,,,,,,,,Tue Jan 14 2020 21:16:22 GMT-0500 (Eastern Standard Time),,,,,paths
QjHWg8yz8U,,,,,,"{""*"":{""read"":true},""role:Administrator"":{""read"":true,""write"":true}}",Troublemaker,Tue Jan 14 2020 21:16:10 GMT-0500 (Eastern Standard Time),,,,,,,,,,,,,,,,,,,Tue Jan 14 2020 21:16:10 GMT-0500 (Eastern Standard Time),,,,,archetype_2
QjI0MLj7aH,,,,,,"{""*"":{""read"":true},""role:Administrator"":{""read"":true,""write"":true}}",Assamite: Sorcerer,Tue Aug 31 2021 02:28:47 GMT-0400 (Eastern Daylight Time),,,,,,,,,,,,,,,,,,,Tue Jan 14 2020 21:16:11 GMT-0500 (Eastern Standard Time),,,,,clans
QnYTIUG97t,,,,,,"{""*"":{""read"":true},""role:Administrator"":{""read"":true,""write"":true}}",Crazy Like a Fox,Tue Jan 14 2020 21:16:24 GMT-0500 (Eastern Standard Time),,,,,,,,,,,,,,,,,,,Tue Jan 14 2020 21:16:24 GMT-0500 (Eastern Standard Time),,,,,techniques
Qp2kyjpTry,,,,,,"{""*"":{""read"":true},""role:Administrator"":{""read"":true,""write"":true}}",Crawlerling,Tue Jan 14 2020 21:16:27 GMT-0500 (Eastern Standard Time),,,,,,Swarm shape; damage reduced to 1; can squeeze through small openings,,,,,,,,,,,,Ananasi,Tue Jan 14 2020 21:16:27 GMT-0500 (Eastern Standard Time),,,,,wta_forms
QpdNJx9w0U,,requires_specialization,,,Choose between Necromancy or Thaumaturgy,"{""*"":{""read"":true},""role:Administrator"":{""read"":true,""write"":true}}",Press-Ganged Coven,Tue Jan 14 2020 21:16:24 GMT-0500 (Eastern Standard Time),,,,,,,,,,,,,,,,,,,Tue Jan 14 2020 21:16:24 GMT-0500 (Eastern Standard Time),,,,,techniques
QqibGMUEcO,,,,,,"{""*"":{""read"":true},""role:Administrator"":{""read"":true,""write"":true}}",Serpentis,Tue Jan 14 2020 21:16:18 GMT-0500 (Eastern Standard Time),,,,,,,,,,,,,,,,,,,Tue Jan 14 2020 21:16:18 GMT-0500 (Eastern Standard Time),,,,,extra_in_clan_disciplines
QqpjtW0utn,,,,,,"{""*"":{""read"":true},""role:Administrator"":{""read"":true,""write"":true}}",Ultra-Conservative,Tue Jan 14 2020 21:16:18 GMT-0500 (Eastern Standard Time),,,,,,,,,,,,,,,,,,,Tue Jan 14 2020 21:16:18 GMT-0500 (Eastern Standard Time),,,,,factions
Qsym9FgJVc,,,,,,"{""*"":{""read"":true},""role:Administrator"":{""read"":true,""write"":true}}",Swim under Sea's ,Tue Jan 14 2020 21:16:30 GMT-0500 (Eastern Standard Time),,,,3,,,,,,,,,Perception,,,No,Rokea,Fera,Tue Jan 14 2020 21:16:30 GMT-0500 (Eastern Standard Time),,,,,wta_gifts
Qtk6n6dK2h,,,,,,"{""*"":{""read"":true},""role:Administrator"":{""read"":true,""write"":true}}",Martyr,Tue Jan 14 2020 21:16:10 GMT-0500 (Eastern Standard Time),,,,,,,,,,,,,,,,,,,Tue Jan 14 2020 21:16:10 GMT-0500 (Eastern Standard Time),,,,,archetype_2s
Qw6De4plaQ,,,,,,"{""*"":{""read"":true},""role:Administrator"":{""read"":true,""write"":true}}",Necromancy: Black Blood,Tue Jan 14 2020 21:16:22 GMT-0500 (Eastern Standard Time),,,,2,,,,,,,,,,,,,,,Tue Jan 14 2020 21:16:22 GMT-0500 (Eastern Standard Time),,,,,rituals
QzciuvGTqt,,,,,,"{""*"":{""read"":true},""role:Administrator"":{""read"":true,""write"":true}}",Competitor,Tue Jan 14 2020 21:16:10 GMT-0500 (Eastern Standard Time),,,,,,,,,,,,,,,,,,,Tue Jan 14 2020 21:16:10 GMT-0500 (Eastern Standard Time),,,,,archetypes_2
R0QfLDyclM,,,,,,"{""*"":{""read"":true},""role:Administrator"":{""read"":true,""write"":true}}",Veneficorum Artum Sanguis ,Tue Jan 14 2020 21:16:25 GMT-0500 (Eastern Standard Time),34,,,,,,,,,,,,,,,,,,Tue Jan 14 2020 21:16:25 GMT-0500 (Eastern Standard Time),,,,,vampiric_texts
R3F3GDHyvZ,,,,,,"{""*"":{""read"":true},""role:Administrator"":{""read"":true,""write"":true}}",Dishonorable,Tue Jan 14 2020 21:16:33 GMT-0500 (Eastern Standard Time),1,,,,,,,,,,,,,,,,,,Tue Jan 14 2020 21:16:33 GMT-0500 (Eastern Standard Time),,,,,wta_monikers
R6jfvQx1E4,,,,,,"{""*"":{""read"":true},""role:Administrator"":{""read"":true,""write"":true}}",Blood Duchess,Sun Feb 15 2026 13:14:10 GMT-0500 (Eastern Standard Time),,,,,,,,,,,,,,,,,,Lasombra,Thu Feb 13 2020 22:47:21 GMT-0500 (Eastern Standard Time),,,,,titles
R7MvNeC857,,,,,,"{""*"":{""read"":true},""role:Administrator"":{""read"":true,""write"":true}}",Occult,Tue Jan 14 2020 21:16:33 GMT-0500 (Eastern Standard Time),,,,,,,,,,,,,,,,,,,Tue Jan 14 2020 21:16:33 GMT-0500 (Eastern Standard Time),,,,,wta_territory_specializations
R9qbIF5He1,,,,,,"{""*"":{""read"":true},""role:Administrator"":{""read"":true,""write"":true}}",Shedding the Serpent's Skin,Tue Jan 14 2020 21:16:24 GMT-0500 (Eastern Standard Time),,,,,,,,,,,,,,,,,,,Tue Jan 14 2020 21:16:24 GMT-0500 (Eastern Standard Time),,,,,techniques
RAa5r6XwmV,,,,,,"{""*"":{""read"":true},""role:Administrator"":{""read"":true,""write"":true}}",Visceral Artisan,Tue Jan 14 2020 21:16:22 GMT-0500 (Eastern Standard Time),,ToreadorVolgirre,,2,,,,,,,,,,,41,,,,Tue Jan 14 2020 21:16:22 GMT-0500 (Eastern Standard Time),,,,,merits
RD53U9RuWF,,,,,,"{""*"":{""read"":true},""role:Administrator"":{""read"":true,""write"":true}}",Drive,Tue Jan 14 2020 21:16:23 GMT-0500 (Eastern Standard Time),0,,,,,,,,,,,,,,unknown,,,,Tue Jan 14 2020 21:16:23 GMT-0500 (Eastern Standard Time),,,,,skills
RDMBtGUpAC,,Gargoyles,,,,"{""*"":{""read"":true},""role:Administrator"":{""read"":true,""write"":true}}",Dark Statue,Tue Jan 14 2020 21:16:20 GMT-0500 (Eastern Standard Time),,,,3,,"Turns user into solid stone. Can perceive surroundings and heal. Immobile and cannot use Disciplines. Immune to sun and fire damage, and automatically resist sun triggered fear frenzy. Gain 3 health levels.",,,,,,,,,,,,Clan,Tue Jan 14 2020 21:16:20 GMT-0500 (Eastern Standard Time),,,,,merits
RJLBCbdgpR,,,,,,"{""*"":{""read"":true},""role:Administrator"":{""read"":true,""write"":true}}",Oracular Ability,Tue Jan 14 2020 21:16:15 GMT-0500 (Eastern Standard Time),,,,2,,,,,,,,,,,,,,,Tue Jan 14 2020 21:16:15 GMT-0500 (Eastern Standard Time),,,,,ctdbs_merits
RJOma0fqzw,,,,,,"{""*"":{""read"":true},""role:Administrator"":{""read"":true,""write"":true}}",Caregiver,Tue Jan 14 2020 21:16:10 GMT-0500 (Eastern Standard Time),,,,,,,,,,,,,,,,,,,Tue Jan 14 2020 21:16:10 GMT-0500 (Eastern Standard Time),,,,,archetype_2s
ROJ94f4pqE,,,,,,"{""*"":{""read"":true},""role:Administrator"":{""read"":true,""write"":true}}",Necromancy: Smoking Mirror,Tue Jan 14 2020 21:16:22 GMT-0500 (Eastern Standard Time),,,,1,,,,,,,,,,,,,,,Tue Jan 14 2020 21:16:22 GMT-0500 (Eastern Standard Time),,,,,rituals
ROQ1HQjN3E,,,,,,"{""*"":{""read"":true},""role:Administrator"":{""read"":true,""write"":true}}",Forceful,Tue Jan 14 2020 21:16:26 GMT-0500 (Eastern Standard Time),,,,1,,,,Weapon,,,,,,,,,,,Tue Jan 14 2020 21:16:26 GMT-0500 (Eastern Standard Time),,,,,wta_fetish_traits
RZomzv4CyA,,,,,,"{""*"":{""read"":true},""role:Administrator"":{""read"":true,""write"":true}}",Humble Abode,Tue Jan 14 2020 21:16:21 GMT-0500 (Eastern Standard Time),,Lasombra Kiasyd,,2,,,,,,,,,,,35,,,,Tue Jan 14 2020 21:16:21 GMT-0500 (Eastern Standard Time),,,,,merits
RcTLz6daMJ,,,,,,"{""*"":{""read"":true},""role:Administrator"":{""read"":true,""write"":true}}",Beast in the Mirror,Tue Jan 14 2020 21:16:18 GMT-0500 (Eastern Standard Time),,,,2,,"Everyone sees character's Beast in mirrors. Character gains a Beast trait each time they look in a mirror. Does not count towards Morality loss, but does count towards frenzy.",,,,,,,,,,,,General,Tue Jan 14 2020 21:16:18 GMT-0500 (Eastern Standard Time),,,,,flaws
RgJ3dknJzi,,,,,,"{""*"":{""read"":true},""role:Administrator"":{""read"":true,""write"":true}}",Brutal,Tue Jan 14 2020 21:16:30 GMT-0500 (Eastern Standard Time),,,Melee,,Ranged,,,,,Talen,,,,,,,,,Tue Jan 14 2020 21:16:30 GMT-0500 (Eastern Standard Time),,,,,wta_item_traits
Rgr1MTVW0p,,,,,,"{""*"":{""read"":true},""role:Administrator"":{""read"":true,""write"":true}}",Followers of Set,Tue Aug 31 2021 02:28:48 GMT-0400 (Eastern Daylight Time),,,,,,,,,,,,,,,,,,,Tue Jan 14 2020 21:16:11 GMT-0500 (Eastern Standard Time),,,,,clans
RhOSLcFO0p,,,,,,"{""*"":{""read"":true},""role:Administrator"":{""read"":true,""write"":true}}",Cat-Like Reflexes,Tue Jan 14 2020 21:16:28 GMT-0500 (Eastern Standard Time),,,,2,,,,,,,,,Perception,,,No,Bastet,Fera,Tue Jan 14 2020 21:16:28 GMT-0500 (Eastern Standard Time),,,,,wta_gifts
RlubemxnU4,,,Independent Alliance,,,"{""*"":{""read"":true},""role:Administrator"":{""read"":true,""write"":true}}",Trusted,Thu Feb 13 2020 22:50:16 GMT-0500 (Eastern Standard Time),,,,,,,,,,,,,,,,,,Abiding,Thu Feb 13 2020 22:50:16 GMT-0500 (Eastern Standard Time),,,,,status_traits
RsZFkWr9Er,,,,,,"{""*"":{""read"":true},""role:Administrator"":{""read"":true,""write"":true}}",Harano Prone,Tue Jan 14 2020 21:16:27 GMT-0500 (Eastern Standard Time),,,,2,,,,,,,,,,,,,,,Tue Jan 14 2020 21:16:27 GMT-0500 (Eastern Standard Time),,,,,wta_flaws
RtFRvqTgFi,,,,,,"{""*"":{""read"":true},""role:Administrator"":{""read"":true,""write"":true}}",Forge of the Fetish,Tue Jan 14 2020 21:16:28 GMT-0500 (Eastern Standard Time),,,,3,,,,,,,,,Intelligence,,,No,Theurge,General,Tue Jan 14 2020 21:16:28 GMT-0500 (Eastern Standard Time),Metis,,,,wta_gifts
RtPhK9HnIA,,Giovanni,,,,"{""*"":{""read"":true},""role:Administrator"":{""read"":true,""write"":true}}",Ghostly Retainer,Tue Jan 14 2020 21:16:21 GMT-0500 (Eastern Standard Time),,,,3,,"Gain a level 5 Retainer wraith. If character possesses Necromancy: Sepulchre Path, can instantly summon the retainer for 1 Blood.",,,,,,,,,,,,Clan,Tue Jan 14 2020 21:16:21 GMT-0500 (Eastern Standard Time),,,,,merits
RuprRNozFr,,,,,,"{""*"":{""read"":true},""role:Administrator"":{""read"":true,""write"":true}}",Shadow Lords,Tue Jan 14 2020 21:16:17 GMT-0500 (Eastern Standard Time),,,,,,,,,,,,,,,,,,,Tue Jan 14 2020 21:16:17 GMT-0500 (Eastern Standard Time),,,,,extra_affinity_links
RwqFrwdgQY,,Uktena,,,,"{""*"":{""read"":true},""role:Administrator"":{""read"":true,""write"":true}}",Shedding the Snake's Skin,Tue Jan 14 2020 21:16:32 GMT-0500 (Eastern Standard Time),,,,3,,,,,,,,,,,,,,Tribal,Tue Jan 14 2020 21:16:32 GMT-0500 (Eastern Standard Time),,,,,wta_merits
S0HvnxrYo6,,,,,,"{""*"":{""read"":true},""role:Administrator"":{""read"":true,""write"":true}}",Necromancy: Strength of Rotten Flesh,Tue Jan 14 2020 21:16:22 GMT-0500 (Eastern Standard Time),,,,4,,,,,,,,,,,,,,,Tue Jan 14 2020 21:16:22 GMT-0500 (Eastern Standard Time),,,,,rituals
S1XlOlUZEA,,,,,,"{""*"":{""read"":true},""role:Administrator"":{""read"":true,""write"":true}}",Seekers of the Hidden,Tue Jan 14 2020 21:16:22 GMT-0500 (Eastern Standard Time),,GangrelAhrimanes,,1,,,,,,,,,,,30,,,,Tue Jan 14 2020 21:16:22 GMT-0500 (Eastern Standard Time),,,,,merits
S4GQTl5RoU,,,,No,,"{""*"":{""read"":true},""role:Administrator"":{""read"":true,""write"":true}}",Influences: The Underworld,Tue Jan 14 2020 21:16:25 GMT-0500 (Eastern Standard Time),,,,,,,,,,,,,,No,,,,,Tue Jan 14 2020 21:16:25 GMT-0500 (Eastern Standard Time),,,,,wta_backgrounds
S6BtlPj2Hq,,,,,,"{""*"":{""read"":true},""role:Administrator"":{""read"":true,""write"":true}}",Gangrel: Coyote,Tue Aug 31 2021 02:28:48 GMT-0400 (Eastern Daylight Time),,,,,,,,,,,,,,,,,,,Tue Jan 14 2020 21:16:11 GMT-0500 (Eastern Standard Time),,,,,clans
S8jHFEiMwf,,,Independent Alliance,,,"{""*"":{""read"":true},""role:Administrator"":{""read"":true,""write"":true}}",Trustee,Fri Feb 14 2020 15:13:49 GMT-0500 (Eastern Standard Time),,,,,,,,,,,,,,,,,,Independent Alliance,Thu Feb 13 2020 22:47:32 GMT-0500 (Eastern Standard Time),,,,,titles
SBO0CbEs7i,,,,,,"{""*"":{""read"":true},""role:Administrator"":{""read"":true,""write"":true}}",Kaymakli Fragment,Tue Jan 14 2020 21:16:25 GMT-0500 (Eastern Standard Time),27,,,,,,,,,,,,,,,,,,Tue Jan 14 2020 21:16:25 GMT-0500 (Eastern Standard Time),,,,,vampiric_texts
SCKUuOYKEw,,,,,,"{""*"":{""read"":true},""role:Administrator"":{""read"":true,""write"":true}}",Banned Transformation,Tue Jan 14 2020 21:16:27 GMT-0500 (Eastern Standard Time),,,,4,,,,,,,,,,,,,,,Tue Jan 14 2020 21:16:27 GMT-0500 (Eastern Standard Time),,,,,wta_flaws
SEdUOvDubj,,Corax,,,,"{""*"":{""read"":true},""role:Administrator"":{""read"":true,""write"":true}}",Mockingbird,Tue Jan 14 2020 21:16:32 GMT-0500 (Eastern Standard Time),,requires_specialization,,3,,,,,,,,,,,,,,Fera,Tue Jan 14 2020 21:16:32 GMT-0500 (Eastern Standard Time),,,,,wta_merits
SGwLcbHoZd,,,,,,"{""*"":{""read"":true},""role:Administrator"":{""read"":true,""write"":true}}",Adaptive,Tue Jan 14 2020 21:16:20 GMT-0500 (Eastern Standard Time),,Caitiff,,1,,,,,,,,,,,46,,,,Tue Jan 14 2020 21:16:20 GMT-0500 (Eastern Standard Time),,,,,merits
SHKSLs6Ljw,,,,,,"{""*"":{""read"":true},""role:Administrator"":{""read"":true,""write"":true}}",Chatro,Tue Jan 14 2020 21:16:27 GMT-0500 (Eastern Standard Time),,,,,,Aggravted Bite attacks; +4 Brawl  attacks; cannot use tools,,,,,,,Stamina: +3 wound levels; 1 in each category,,,,,Bastet,Tue Jan 14 2020 21:16:27 GMT-0500 (Eastern Standard Time),,,,,wta_forms
SIPnk2ivsJ,,,,,,"{""*"":{""read"":true},""role:Administrator"":{""read"":true,""write"":true}}",Poseidon's Call,Tue Jan 14 2020 21:16:18 GMT-0500 (Eastern Standard Time),,,,3,,"If character doesn't sleep on or under natural water, cannot spend Willpower the next night.",,,,,,,,,,,,General,Tue Jan 14 2020 21:16:18 GMT-0500 (Eastern Standard Time),,,,,flaws
SNSLUNcQjB,,,,,,"{""*"":{""read"":true},""role:Administrator"":{""read"":true,""write"":true}}",Untrackable,Tue Jan 14 2020 21:16:15 GMT-0500 (Eastern Standard Time),,,,2,,,,,,,,,,,,,,,Tue Jan 14 2020 21:16:15 GMT-0500 (Eastern Standard Time),,,,,ctdbs_merits
SQHOeHCnu0,,,Camarilla,,,"{""*"":{""read"":true},""role:Administrator"":{""read"":true,""write"":true}}",Confirmed,Thu Feb 13 2020 22:50:13 GMT-0500 (Eastern Standard Time),,,,,,,,,,,,,,,,,,Abiding,Tue Jan 14 2020 21:16:23 GMT-0500 (Eastern Standard Time),,,,,status_traits
SQnxMu0PWU,,,,,,"{""*"":{""read"":true},""role:Administrator"":{""read"":true,""write"":true}}",Dubious Loyalties,Tue Jan 14 2020 21:16:18 GMT-0500 (Eastern Standard Time),,,,2,,Max fleeting Status is 1 less than normal.,,,,,,,,,,,,Anarch,Tue Jan 14 2020 21:16:18 GMT-0500 (Eastern Standard Time),,,,,flaws
SQuAHerPXg,,,,,,"{""*"":{""read"":true},""role:Administrator"":{""read"":true,""write"":true}}",Friend in Need,Tue Jan 14 2020 21:16:28 GMT-0500 (Eastern Standard Time),,,,3,,,,,,,,,Wits,,,No,Bone Gnawers,Tribal,Tue Jan 14 2020 21:16:28 GMT-0500 (Eastern Standard Time),,,,,wta_gifts
SR439CPczq,,,,,,"{""*"":{""read"":true},""role:Administrator"":{""read"":true,""write"":true}}",The Analects of Mokur,Tue Jan 14 2020 21:16:25 GMT-0500 (Eastern Standard Time),5,,,,,,,,,,,,,,,,,,Tue Jan 14 2020 21:16:25 GMT-0500 (Eastern Standard Time),,,,,vampiric_texts
SS92y6Qzi0,,,,,,"{""*"":{""read"":true},""role:Administrator"":{""read"":true,""write"":true}}",Sorcerous,Tue Jan 14 2020 21:16:26 GMT-0500 (Eastern Standard Time),,,Cantrip,1,,,,,,,,,,,,,,,Tue Jan 14 2020 21:16:26 GMT-0500 (Eastern Standard Time),,,,,wta_fetish_traits
SV2Z8l3HLJ,,,,,,"{""*"":{""read"":true},""role:Administrator"":{""read"":true,""write"":true}}",Beast's Vigor,Tue Jan 14 2020 21:16:24 GMT-0500 (Eastern Standard Time),,,,,,,,,,,,,,,,,,,Tue Jan 14 2020 21:16:24 GMT-0500 (Eastern Standard Time),,,,,techniques
SV7EOGA5qh,,,,,,"{""*"":{""read"":true},""role:Administrator"":{""read"":true,""write"":true}}",Ananasi,Tue Jan 14 2020 21:16:17 GMT-0500 (Eastern Standard Time),,,,,,,,,,,,,,,,,,,Tue Jan 14 2020 21:16:17 GMT-0500 (Eastern Standard Time),,,,,extra_affinity_links
SXOymniosG,,Silver Fangs,,,,"{""*"":{""read"":true},""role:Administrator"":{""read"":true,""write"":true}}",Primacy of the First Tribe,Tue Jan 14 2020 21:16:32 GMT-0500 (Eastern Standard Time),,requires_specialization,,1,,,,,,,,,,,,,,Tribal,Tue Jan 14 2020 21:16:32 GMT-0500 (Eastern Standard Time),,,,,wta_merits
SYQBSaYPdJ,,,,,,"{""*"":{""read"":true},""role:Administrator"":{""read"":true,""write"":true}}",Notoriety,Tue Jan 14 2020 21:16:18 GMT-0500 (Eastern Standard Time),,,,2,,Do not receive passive bonuses from fleeting status.,,,,,,,,,,,,General,Tue Jan 14 2020 21:16:18 GMT-0500 (Eastern Standard Time),,,,,flaws
Sb73eJNv8r,,,,,,"{""*"":{""read"":true},""role:Administrator"":{""read"":true,""write"":true}}",Mistrusted,Tue Jan 14 2020 21:16:18 GMT-0500 (Eastern Standard Time),,,,1,,Max fleeting Status is 1 less than normal.,,,,,,,,,,,,Sabbat,Tue Jan 14 2020 21:16:18 GMT-0500 (Eastern Standard Time),,,,,flaws
SbBhAiFhIP,,,,,,"{""*"":{""read"":true},""role:Administrator"":{""read"":true,""write"":true}}",Serpentis: Seed of Corruption,Tue Jan 14 2020 21:16:17 GMT-0500 (Eastern Standard Time),,,,,,,,,,,,,,,,,,,Tue Jan 14 2020 21:16:17 GMT-0500 (Eastern Standard Time),,,,,elder_disciplines
Sf6XVrw2Kb,,,,,,"{""*"":{""read"":true},""role:Administrator"":{""read"":true,""write"":true}}",Vulnerable to Silver,Tue Jan 14 2020 21:16:19 GMT-0500 (Eastern Standard Time),,,,2,,Silver does aggravated damage to the character rather than normal.,,,,,,,,,,,,General,Tue Jan 14 2020 21:16:19 GMT-0500 (Eastern Standard Time),,,,,flaws
SkDTW9dOAg,,,,,,"{""*"":{""read"":true},""role:Administrator"":{""read"":true,""write"":true}}",Vie for Dominance,Tue Jan 14 2020 21:16:30 GMT-0500 (Eastern Standard Time),,,,1,,,,,,,,,Charisma,,,Yes,Ahroun,General,Tue Jan 14 2020 21:16:30 GMT-0500 (Eastern Standard Time),Lupus,,,,wta_gifts
SkyLNGZU6u,,,,,,"{""*"":{""read"":true},""role:Administrator"":{""read"":true,""write"":true}}",Ravnos: Brahman,Tue Aug 31 2021 02:28:48 GMT-0400 (Eastern Daylight Time),,,,,,,,,,,,,,,,,,,Tue Jan 14 2020 21:16:11 GMT-0500 (Eastern Standard Time),,,,,clans
SlU30xm8Jp,,,,,,"{""*"":{""read"":true},""role:Administrator"":{""read"":true,""write"":true}}",Arthren,Tue Jan 14 2020 21:16:27 GMT-0500 (Eastern Standard Time),,,,,,"Aggravated Claw attacks; +3 Brawl, Melee, Firearms skills; +2 Dodge; Use tools",,,,,,,Strength: +5 Brawl vs. +3 Brawl,,,,,Gurahl,Tue Jan 14 2020 21:16:27 GMT-0500 (Eastern Standard Time),,,,,wta_forms
SlqafAfLel,,,,,,"{""*"":{""read"":true},""role:Administrator"":{""read"":true,""write"":true}}",Thaumaturgy: Cobra's Favor,Tue Jan 14 2020 21:16:22 GMT-0500 (Eastern Standard Time),,,,5,,,,,,,,,,,,,,,Tue Jan 14 2020 21:16:22 GMT-0500 (Eastern Standard Time),,,,,rituals
Sp741Tg5YU,,,,,,"{""*"":{""read"":true},""role:Administrator"":{""read"":true,""write"":true}}",Teamsters,Sat Feb 14 2026 18:08:11 GMT-0500 (Eastern Standard Time),1,,,,,,,,,,,,,,,,,,Tue Jan 14 2020 21:16:19 GMT-0500 (Eastern Standard Time),,,,,influence_elite_specializations
Sq8jrDf3vZ,,,,,,"{""*"":{""read"":true},""role:Administrator"":{""read"":true,""write"":true}}",Shadow Facade,Tue Jan 14 2020 21:16:15 GMT-0500 (Eastern Standard Time),,,,2,,,,,,,,,,,,,,,Tue Jan 14 2020 21:16:15 GMT-0500 (Eastern Standard Time),,,,,ctdbs_merits
Sw2AloQIKL,,,,,,"{""*"":{""read"":true},""role:Administrator"":{""read"":true,""write"":true}}",Fortitude: Repair the Undead Flesh,Tue Jan 14 2020 21:16:17 GMT-0500 (Eastern Standard Time),,,,,,,,,,,,,,,,,,,Tue Jan 14 2020 21:16:17 GMT-0500 (Eastern Standard Time),,,,,elder_disciplines
SxTtHlZEWE,,,,,,"{""*"":{""read"":true},""role:Administrator"":{""read"":true,""write"":true}}",Reputation,Tue Jan 14 2020 21:16:21 GMT-0500 (Eastern Standard Time),,,,2,,Can carry 1 more fleeting status than normal limit allows.,,,,,,,,,,,,General,Tue Jan 14 2020 21:16:21 GMT-0500 (Eastern Standard Time),,,,,merits
SygFdCqBDI,,,,,,"{""*"":{""read"":true},""role:Administrator"":{""read"":true,""write"":true}}",Staff,Tue Jan 14 2020 21:16:12 GMT-0500 (Eastern Standard Time),,,,,,,,,,,,,,,,,,,Tue Jan 14 2020 21:16:12 GMT-0500 (Eastern Standard Time),,,,,ctdbs_holdings_specializations
T30kX2C001,,Fianna,,,,"{""*"":{""read"":true},""role:Administrator"":{""read"":true,""write"":true}}",Legacy of Craftsmanship,Tue Jan 14 2020 21:16:31 GMT-0500 (Eastern Standard Time),,,,2,,,,,,,,,,,,,,Tribal,Tue Jan 14 2020 21:16:31 GMT-0500 (Eastern Standard Time),,,,,wta_merits
T4AmPYhC1p,,,,,,"{""*"":{""read"":true},""role:Administrator"":{""read"":true,""write"":true}}",Power Object,Tue Jan 14 2020 21:16:21 GMT-0500 (Eastern Standard Time),,MalkavianAnanke,,1,,,,,,,,,,,37,,,,Tue Jan 14 2020 21:16:21 GMT-0500 (Eastern Standard Time),,,,,merits
T4NII7sk15,,Nosferatu,,,,"{""*"":{""read"":true},""role:Administrator"":{""read"":true,""write"":true}}",Pliable Blood,Tue Jan 14 2020 21:16:21 GMT-0500 (Eastern Standard Time),,,,3,,Opens up List 7 as an additional in Clan Discipline.,,,,,,,,,,,,Clan,Tue Jan 14 2020 21:16:21 GMT-0500 (Eastern Standard Time),,,,,merits
TBpHEZjG7q,,,,,,"{""*"":{""read"":true},""role:Administrator"":{""read"":true,""write"":true}}",Location,Tue Jan 14 2020 21:16:19 GMT-0500 (Eastern Standard Time),2,,,,,,,,,,,,,,,,,,Tue Jan 14 2020 21:16:19 GMT-0500 (Eastern Standard Time),,,,,haven_specializations
TBpkRpyIkM,,,,,,"{""*"":{""read"":true},""role:Administrator"":{""read"":true,""write"":true}}",Pack Tactics,Tue Jan 14 2020 21:16:29 GMT-0500 (Eastern Standard Time),,,,3,,,,,,,,,Appearance,,,No,Philodox,General,Tue Jan 14 2020 21:16:29 GMT-0500 (Eastern Standard Time),Ahroun,,,,wta_gifts
TEB3h4iKk4,,,,,,"{""*"":{""read"":true},""role:Administrator"":{""read"":true,""write"":true}}",Epic,Tue Jan 14 2020 21:16:26 GMT-0500 (Eastern Standard Time),,,Cantrip,1,,,,,,,,,,,,,,,Tue Jan 14 2020 21:16:26 GMT-0500 (Eastern Standard Time),,,,,wta_fetish_traits
TFt4hXtKsC,,Ajaba,,,,"{""*"":{""read"":true},""role:Administrator"":{""read"":true,""write"":true}}",Devourer of Death,Tue Jan 14 2020 21:16:31 GMT-0500 (Eastern Standard Time),,,,3,,,,,,,,,,,,,,Fera,Tue Jan 14 2020 21:16:31 GMT-0500 (Eastern Standard Time),,,,,wta_merits
THL9GGg6o4,,,,,,"{""*"":{""read"":true},""role:Administrator"":{""read"":true,""write"":true}}",Russian,Sat Feb 14 2026 18:11:48 GMT-0500 (Eastern Standard Time),1,,,,,,,,,,,,,,,,,,Tue Jan 14 2020 21:16:19 GMT-0500 (Eastern Standard Time),,,,,linguistics_specializations
TJC5EgifVl,,,,,,"{""*"":{""read"":true},""role:Administrator"":{""read"":true,""write"":true}}",The Pipers,Tue Jan 14 2020 21:16:13 GMT-0500 (Eastern Standard Time),,,,,,,,,,,,,,,,,,,Tue Jan 14 2020 21:16:13 GMT-0500 (Eastern Standard Time),,,,,ctdbs_kith_group_types
TLwLzg8Fwr,,,,,,"{""*"":{""read"":true},""role:Administrator"":{""read"":true,""write"":true}}",Homid,Tue Jan 14 2020 21:16:27 GMT-0500 (Eastern Standard Time),,,,,,Homid breed may vent rage quicker; tool user,,,,,,,,,,,,Garou,Tue Jan 14 2020 21:16:27 GMT-0500 (Eastern Standard Time),,,,,wta_forms
TM72ZjqlT2,,,,,,"{""*"":{""read"":true},""role:Administrator"":{""read"":true,""write"":true}}",Monopoly,Tue Jan 14 2020 21:16:21 GMT-0500 (Eastern Standard Time),,,,1,,Assign 2 Influence specializations per dot of Influence background.,,,,,,,,,,,,Camarilla,Tue Jan 14 2020 21:16:21 GMT-0500 (Eastern Standard Time),,,,,merits
TMSwCbnQe0,,,,,,"{""*"":{""read"":true},""role:Administrator"":{""read"":true,""write"":true}}",The Brotherhood of Thor,Tue Jan 14 2020 21:16:12 GMT-0500 (Eastern Standard Time),,,,,,,,,,,,,,,,,,,Tue Jan 14 2020 21:16:12 GMT-0500 (Eastern Standard Time),,,,,ctdbs_kith_group_types
TOQdOvuVQO,,,,,,"{""*"":{""read"":true},""role:Administrator"":{""read"":true,""write"":true}}",Magic Resistance,Tue Jan 14 2020 21:16:21 GMT-0500 (Eastern Standard Time),,,,3,,"Gain free retest against Necromancy, Thaumaturgy, Sabbat ritae and the powers of mages. Can be used before or after the normal Willpower retest. Exception to rules limiting retests. Can never learn Necromancy, Thaumaturgy or any other form of blood magic.",,,,,,,,,,,,General,Tue Jan 14 2020 21:16:21 GMT-0500 (Eastern Standard Time),,,,,merits
TPKYoLf61E,,,General,,,"{""*"":{""read"":true},""role:Administrator"":{""read"":true,""write"":true}}",Triumphant,Thu Feb 13 2020 22:50:15 GMT-0500 (Eastern Standard Time),,,,,,,,,,,,,,,,,,Fleeting,Tue Jan 14 2020 21:16:24 GMT-0500 (Eastern Standard Time),,,,,status_traits
TQ3TXLB9tX,,,,,,"{""*"":{""read"":true},""role:Administrator"":{""read"":true,""write"":true}}",Generation,Sun Jan 26 2020 15:30:12 GMT-0500 (Eastern Standard Time),0,,,,,,,,,,,,,,100,,,,Tue Jan 14 2020 21:16:11 GMT-0500 (Eastern Standard Time),,,,,backgrounds
TWAOaSCIYY,,,,,,"{""*"":{""read"":true},""role:Administrator"":{""read"":true,""write"":true}}",Wayfare,Tue Jan 14 2020 21:16:12 GMT-0500 (Eastern Standard Time),13,,,,,,,,,,,,,,,,,,Tue Jan 14 2020 21:16:12 GMT-0500 (Eastern Standard Time),,,,,ctdbs_arts_affinities_links
TWFqPh7RCd,,,,,,"{""*"":{""read"":true},""role:Administrator"":{""read"":true,""write"":true}}",Slow Healing,Tue Jan 14 2020 21:16:19 GMT-0500 (Eastern Standard Time),,,,3,,"Must spend an extra Blood point any time the character wishes to heal a point of damage. Only applies when character uses Blood to heal themselves, not to powers like Blood Rage.",,,,,,,,,,,,General,Tue Jan 14 2020 21:16:19 GMT-0500 (Eastern Standard Time),,,,,flaws
TZwYAlhtor,,,,,,"{""*"":{""read"":true},""role:Administrator"":{""read"":true,""write"":true}}",Dark Secret,Tue Jan 14 2020 21:16:18 GMT-0500 (Eastern Standard Time),,,,1,,A secret from character's past that would cause great embarrassment if uncovered.,,,,,,,,,,,,General,Tue Jan 14 2020 21:16:18 GMT-0500 (Eastern Standard Time),,,,,flaws
Ta35uHJc4J,,,,,,"{""*"":{""read"":true},""role:Administrator"":{""read"":true,""write"":true}}",Overconfident,Tue Jan 14 2020 21:16:18 GMT-0500 (Eastern Standard Time),,,,2,,"Cannot benefit from the assist attacker or assist defender tactics, unless the other person is following the character's direct orders.",,,,,,,,,,,,General,Tue Jan 14 2020 21:16:18 GMT-0500 (Eastern Standard Time),,,,,flaws
TaCLvlzRal,,,,,,"{""*"":{""read"":true},""role:Administrator"":{""read"":true,""write"":true}}",Bastard Childe,Tue Jan 14 2020 21:16:18 GMT-0500 (Eastern Standard Time),,,,2,,"If gain negative Anarch status, lose access to backgrounds.",,,,,,,,,,,,Anarch,Tue Jan 14 2020 21:16:18 GMT-0500 (Eastern Standard Time),,,,,flaws
TbaW4NJ8En,,,,,,"{""*"":{""read"":true},""role:Administrator"":{""read"":true,""write"":true}}",Impatient,Tue Jan 14 2020 21:16:18 GMT-0500 (Eastern Standard Time),,,,2,,"When delayed in action, must spend 1 Willpower to wait w/o acting for 5 minutes. If the spend isn't made the character will lash out at the source of the delay.",,,,,,,,,,,,General,Tue Jan 14 2020 21:16:18 GMT-0500 (Eastern Standard Time),,,,,flaws
TbwdGUy4Si,,,,,,"{""*"":{""read"":true},""role:Administrator"":{""read"":true,""write"":true}}",Giovanni: Premascine,Sun Mar 01 2020 22:37:45 GMT-0500 (Eastern Standard Time),1,,,,,,,,,,,,,,,,,,Tue Jan 14 2020 21:16:20 GMT-0500 (Eastern Standard Time),,,,,lore_specializations
Te1Bf2iCeG,,,,,,"{""*"":{""read"":true},""role:Administrator"":{""read"":true,""write"":true}}",Burden of Doubt,Tue Jan 14 2020 21:16:28 GMT-0500 (Eastern Standard Time),,,,2,,,,,,,,,Charisma,,,Yes,Philodox,General,Tue Jan 14 2020 21:16:28 GMT-0500 (Eastern Standard Time),Metis,,,,wta_gifts
ThcNhEhxQV,,,,,,"{""*"":{""read"":true},""role:Administrator"":{""read"":true,""write"":true}}",Free Spirit,Tue Jan 14 2020 21:16:10 GMT-0500 (Eastern Standard Time),,,,,,,,,,,,,,,,,,,Tue Jan 14 2020 21:16:10 GMT-0500 (Eastern Standard Time),,,,,archetypes_2
TmLvVbgN4w,,,,,,"{""*"":{""read"":true},""role:Administrator"":{""read"":true,""write"":true}}",The Sacrament of Caine,Tue Jan 14 2020 21:16:25 GMT-0500 (Eastern Standard Time),31,,,,,,,,,,,,,,,,,,Tue Jan 14 2020 21:16:25 GMT-0500 (Eastern Standard Time),,,,,vampiric_texts
TnD2brlEmy,,,,,,"{""*"":{""read"":true},""role:Administrator"":{""read"":true,""write"":true}}",Honorable Accord,Tue Jan 14 2020 21:16:22 GMT-0500 (Eastern Standard Time),10,,,,,,,,,,,,,,,,,,Tue Jan 14 2020 21:16:22 GMT-0500 (Eastern Standard Time),,,,,paths
ToJhPmeXrc,,,,,,"{""*"":{""read"":true},""role:Administrator"":{""read"":true,""write"":true}}",Presence,Sun Jan 26 2020 15:30:50 GMT-0500 (Eastern Standard Time),,,,,,,,,,,,,,,,,,,Tue Jan 14 2020 21:16:16 GMT-0500 (Eastern Standard Time),,,,,disciplines
TsHKdY2a5K,,,,,,"{""*"":{""read"":true},""role:Administrator"":{""read"":true,""write"":true}}",Possum's Wisdom,Tue Jan 14 2020 21:16:29 GMT-0500 (Eastern Standard Time),,,,1,,,,,,,,,Appearance,,,No,Nuwisha,Fera,Tue Jan 14 2020 21:16:29 GMT-0500 (Eastern Standard Time),,,,,wta_gifts
Tu7RPiB89a,,,,,,"{""*"":{""read"":true},""role:Administrator"":{""read"":true,""write"":true}}",Rokea,Tue Jan 14 2020 21:16:17 GMT-0500 (Eastern Standard Time),,,,,,,,,,,,,,,,,,,Tue Jan 14 2020 21:16:17 GMT-0500 (Eastern Standard Time),,,,,extra_affinity_links
TuV57A9PXV,,,,,,"{""*"":{""read"":true},""role:Administrator"":{""read"":true,""write"":true}}",Ligeia's Lament,Tue Jan 14 2020 21:16:24 GMT-0500 (Eastern Standard Time),,,,,,,,,,,,,,,,,,,Tue Jan 14 2020 21:16:24 GMT-0500 (Eastern Standard Time),,,,,techniques
U2HIJLRYHX,,,,,,"{""*"":{""read"":true},""role:Administrator"":{""read"":true,""write"":true}}",Taunt,Tue Jan 14 2020 21:16:30 GMT-0500 (Eastern Standard Time),,,,1,,,,,,,,,Charisma,,,Yes,Ragabash,General,Tue Jan 14 2020 21:16:30 GMT-0500 (Eastern Standard Time),Homid,,,,wta_gifts
U4HYPOHHAs,,Children of Gaia,,,,"{""*"":{""read"":true},""role:Administrator"":{""read"":true,""write"":true}}",Soothing Mien,Tue Jan 14 2020 21:16:32 GMT-0500 (Eastern Standard Time),,,,1,,,,,,,,,,,,,,Tribal,Tue Jan 14 2020 21:16:32 GMT-0500 (Eastern Standard Time),,,,,wta_merits
U4SdDpZHB4,,,,,,"{""*"":{""read"":true},""role:Administrator"":{""read"":true,""write"":true}}",Fame,Tue Jan 14 2020 21:16:12 GMT-0500 (Eastern Standard Time),,,,,,,,,,,,,,,,,,,Tue Jan 14 2020 21:16:12 GMT-0500 (Eastern Standard Time),,,,,ctdbs_backgrounds
U5Hg4zJWOq,,,,,,"{""*"":{""read"":true},""role:Administrator"":{""read"":true,""write"":true}}",Dexterity,Tue Jan 14 2020 21:16:19 GMT-0500 (Eastern Standard Time),1,,,,,,,,,,,,,,,,,,Tue Jan 14 2020 21:16:19 GMT-0500 (Eastern Standard Time),,,,,focus_physicals
U8JY0ktKJf,,,,,,"{""*"":{""read"":true},""role:Administrator"":{""read"":true,""write"":true}}",Celerity,Sun Jan 26 2020 15:30:50 GMT-0500 (Eastern Standard Time),,,,,,,,,,,,,,,,,,,Tue Jan 14 2020 21:16:16 GMT-0500 (Eastern Standard Time),,,,,disciplines
U8uHV4Skjp,,,,,,"{""*"":{""read"":true},""role:Administrator"":{""read"":true,""write"":true}}",Temporis,Tue Jan 14 2020 21:16:18 GMT-0500 (Eastern Standard Time),,,,,,,,,,,,,,,,,,,Tue Jan 14 2020 21:16:18 GMT-0500 (Eastern Standard Time),,,,,extra_in_clan_disciplines
UA8dZcmHJr,,,,,,"{""*"":{""read"":true},""role:Administrator"":{""read"":true,""write"":true}}",Dominate: Tyrant's Gaze,Tue Jan 14 2020 21:16:17 GMT-0500 (Eastern Standard Time),,,,,,,,,,,,,,,,,,,Tue Jan 14 2020 21:16:17 GMT-0500 (Eastern Standard Time),,,,,elder_disciplines
UCLjux50Ix,,,,,,"{""*"":{""read"":true},""role:Administrator"":{""read"":true,""write"":true}}",Myrmidon,Sun Feb 15 2026 13:14:10 GMT-0500 (Eastern Standard Time),,,,,,,,,,,,,,,,,,Camarilla,Tue Jan 14 2020 21:16:25 GMT-0500 (Eastern Standard Time),,,,,titles
UFFpACAwO6,,,,,,"{""*"":{""read"":true},""role:Administrator"":{""read"":true,""write"":true}}",Round Back,Tue Jan 14 2020 21:16:28 GMT-0500 (Eastern Standard Time),,,,,,"Gain +2 Brawl, Melee, and Firearms; tool user",,,,,,,Stamina: +3 wound levels; 1 in each category,,,,,Rokea,Tue Jan 14 2020 21:16:28 GMT-0500 (Eastern Standard Time),,,,,wta_forms
UFKbitg9eL,,Weaver,,,,"{""*"":{""read"":true},""role:Administrator"":{""read"":true,""write"":true}}",Wyrm Resistance,Tue Jan 14 2020 21:16:32 GMT-0500 (Eastern Standard Time),,,,2,,,,,,,,,,,,,,Faction,Tue Jan 14 2020 21:16:32 GMT-0500 (Eastern Standard Time),,,,,wta_merits
UHoUwjjLwT,,,,,,"{""*"":{""read"":true},""role:Administrator"":{""read"":true,""write"":true}}",The diary of Auston Jacobson,Tue Jan 14 2020 21:16:25 GMT-0500 (Eastern Standard Time),15,,,,,,,,,,,,,,,,,,Tue Jan 14 2020 21:16:25 GMT-0500 (Eastern Standard Time),,,,,vampiric_texts
UJWWlyo24B,,,,,,"{""*"":{""read"":true},""role:Administrator"":{""read"":true,""write"":true}}",Chimerical Magnet,Tue Jan 14 2020 21:16:12 GMT-0500 (Eastern Standard Time),,,,2,,,,,,,,,,,,,,,Tue Jan 14 2020 21:16:12 GMT-0500 (Eastern Standard Time),,,,,ctdbs_flaws
ULYhWDKzk2,,,,,,"{""*"":{""read"":true},""role:Administrator"":{""read"":true,""write"":true}}",Clurichaun,Tue Jan 14 2020 21:16:13 GMT-0500 (Eastern Standard Time),2,,,,,,,,,,,,,,,,,,Tue Jan 14 2020 21:16:13 GMT-0500 (Eastern Standard Time),,,,,ctdbs_kiths
UPz7llx8Rz,,,Sabbat,,,"{""*"":{""read"":true},""role:Administrator"":{""read"":true,""write"":true}}",Sacrosanct,Thu Feb 13 2020 22:50:15 GMT-0500 (Eastern Standard Time),,,,,,,,,,,,,,,,,,Abiding,Tue Jan 14 2020 21:16:24 GMT-0500 (Eastern Standard Time),,,,,status_traits
URmHrsUsEM,,,,,,"{""*"":{""read"":true},""role:Administrator"":{""read"":true,""write"":true}}",Treasure Trove,Tue Jan 14 2020 21:16:15 GMT-0500 (Eastern Standard Time),,,,3,,,,,,,,,,,,,,,Tue Jan 14 2020 21:16:15 GMT-0500 (Eastern Standard Time),,,,,ctdbs_merits
US0y0EOAVA,,,,,,"{""*"":{""read"":true},""role:Administrator"":{""read"":true,""write"":true}}",Trip,Tue Jan 14 2020 21:16:31 GMT-0500 (Eastern Standard Time),,,Melee,,,,,,,,,,,,,,,,Tue Jan 14 2020 21:16:31 GMT-0500 (Eastern Standard Time),,,,,wta_item_traits
USwsZ7Y31N,,,,,,"{""*"":{""read"":true},""role:Administrator"":{""read"":true,""write"":true}}",Duplicity,Tue Jan 14 2020 21:16:28 GMT-0500 (Eastern Standard Time),,,,3,,,,,,,,,Wits,,,No,Nuwisha,Fera,Tue Jan 14 2020 21:16:28 GMT-0500 (Eastern Standard Time),,,,,wta_gifts
UW7McHhakV,,,,,,"{""*"":{""read"":true},""role:Administrator"":{""read"":true,""write"":true}}",Independent Alliance,Sat Feb 14 2026 18:17:01 GMT-0500 (Eastern Standard Time),,,,,,,,,,,,,,,,,,,Tue Jan 14 2020 21:16:23 GMT-0500 (Eastern Standard Time),,,,,sects
UYaHuj9nt9,,,,,,"{""*"":{""read"":true},""role:Administrator"":{""read"":true,""write"":true}}",Nightmares,Tue Jan 14 2020 21:16:18 GMT-0500 (Eastern Standard Time),,,,1,,Recover from Beast traits at 1 per day of rest rather than all in 1 day of rest.,,,,,,,,,,,,General,Tue Jan 14 2020 21:16:18 GMT-0500 (Eastern Standard Time),,,,,flaws
UfhfwQDGEC,,,,,,"{""*"":{""read"":true},""role:Administrator"":{""read"":true,""write"":true}}",Logic,Tue Jan 14 2020 21:16:09 GMT-0500 (Eastern Standard Time),1,,,,,,,,,,,,,,,,,,Tue Jan 14 2020 21:16:09 GMT-0500 (Eastern Standard Time),,,,,academics_specializations
Ug20XhxA6n,,,,,,"{""*"":{""read"":true},""role:Administrator"":{""read"":true,""write"":true}}",Architect,Tue Jan 14 2020 21:16:10 GMT-0500 (Eastern Standard Time),,,,,,,,,,,,,,,,,,,Tue Jan 14 2020 21:16:10 GMT-0500 (Eastern Standard Time),,,,,archetype_2s
UhXr2nrPYG,,,,,,"{""*"":{""read"":true},""role:Administrator"":{""read"":true,""write"":true}}",Uktena,Tue Jan 14 2020 21:16:33 GMT-0500 (Eastern Standard Time),12,,The Guides of the Sky and Earth,,Redeemers of the Bitter Frost,Obsessed with Secrets,Web Walkers,,,,,,,,,,,,Tue Jan 14 2020 21:16:33 GMT-0500 (Eastern Standard Time),,,,,wta_tribes
Uj6i3n60Il,,,,,,"{""*"":{""read"":true},""role:Administrator"":{""read"":true,""write"":true}}",Toady,Tue Jan 14 2020 21:16:10 GMT-0500 (Eastern Standard Time),,,,,,,,,,,,,,,,,,,Tue Jan 14 2020 21:16:10 GMT-0500 (Eastern Standard Time),,,,,archetype_2
UjYGqlTPPB,,,,,,"{""*"":{""read"":true},""role:Administrator"":{""read"":true,""write"":true}}",Araneid,Tue Jan 14 2020 21:16:27 GMT-0500 (Eastern Standard Time),,,,,,"Gain +2 to Brawl, Intimidation, Athletics, and Dodge",,,,,,,,,,,,Ananasi,Tue Jan 14 2020 21:16:27 GMT-0500 (Eastern Standard Time),,,,,wta_forms
UoEhLYYeIV,,,,,,"{""*"":{""read"":true},""role:Administrator"":{""read"":true,""write"":true}}",Perpetual,Tue Jan 14 2020 21:16:26 GMT-0500 (Eastern Standard Time),,,,1,,,Fetish,,,,,,,,,,,,Tue Jan 14 2020 21:16:26 GMT-0500 (Eastern Standard Time),,,,,wta_fetish_traits
UoSM7LE2xD,,,,,,"{""*"":{""read"":true},""role:Administrator"":{""read"":true,""write"":true}}",Medicine,Tue Jan 14 2020 21:16:23 GMT-0500 (Eastern Standard Time),0,,,,,,,,,,,,,,unknown,,,,Tue Jan 14 2020 21:16:23 GMT-0500 (Eastern Standard Time),,,,,skills
UobKZ7RmJH,,,,,,"{""*"":{""read"":true},""role:Administrator"":{""read"":true,""write"":true}}",Mandarin,Sat Feb 14 2026 18:11:48 GMT-0500 (Eastern Standard Time),1,,,,,,,,,,,,,,,,,,Tue Jan 14 2020 21:16:19 GMT-0500 (Eastern Standard Time),,,,,linguistics_specializations
UqcZzBmIYw,,Lasombra,,,,"{""*"":{""read"":true},""role:Administrator"":{""read"":true,""write"":true}}",Born in Shadow,Tue Jan 14 2020 21:16:20 GMT-0500 (Eastern Standard Time),,,,2,,"Once per turn, activate 1 of the first 2 levels of Obtenebration or increase the radius of Shroud of Night w/o spending Blood, all other requirements must be met.",,,,,,,,,,,,Clan,Tue Jan 14 2020 21:16:20 GMT-0500 (Eastern Standard Time),,,,,merits
UrhhrqnFa4,,,,,,"{""*"":{""read"":true},""role:Administrator"":{""read"":true,""write"":true}}",To the Manor Born,Tue Jan 14 2020 21:16:22 GMT-0500 (Eastern Standard Time),,Ventrue Crusader,,1,,,,,,,,,,,45,,,,Tue Jan 14 2020 21:16:22 GMT-0500 (Eastern Standard Time),,,,,merits
UtNXlXcECP,,,,,,"{""*"":{""read"":true},""role:Administrator"":{""read"":true,""write"":true}}",Martyr,Tue Jan 14 2020 21:16:09 GMT-0500 (Eastern Standard Time),,,,,,,,,,,,,,,,,,,Tue Jan 14 2020 21:16:09 GMT-0500 (Eastern Standard Time),,,,,archetype_2
Uuqov63dGJ,,,,,,"{""*"":{""read"":true},""role:Administrator"":{""read"":true,""write"":true}}",Celestial Attunement,Tue Jan 14 2020 21:16:31 GMT-0500 (Eastern Standard Time),,requires_specialization,,2,,,,,,,,,,,,,,General,Tue Jan 14 2020 21:16:31 GMT-0500 (Eastern Standard Time),,,,,wta_merits
UwhHDHnX8T,,,,,,"{""*"":{""read"":true},""role:Administrator"":{""read"":true,""write"":true}}",Thaumaturgy: Defense of the Sacred Haven,Tue Jan 14 2020 21:16:23 GMT-0500 (Eastern Standard Time),,,,1,,,,,,,,,,,,,,,Tue Jan 14 2020 21:16:23 GMT-0500 (Eastern Standard Time),,,,,rituals
UxuxXSdXkM,,,,,,"{""*"":{""read"":true},""role:Administrator"":{""read"":true,""write"":true}}",Sorcerous Dabbler,Tue Jan 14 2020 21:16:22 GMT-0500 (Eastern Standard Time),,,,2,,"Grants 3 level 1 or 2 level 2 Thaumaturgical Rituals, even if the character has no Thaumaturgy. Character must still spend normal XP for them, this just grants access.",,,,,,,,,,,,Anarch,Tue Jan 14 2020 21:16:22 GMT-0500 (Eastern Standard Time),,,,,merits
UxwWHqVzYP,,,,,,"{""*"":{""read"":true},""role:Administrator"":{""read"":true,""write"":true}}",Gaia's Touch,Tue Jan 14 2020 21:16:28 GMT-0500 (Eastern Standard Time),,,,3,,,,,,,,,Intelligence,,,No,Theurge,General,Tue Jan 14 2020 21:16:28 GMT-0500 (Eastern Standard Time),Galliard,,,,wta_gifts
V2G21O7g8e,,,,,,"{""*"":{""read"":true},""role:Administrator"":{""read"":true,""write"":true}}",Secondary,Tue Jan 14 2020 21:16:09 GMT-0500 (Eastern Standard Time),2,,,,,,,,,,,,,,,,,,Tue Jan 14 2020 21:16:09 GMT-0500 (Eastern Standard Time),,,,,antecedences
V3BQNR560J,,,,,,"{""*"":{""read"":true},""role:Administrator"":{""read"":true,""write"":true}}",Stargazerss,Tue Jan 14 2020 21:16:33 GMT-0500 (Eastern Standard Time),,,The Sacred Thread,,The Zephyer,-1 Innate Renown  Penalty,The Jade Covenant,,,,,,,,,,,,Tue Jan 14 2020 21:16:33 GMT-0500 (Eastern Standard Time),,,,,wta_tribes
V7EsBHsFyI,,,,,,"{""*"":{""read"":true},""role:Administrator"":{""read"":true,""write"":true}}",Mercurial Vitality,Tue Jan 14 2020 21:16:24 GMT-0500 (Eastern Standard Time),,,,,,,,,,,,,,,,,,,Tue Jan 14 2020 21:16:24 GMT-0500 (Eastern Standard Time),,,,,techniques
V7n5vcKbik,,,,,,"{""*"":{""read"":true},""role:Administrator"":{""read"":true,""write"":true}}",Japanese,Sat Feb 14 2026 18:11:48 GMT-0500 (Eastern Standard Time),1,,,,,,,,,,,,,,,,,,Tue Jan 14 2020 21:16:19 GMT-0500 (Eastern Standard Time),,,,,linguistics_specializations
V9J7Vhx7ov,,,,,,"{""*"":{""read"":true},""role:Administrator"":{""read"":true,""write"":true}}",Boggan,Tue Jan 14 2020 21:16:13 GMT-0500 (Eastern Standard Time),1,,,,,,,,,,,,,,,,,,Tue Jan 14 2020 21:16:13 GMT-0500 (Eastern Standard Time),,,,,ctdbs_kiths
V9bFMIwhbc,,,,,,"{""*"":{""read"":true},""role:Administrator"":{""read"":true,""write"":true}}",Potence,Sun Jan 26 2020 15:30:50 GMT-0500 (Eastern Standard Time),,,,,,,,,,,,,,,,,,,Tue Jan 14 2020 21:16:16 GMT-0500 (Eastern Standard Time),,,,,disciplines
VDk419uaNR,,,,,,"{""*"":{""read"":true},""role:Administrator"":{""read"":true,""write"":true}}",Bloodline: Vipers,Tue Jan 14 2020 21:16:20 GMT-0500 (Eastern Standard Time),,,,2,,,,,,,,,,,,,,,Tue Jan 14 2020 21:16:20 GMT-0500 (Eastern Standard Time),,,,,merits
VESCe4W4LJ,,,Camarilla,,,"{""*"":{""read"":true},""role:Administrator"":{""read"":true,""write"":true}}",Vulgar,Thu Feb 13 2020 22:50:16 GMT-0500 (Eastern Standard Time),,,,,,,,,,,,,,,,,,Negative,Tue Jan 14 2020 21:16:24 GMT-0500 (Eastern Standard Time),,,,,status_traits
VFjzCaxexe,,,,,,"{""*"":{""read"":true},""role:Administrator"":{""read"":true,""write"":true}}",Sun Dance,Tue Jan 14 2020 21:16:23 GMT-0500 (Eastern Standard Time),,,,,,,,,,,,,,,,,,Ignoblis,Tue Jan 14 2020 21:16:23 GMT-0500 (Eastern Standard Time),,,,,sabbat_rituals
VFqHiinuDO,,,,,,"{""*"":{""read"":true},""role:Administrator"":{""read"":true,""write"":true}}",Bonded,Tue Jan 14 2020 21:16:26 GMT-0500 (Eastern Standard Time),,,Cantrip,1,,,,,,,,,,,,,,,Tue Jan 14 2020 21:16:26 GMT-0500 (Eastern Standard Time),,,,,wta_fetish_traits
VGkwPu2I1G,,,,,,"{""*"":{""read"":true},""role:Administrator"":{""read"":true,""write"":true}}",Preservationists,Tue Jan 14 2020 21:16:12 GMT-0500 (Eastern Standard Time),,,,,,,,,,,,,,,,,,,Tue Jan 14 2020 21:16:12 GMT-0500 (Eastern Standard Time),,,,,ctdbs_kith_group_types
VIijJ3XRaO,,Rokea,,,,"{""*"":{""read"":true},""role:Administrator"":{""read"":true,""write"":true}}",Betweeners,Tue Jan 14 2020 21:16:25 GMT-0500 (Eastern Standard Time),,,,,,,,,,,,,,,,,,,Tue Jan 14 2020 21:16:25 GMT-0500 (Eastern Standard Time),,,,,wta_camps
VNYLSSKTwz,,,,,,"{""*"":{""read"":true},""role:Administrator"":{""read"":true,""write"":true}}",Worthy,Tue Jan 14 2020 21:16:33 GMT-0500 (Eastern Standard Time),1,,,,,,,,,,,,,,,,,,Tue Jan 14 2020 21:16:33 GMT-0500 (Eastern Standard Time),,,,,wta_monikers
VON7j2WEMo,,,,,,"{""*"":{""read"":true},""role:Administrator"":{""read"":true,""write"":true}}",Fragile Bones,Tue Jan 14 2020 21:16:18 GMT-0500 (Eastern Standard Time),,,,4,,"If suffer 2+ damage from a single blow, 1 limb (chosen by attacker) is broken until the damage is healed. Leg/s= 1 step per movement. 1 arm w/ ambidexterity= -3 to Brawl and Melee pools. 1 arm w/o ambidexterity= -5 to Brawl and Melee pools. Both arms= cannot make Brawl or Melee attacks w/o bite or other power.",,,,,,,,,,,,General,Tue Jan 14 2020 21:16:18 GMT-0500 (Eastern Standard Time),,,,,flaws
VZ0PpM5fIq,,,,,,"{""*"":{""read"":true},""role:Administrator"":{""read"":true,""write"":true}}",Josian Archon,Sun Feb 15 2026 13:14:10 GMT-0500 (Eastern Standard Time),,,,,,,,,,,,,,,,,,Camarilla,Tue Jan 14 2020 21:16:25 GMT-0500 (Eastern Standard Time),,,,,titles
VZTKL4723i,,,,,,"{""*"":{""read"":true},""role:Administrator"":{""read"":true,""write"":true}}",Party Animal,Tue Jan 14 2020 21:16:15 GMT-0500 (Eastern Standard Time),,,,1,,,,,,,,,,,,,,,Tue Jan 14 2020 21:16:15 GMT-0500 (Eastern Standard Time),,,,,ctdbs_merits
VZmA7sgt1e,,,,,,"{""*"":{""read"":true},""role:Administrator"":{""read"":true,""write"":true}}",Nondescript,Tue Jan 14 2020 21:16:31 GMT-0500 (Eastern Standard Time),,,,,,,,General,,,,,,,,,,,Tue Jan 14 2020 21:16:31 GMT-0500 (Eastern Standard Time),,,,,wta_item_traits
VZyRL1RCjO,,,,,,"{""*"":{""read"":true},""role:Administrator"":{""read"":true,""write"":true}}",Death's Virtuoso,Tue Jan 14 2020 21:16:20 GMT-0500 (Eastern Standard Time),,GiovanniPremascine,,1,,,,,,,,,,,34,,,,Tue Jan 14 2020 21:16:20 GMT-0500 (Eastern Standard Time),,,,,merits
VaFdzzrK0C,,,Anarch,,,"{""*"":{""read"":true},""role:Administrator"":{""read"":true,""write"":true}}",Connected,Thu Feb 13 2020 22:50:13 GMT-0500 (Eastern Standard Time),,,,,,,,,,,,,,,,,,Fleeting,Tue Jan 14 2020 21:16:23 GMT-0500 (Eastern Standard Time),,,,,status_traits
VdcQ71mtTe,,,,,,"{""*"":{""read"":true},""role:Administrator"":{""read"":true,""write"":true}}",Sermons of Caine,Tue Jan 14 2020 21:16:23 GMT-0500 (Eastern Standard Time),,,,,,,,,,,,,,,,,,Auctoritas,Tue Jan 14 2020 21:16:23 GMT-0500 (Eastern Standard Time),,,,,sabbat_rituals
Ve5gUPyBRh,,,,,,"{""*"":{""read"":true},""role:Administrator"":{""read"":true,""write"":true}}",Thaumaturgy: Lure of Flames,Tue Jan 14 2020 21:16:18 GMT-0500 (Eastern Standard Time),,,,,,,,,,,,,,,,,,,Tue Jan 14 2020 21:16:18 GMT-0500 (Eastern Standard Time),,,,,extra_in_clan_disciplines
Vedu6oNRmY,,,,,,"{""*"":{""read"":true},""role:Administrator"":{""read"":true,""write"":true}}",Blase,Tue Jan 14 2020 21:16:13 GMT-0500 (Eastern Standard Time),,,,3,,,,,,,,,,,,,,,Tue Jan 14 2020 21:16:13 GMT-0500 (Eastern Standard Time),,,,,ctdbs_merits
Vfvjm8QfeT,,,,,,"{""*"":{""read"":true},""role:Administrator"":{""read"":true,""write"":true}}",Necromancy: Warping the Morbid Visage,Tue Jan 14 2020 21:16:22 GMT-0500 (Eastern Standard Time),,,,1,,,,,,,,,,,,,,,Tue Jan 14 2020 21:16:22 GMT-0500 (Eastern Standard Time),,,,,rituals
VgjJunbC35,,,,,,"{""*"":{""read"":true},""role:Administrator"":{""read"":true,""write"":true}}",Warrior's Bond,Tue Jan 14 2020 21:16:25 GMT-0500 (Eastern Standard Time),,,,,,,,,,,,,,,,,,,Tue Jan 14 2020 21:16:25 GMT-0500 (Eastern Standard Time),,,,,techniques
VideLcYVOO,,,,,,"{""*"":{""read"":true},""role:Administrator"":{""read"":true,""write"":true}}",Borrowed Time,Tue Jan 14 2020 21:16:20 GMT-0500 (Eastern Standard Time),,Bloodline: True Brujah,,3,,,,,,,,,,,26,,,,Tue Jan 14 2020 21:16:20 GMT-0500 (Eastern Standard Time),,,,,merits
Vl6CjyHevh,,,,,,"{""*"":{""read"":true},""role:Administrator"":{""read"":true,""write"":true}}",Fragile Bones,Tue Jan 14 2020 21:16:27 GMT-0500 (Eastern Standard Time),,,,4,,,,,,,,,,,,,,,Tue Jan 14 2020 21:16:27 GMT-0500 (Eastern Standard Time),,,,,wta_flaws
Vlh5mPgz95,,,,,,"{""*"":{""read"":true},""role:Administrator"":{""read"":true,""write"":true}}",Contrition,Tue Jan 14 2020 21:16:23 GMT-0500 (Eastern Standard Time),,,,,,,,,,,,,,,,,,Auctoritas,Tue Jan 14 2020 21:16:23 GMT-0500 (Eastern Standard Time),,,,,sabbat_rituals
VmA68kscZ6,,,,,,"{""*"":{""read"":true},""role:Administrator"":{""read"":true,""write"":true}}",Cappadocians: Samedi,Tue Aug 31 2021 02:28:48 GMT-0400 (Eastern Daylight Time),,,,,,,,,,,,,,,,,,,Tue Jan 14 2020 21:16:11 GMT-0500 (Eastern Standard Time),,,,,clans
Vo2cPobjJc,,,,,,"{""*"":{""read"":true},""role:Administrator"":{""read"":true,""write"":true}}",Ubar Chronicles,Tue Jan 14 2020 21:16:25 GMT-0500 (Eastern Standard Time),2,,,,,,,,,,,,,,,,,,Tue Jan 14 2020 21:16:25 GMT-0500 (Eastern Standard Time),,,,,vampiric_texts
VoAWE9ubHO,,,,,,"{""*"":{""read"":true},""role:Administrator"":{""read"":true,""write"":true}}",Addiction (Hallucinogen),Tue Jan 14 2020 21:16:18 GMT-0500 (Eastern Standard Time),,,,2,,Agitated and cannot regain Willpower for the first hour of game and for an hour after feeding.,,,,,,,,,,,,General,Tue Jan 14 2020 21:16:18 GMT-0500 (Eastern Standard Time),,,,,flaws
Voe3mxxoDe,,,,,,"{""*"":{""read"":true},""role:Administrator"":{""read"":true,""write"":true}}",Ursa's Light,Tue Jan 14 2020 21:16:30 GMT-0500 (Eastern Standard Time),,,,1,,,,,,,,,Wits,,,No,Gurahl,Fera,Tue Jan 14 2020 21:16:30 GMT-0500 (Eastern Standard Time),,,,,wta_gifts
VohApW1dvh,,,Anarch,,,"{""*"":{""read"":true},""role:Administrator"":{""read"":true,""write"":true}}",Warrant,Thu Feb 13 2020 22:50:16 GMT-0500 (Eastern Standard Time),,,,,,,,,,,,,,,,,,Abiding,Tue Jan 14 2020 21:16:24 GMT-0500 (Eastern Standard Time),,,,,status_traits
VpfT14K5RE,,,,,,"{""*"":{""read"":true},""role:Administrator"":{""read"":true,""write"":true}}",Gift Affinity,Tue Jan 14 2020 21:16:33 GMT-0500 (Eastern Standard Time),,,,,,,,,,,,,,,,,,,Tue Jan 14 2020 21:16:33 GMT-0500 (Eastern Standard Time),,,,,wta_totem_bonus_traits
VqVUiaxHzO,,,,,,"{""*"":{""read"":true},""role:Administrator"":{""read"":true,""write"":true}}",Large Ships,Tue Jan 14 2020 21:16:16 GMT-0500 (Eastern Standard Time),1,,,,,,,,,,,,,,,,,,Tue Jan 14 2020 21:16:16 GMT-0500 (Eastern Standard Time),,,,,drive_specializations
VrarzFESwF,,,,,,"{""*"":{""read"":true},""role:Administrator"":{""read"":true,""write"":true}}",Ecstasy,Tue Jan 14 2020 21:16:22 GMT-0500 (Eastern Standard Time),6,,,,,,,,,,,,,,,,,,Tue Jan 14 2020 21:16:22 GMT-0500 (Eastern Standard Time),,,,,paths
Vrp8uRWBax,,,,,,"{""*"":{""read"":true},""role:Administrator"":{""read"":true,""write"":true}}",Fall from Grace,Tue Jan 14 2020 21:16:28 GMT-0500 (Eastern Standard Time),,,,3,,,,,,,,,Manipulation,,,Yes,Ajaba,Fera,Tue Jan 14 2020 21:16:28 GMT-0500 (Eastern Standard Time),,,,,wta_gifts
VtJhTkzJgN,,,,,,"{""*"":{""read"":true},""role:Administrator"":{""read"":true,""write"":true}}",Theatre,Sat Feb 14 2026 18:10:12 GMT-0500 (Eastern Standard Time),1,,,,,,,,,,,,,,,,,,Tue Jan 14 2020 21:16:19 GMT-0500 (Eastern Standard Time),,,,,influence_underworld_specializations
Vu01nQFPhR,,,,,,"{""*"":{""read"":true},""role:Administrator"":{""read"":true,""write"":true}}",Spent,Tue Jan 14 2020 21:16:17 GMT-0500 (Eastern Standard Time),,,,,,,,,,,,,,,,,,,Tue Jan 14 2020 21:16:17 GMT-0500 (Eastern Standard Time),,,,,experience_points
Vub1eZeOZg,,,,,,"{""*"":{""read"":true},""role:Administrator"":{""read"":true,""write"":true}}",Legendary Lineage,Tue Jan 14 2020 21:16:31 GMT-0500 (Eastern Standard Time),,requires_specialization,,3,,,,,,,,,,,,,,General,Tue Jan 14 2020 21:16:31 GMT-0500 (Eastern Standard Time),,,,,wta_merits
Vuih5TUI2v,,,,,,"{""*"":{""read"":true},""role:Administrator"":{""read"":true,""write"":true}}",Bad Sight,Tue Jan 14 2020 21:16:18 GMT-0500 (Eastern Standard Time),,,,2,,"Suffer -2 to all Physical ranged attacks, including guns and thrown.",,,,,,,,,,,,General,Tue Jan 14 2020 21:16:18 GMT-0500 (Eastern Standard Time),,,,,flaws
VvC3pPY1qg,,Wyld,,,,"{""*"":{""read"":true},""role:Administrator"":{""read"":true,""write"":true}}",Wyld Affinity,Tue Jan 14 2020 21:16:32 GMT-0500 (Eastern Standard Time),,,,1,,,,,,,,,,,,,,Faction,Tue Jan 14 2020 21:16:32 GMT-0500 (Eastern Standard Time),,,,,wta_merits
VvtgmuwmKT,,,,,,"{""*"":{""read"":true},""role:Administrator"":{""read"":true,""write"":true}}",Tarnished,Tue Jan 14 2020 21:16:33 GMT-0500 (Eastern Standard Time),1,,,,,,,,,,,,,,,,,,Tue Jan 14 2020 21:16:33 GMT-0500 (Eastern Standard Time),,,,,wta_monikers
VwZ1o8JPTV,,,,,,"{""*"":{""read"":true},""role:Administrator"":{""read"":true,""write"":true}}",Gender and sexuality studies,Tue Jan 14 2020 21:16:09 GMT-0500 (Eastern Standard Time),1,,,,,,,,,,,,,,,,,,Tue Jan 14 2020 21:16:09 GMT-0500 (Eastern Standard Time),,,,,academics_specializations
VwbxVfvJLc,,,,,,"{""*"":{""read"":true},""role:Administrator"":{""read"":true,""write"":true}}",Pacifying,Tue Jan 14 2020 21:16:26 GMT-0500 (Eastern Standard Time),,,,3,,,,Weapon,,,,,,,,,,,Tue Jan 14 2020 21:16:26 GMT-0500 (Eastern Standard Time),,,,,wta_fetish_traits
VyHks4Zygf,,,,,,"{""*"":{""read"":true},""role:Administrator"":{""read"":true,""write"":true}}",Tale Craft,Tue Jan 14 2020 21:16:12 GMT-0500 (Eastern Standard Time),12,,,,,,,,,,,,,,,,,,Tue Jan 14 2020 21:16:12 GMT-0500 (Eastern Standard Time),,,,,ctdbs_arts_affinities_links
W0aqrRth7B,,Glass Walkers,,,,"{""*"":{""read"":true},""role:Administrator"":{""read"":true,""write"":true}}",The Corporate Wolves,Tue Jan 14 2020 21:16:26 GMT-0500 (Eastern Standard Time),,,,,,,,,,,,,,,,,,,Tue Jan 14 2020 21:16:26 GMT-0500 (Eastern Standard Time),,,,,wta_camps
W2EBnOZKs7,,,,,,"{""*"":{""read"":true},""role:Administrator"":{""read"":true,""write"":true}}",Reckless,Tue Jan 14 2020 21:16:33 GMT-0500 (Eastern Standard Time),1,,,,,,,,,,,,,,,,,,Tue Jan 14 2020 21:16:33 GMT-0500 (Eastern Standard Time),,,,,wta_monikers
W3AziMIYgX,,,,,,"{""*"":{""read"":true},""role:Administrator"":{""read"":true,""write"":true}}",Rituals,Sun Jan 26 2020 15:30:12 GMT-0500 (Eastern Standard Time),0,,,,,,,,,,,,,,,,,,Tue Jan 14 2020 21:16:11 GMT-0500 (Eastern Standard Time),,,,,backgrounds
W6X4L9R17Z,,requires_specialization,,,,"{""*"":{""read"":true},""role:Administrator"":{""read"":true,""write"":true}}",Eerie Presence,Tue Jan 14 2020 21:16:18 GMT-0500 (Eastern Standard Time),,,,1,,"Radiate an otherworldly air, making people nervous. Can be taken up to 3 times for different aspects of character's strange nature, but each must be distinctive and unconnected from the rest.",,,,,,,,,,,,General,Tue Jan 14 2020 21:16:18 GMT-0500 (Eastern Standard Time),,,,,flaws
W7YbE8t4GG,,,,,,"{""*"":{""read"":true},""role:Administrator"":{""read"":true,""write"":true}}",Blood of the Ancients,Tue Jan 14 2020 21:16:20 GMT-0500 (Eastern Standard Time),,GiovanniPremascine,,2,,,,,,,,,,,34,,,,Tue Jan 14 2020 21:16:20 GMT-0500 (Eastern Standard Time),,,,,merits
WCD1opeF7M,,,,,,"{""*"":{""read"":true},""role:Administrator"":{""read"":true,""write"":true}}",Kitsune,Tue Jan 14 2020 21:16:17 GMT-0500 (Eastern Standard Time),,,,,,,,,,,,,,,,,,,Tue Jan 14 2020 21:16:17 GMT-0500 (Eastern Standard Time),,,,,extra_affinity_links
WEE5TxcD5z,,,,,,"{""*"":{""read"":true},""role:Administrator"":{""read"":true,""write"":true}}",Awkward Mobility,Tue Jan 14 2020 21:16:18 GMT-0500 (Eastern Standard Time),,,,2,,Take 2 steps per movement instead of 3.,,,,,,,,,,,,General,Tue Jan 14 2020 21:16:18 GMT-0500 (Eastern Standard Time),,,,,flaws
WG8HU8odzD,,,,,,"{""*"":{""read"":true},""role:Administrator"":{""read"":true,""write"":true}}",Path of Chivalry,Tue Jan 14 2020 21:16:21 GMT-0500 (Eastern Standard Time),,,,3,,,,,,,,,,,,,,Morality,Tue Jan 14 2020 21:16:21 GMT-0500 (Eastern Standard Time),,,,,merits
WHDXodvyyg,,,,,,"{""*"":{""read"":true},""role:Administrator"":{""read"":true,""write"":true}}",Sociology,Tue Jan 14 2020 21:16:09 GMT-0500 (Eastern Standard Time),1,,,,,,,,,,,,,,,,,,Tue Jan 14 2020 21:16:09 GMT-0500 (Eastern Standard Time),,,,,academics_specializations
WI3MTsj8BP,,,,,,"{""*"":{""read"":true},""role:Administrator"":{""read"":true,""write"":true}}",Daimoinon: Infernal Compact,Wed Sep 01 2021 20:01:38 GMT-0400 (Eastern Daylight Time),,,,,,,,,,,,,,,,,,,Tue Jan 14 2020 21:16:17 GMT-0500 (Eastern Standard Time),,,,,elder_disciplines
WJ1kduzOwT,,,,,,"{""*"":{""read"":true},""role:Administrator"":{""read"":true,""write"":true}}",Emissary to the Camarilla,Tue Jan 14 2020 21:16:21 GMT-0500 (Eastern Standard Time),,,,1,,Allows non-sect character to hold 1 fleeting Camarilla status.,,,,,,,,,,,,Camarilla,Tue Jan 14 2020 21:16:21 GMT-0500 (Eastern Standard Time),,,,,merits
WJKqhT0v5A,,,,,,"{""*"":{""read"":true},""role:Administrator"":{""read"":true,""write"":true}}",Social,Tue Jan 14 2020 21:16:11 GMT-0500 (Eastern Standard Time),1,,,,,,,,,,,,,,,,,,Tue Jan 14 2020 21:16:11 GMT-0500 (Eastern Standard Time),,,,,attributes
WKVC51IZsk,,,Sabbat,,,"{""*"":{""read"":true},""role:Administrator"":{""read"":true,""write"":true}}",Glorious,Thu Feb 13 2020 22:50:13 GMT-0500 (Eastern Standard Time),,,,,,,,,,,,,,,,,,Abiding,Tue Jan 14 2020 21:16:23 GMT-0500 (Eastern Standard Time),,,,,status_traits
WL7y3qu7Me,,,,,,"{""*"":{""read"":true},""role:Administrator"":{""read"":true,""write"":true}}",Untrustworthy,Tue Jan 14 2020 21:16:10 GMT-0500 (Eastern Standard Time),,,,,,,,,,,,,,,,,,,Tue Jan 14 2020 21:16:10 GMT-0500 (Eastern Standard Time),,,,,archetype_2s
WLZM1AGz2x,,,,,,"{""*"":{""read"":true},""role:Administrator"":{""read"":true,""write"":true}}",Umbra,Sun Mar 01 2020 22:37:46 GMT-0500 (Eastern Standard Time),1,,,,,,,,,,,,,,,,,,Tue Jan 14 2020 21:16:20 GMT-0500 (Eastern Standard Time),,,,,lore_specializations
WLpMQoikIC,,,,,,"{""*"":{""read"":true},""role:Administrator"":{""read"":true,""write"":true}}",Chimerstry: Army of Apparitions,Tue Jan 14 2020 21:16:17 GMT-0500 (Eastern Standard Time),,,,,,,,,,,,,,,,,,,Tue Jan 14 2020 21:16:17 GMT-0500 (Eastern Standard Time),,,,,elder_disciplines
WNAajiBSTQ,,,,,,"{""*"":{""read"":true},""role:Administrator"":{""read"":true,""write"":true}}",Empire of Dolls,Tue Jan 14 2020 21:16:12 GMT-0500 (Eastern Standard Time),,,,,,,,,,,,,,,,,,,Tue Jan 14 2020 21:16:12 GMT-0500 (Eastern Standard Time),,,,,ctdbs_kith_group_types
WP0rPL9Tp7,,,,,,"{""*"":{""read"":true},""role:Administrator"":{""read"":true,""write"":true}}",Call of the Wyld,Tue Jan 14 2020 21:16:28 GMT-0500 (Eastern Standard Time),,,,1,,,,,,,,,Charisma,,,No,Galliard,General,Tue Jan 14 2020 21:16:28 GMT-0500 (Eastern Standard Time),Lupus,,,,wta_gifts
WQf8N98mUs,,,,,,"{""*"":{""read"":true},""role:Administrator"":{""read"":true,""write"":true}}",Freak,Tue Jan 14 2020 21:16:09 GMT-0500 (Eastern Standard Time),,,,,,,,,,,,,,,,,,,Tue Jan 14 2020 21:16:09 GMT-0500 (Eastern Standard Time),,,,,archetype_2
WQnad0DAQM,,Cappadocians,,,,"{""*"":{""read"":true},""role:Administrator"":{""read"":true,""write"":true}}",Pierced Shroud,Tue Jan 14 2020 21:16:21 GMT-0500 (Eastern Standard Time),,,,3,,Gain 3 Blood any time a sentient being dies within character's line of sight. Cannot exceed normal Blood pool limits.,,,,,,,,,,,,Clan,Tue Jan 14 2020 21:16:21 GMT-0500 (Eastern Standard Time),,,,,merits
WQtPWyenBC,,,,,,"{""*"":{""read"":true},""role:Administrator"":{""read"":true,""write"":true}}",Daimoinon,Sun Jan 26 2020 15:30:50 GMT-0500 (Eastern Standard Time),,,,,,,,,,,,,,,,,,,Tue Jan 14 2020 21:16:16 GMT-0500 (Eastern Standard Time),,,,,disciplines
WRs0W0W3M6,,,,,,"{""*"":{""read"":true},""role:Administrator"":{""read"":true,""write"":true}}",Mathematics,Tue Jan 14 2020 21:16:09 GMT-0500 (Eastern Standard Time),1,,,,,,,,,,,,,,,,,,Tue Jan 14 2020 21:16:09 GMT-0500 (Eastern Standard Time),,,,,academics_specializations
WRtVICyHaH,,Tzimisce,,,,"{""*"":{""read"":true},""role:Administrator"":{""read"":true,""write"":true}}",Path of Metamorphosis,Tue Jan 14 2020 21:16:21 GMT-0500 (Eastern Standard Time),,,,3,,,,,,,,,,,,,,Morality,Tue Jan 14 2020 21:16:21 GMT-0500 (Eastern Standard Time),,,,,merits
WVIz4coHWd,,,,,,"{""*"":{""read"":true},""role:Administrator"":{""read"":true,""write"":true}}",Acute Sense,Tue Jan 14 2020 21:16:31 GMT-0500 (Eastern Standard Time),,requires_specialization,,1,,,,,,,,,,,,,,General,Tue Jan 14 2020 21:16:31 GMT-0500 (Eastern Standard Time),,,,,wta_merits
WY9x5rYMvS,,,,,,"{""*"":{""read"":true},""role:Administrator"":{""read"":true,""write"":true}}",Arboreal,Tue Jan 14 2020 21:16:11 GMT-0500 (Eastern Standard Time),1,,,,,,,,,,,,,,,,,,Tue Jan 14 2020 21:16:11 GMT-0500 (Eastern Standard Time),,,,,ctdbs_arts
Wa9LDDCrxk,,,,,,"{""*"":{""read"":true},""role:Administrator"":{""read"":true,""write"":true}}",Gurahl,Tue Jan 14 2020 21:16:26 GMT-0500 (Eastern Standard Time),,,Forest Walkers,4,Mountain Guardians,Slow; no actions from Rage.,Okuma,,,,,,,,,,,,Tue Jan 14 2020 21:16:26 GMT-0500 (Eastern Standard Time),,,,,wta_fera_descriptions
WdcbmEjfYH,,,,,,"{""*"":{""read"":true},""role:Administrator"":{""read"":true,""write"":true}}",One Eye,Tue Jan 14 2020 21:16:18 GMT-0500 (Eastern Standard Time),,,,3,,"Suffer -5 to all Physical ranged attacks, including guns and thrown.",,,,,,,,,,,,General,Tue Jan 14 2020 21:16:18 GMT-0500 (Eastern Standard Time),,,,,flaws
WdpqK5HKaE,,,,,,"{""*"":{""read"":true},""role:Administrator"":{""read"":true,""write"":true}}",Homid,Tue Jan 14 2020 21:16:27 GMT-0500 (Eastern Standard Time),,,,,,Homid breed may vent rage quicker; tool user,,,,,,,,,,,,Kitsune,Tue Jan 14 2020 21:16:27 GMT-0500 (Eastern Standard Time),,,,,wta_forms
WfZC0lMhAb,,,,,,"{""*"":{""read"":true},""role:Administrator"":{""read"":true,""write"":true}}",Wild Hunter,Tue Jan 14 2020 21:16:28 GMT-0500 (Eastern Standard Time),,,,2,,,,,,,,,,,,,,,Tue Jan 14 2020 21:16:28 GMT-0500 (Eastern Standard Time),,,,,wta_flaws
WjBIOFW0wB,,,,,,"{""*"":{""read"":true},""role:Administrator"":{""read"":true,""write"":true}}",Celerity: Projectile,Tue Jan 14 2020 21:16:17 GMT-0500 (Eastern Standard Time),,,,,,,,,,,,,,,,,,,Tue Jan 14 2020 21:16:17 GMT-0500 (Eastern Standard Time),,,,,elder_disciplines
WjCEgyi1u2,,,,,,"{""*"":{""read"":true},""role:Administrator"":{""read"":true,""write"":true}}",Gangrel: Noiad,Sun Mar 01 2020 22:37:45 GMT-0500 (Eastern Standard Time),1,,,,,,,,,,,,,,,,,,Tue Jan 14 2020 21:16:20 GMT-0500 (Eastern Standard Time),,,,,lore_specializations
Wk7ik6HO3G,,,,,,"{""*"":{""read"":true},""role:Administrator"":{""read"":true,""write"":true}}",Sabbat,Sun Mar 01 2020 22:37:46 GMT-0500 (Eastern Standard Time),1,,,,,,,,,,,,,,,,,,Tue Jan 14 2020 21:16:20 GMT-0500 (Eastern Standard Time),,,,,lore_specializations
WmlChMRC2G,,Stargazers,,,,"{""*"":{""read"":true},""role:Administrator"":{""read"":true,""write"":true}}",Inner Balance,Tue Jan 14 2020 21:16:31 GMT-0500 (Eastern Standard Time),,,,1,,,,,,,,,,,,,,Tribal,Tue Jan 14 2020 21:16:31 GMT-0500 (Eastern Standard Time),,,,,wta_merits
Wp1CIfM9YJ,,,,,,"{""*"":{""read"":true},""role:Administrator"":{""read"":true,""write"":true}}",Bastet,Tue Jan 14 2020 21:16:26 GMT-0500 (Eastern Standard Time),,,,4,,Obsessed with Lore,,,,,,,,,,,,,Tue Jan 14 2020 21:16:26 GMT-0500 (Eastern Standard Time),,,,,wta_fera_descriptions
WqjFaqe6jn,,,,,,"{""*"":{""read"":true},""role:Administrator"":{""read"":true,""write"":true}}",Malak,Fri Feb 14 2020 14:55:13 GMT-0500 (Eastern Standard Time),,,,,,,,,,,,,,,,,,Independent Alliance,Thu Feb 13 2020 22:47:26 GMT-0500 (Eastern Standard Time),,,,,titles
WqkUpBrVdv,,,,,,"{""*"":{""read"":true},""role:Administrator"":{""read"":true,""write"":true}}",Crisis of Faith,Tue Jan 14 2020 21:16:18 GMT-0500 (Eastern Standard Time),,,,2,,"When bad things happen, make a static test with ST. On lose or tie, count as unfaithful in ritae for 2 games or 1 month.",,,,,,,,,,,,Sabbat,Tue Jan 14 2020 21:16:18 GMT-0500 (Eastern Standard Time),,,,,flaws
WuTpitdaGI,,,,,,"{""*"":{""read"":true},""role:Administrator"":{""read"":true,""write"":true}}",Traditionalist,Tue Jan 14 2020 21:16:11 GMT-0500 (Eastern Standard Time),,,,,,,,,,,,,,,,,,,Tue Jan 14 2020 21:16:11 GMT-0500 (Eastern Standard Time),,,,,archetypes_2
WvgAuI61Tf,,,Independent Alliance,,,"{""*"":{""read"":true},""role:Administrator"":{""read"":true,""write"":true}}",Executor,Thu Feb 13 2020 22:50:16 GMT-0500 (Eastern Standard Time),,,,,,,,,,,,,,,,,,Abiding,Thu Feb 13 2020 22:50:16 GMT-0500 (Eastern Standard Time),,,,,status_traits
X5PVmhqERR,,,,,,"{""*"":{""read"":true},""role:Administrator"":{""read"":true,""write"":true}}",Fianna,Tue Jan 14 2020 21:16:33 GMT-0500 (Eastern Standard Time),4,,The Companions of Herne,,The Black Key,Harano Prone (as flaw),Tuatha de Fionn,,,,,,,,,,,,Tue Jan 14 2020 21:16:33 GMT-0500 (Eastern Standard Time),,,,,wta_tribes
X7E5L3e2NL,,,,,,"{""*"":{""read"":true},""role:Administrator"":{""read"":true,""write"":true}}",Guards,Tue Jan 14 2020 21:16:33 GMT-0500 (Eastern Standard Time),,,,,,,,,,,,,,,,,,,Tue Jan 14 2020 21:16:33 GMT-0500 (Eastern Standard Time),,,,,wta_territory_specializations
X7qUYPRDgj,,,,,,"{""*"":{""read"":true},""role:Administrator"":{""read"":true,""write"":true}}",Moshir,Fri Feb 14 2020 14:55:13 GMT-0500 (Eastern Standard Time),,,,,,,,,,,,,,,,,,Followers of Set,Thu Feb 13 2020 22:47:26 GMT-0500 (Eastern Standard Time),,,,,titles
X82nrGMwfd,,,,,,"{""*"":{""read"":true},""role:Administrator"":{""read"":true,""write"":true}}",Obtenebration,Tue Jan 14 2020 21:16:18 GMT-0500 (Eastern Standard Time),,,,,,,,,,,,,,,,,,,Tue Jan 14 2020 21:16:18 GMT-0500 (Eastern Standard Time),,,,,extra_in_clan_disciplines
XBU6QO6AiT,,,,,,"{""*"":{""read"":true},""role:Administrator"":{""read"":true,""write"":true}}",Umbral Key,Tue Jan 14 2020 21:16:30 GMT-0500 (Eastern Standard Time),,,,4,,,,,,,,,Perception,,,No,Nuwisha,Fera,Tue Jan 14 2020 21:16:30 GMT-0500 (Eastern Standard Time),,,,,wta_gifts
XCN6GMipG1,,,,,,"{""*"":{""read"":true},""role:Administrator"":{""read"":true,""write"":true}}",Blood Rot,Tue Jan 14 2020 21:16:18 GMT-0500 (Eastern Standard Time),,,,5,,"Every time character spends Blood, character takes 1 unsoakable normal damage.",,,,,,,,,,,,General,Tue Jan 14 2020 21:16:18 GMT-0500 (Eastern Standard Time),,,,,flaws
XFEx5eAsDb,,,,,,"{""*"":{""read"":true},""role:Administrator"":{""read"":true,""write"":true}}",High Holidays,Tue Jan 14 2020 21:16:25 GMT-0500 (Eastern Standard Time),,,,,,,,,,,,,,,,,,,Tue Jan 14 2020 21:16:25 GMT-0500 (Eastern Standard Time),,,,,willpower_sources
XHSw7qpIEE,,,,,,"{""*"":{""read"":true},""role:Administrator"":{""read"":true,""write"":true}}",Bully,Tue Jan 14 2020 21:16:10 GMT-0500 (Eastern Standard Time),,,,,,,,,,,,,,,,,,,Tue Jan 14 2020 21:16:10 GMT-0500 (Eastern Standard Time),,,,,archetypes
XI9Wmr1d3K,,,,,,"{""*"":{""read"":true},""role:Administrator"":{""read"":true,""write"":true}}",Metamorphosis,Tue Jan 14 2020 21:16:22 GMT-0500 (Eastern Standard Time),12,,,,,,,,,,,,,,,,,,Tue Jan 14 2020 21:16:22 GMT-0500 (Eastern Standard Time),,,,,paths
XJ9zIe0dO8,,,,,,"{""*"":{""read"":true},""role:Administrator"":{""read"":true,""write"":true}}",Increased Will,Tue Jan 14 2020 21:16:33 GMT-0500 (Eastern Standard Time),,,,,,,,,,,,,,,,,,,Tue Jan 14 2020 21:16:33 GMT-0500 (Eastern Standard Time),,,,,wta_totem_bonus_traits
XJvCr4daIj,,,,,,"{""*"":{""read"":true},""role:Administrator"":{""read"":true,""write"":true}}",Clear Sighted,Tue Jan 14 2020 21:16:20 GMT-0500 (Eastern Standard Time),,,,3,,"Gain free defensive retest against Chimeristry, Mytherceria, and Obfuscate. Can be used before or after the normal Willpower retest. Exception to rules limiting retests.",,,,,,,,,,,,General,Tue Jan 14 2020 21:16:20 GMT-0500 (Eastern Standard Time),,,,,merits
XMgYDqT6TW,,,,Yes,,"{""*"":{""read"":true},""role:Administrator"":{""read"":true,""write"":true}}",Kinfolk,Tue Jan 14 2020 21:16:25 GMT-0500 (Eastern Standard Time),,requires_specialization,,,,,,,,,,,,Yes,,,,,Tue Jan 14 2020 21:16:25 GMT-0500 (Eastern Standard Time),,,,,wta_backgrounds
XNRjXHooVm,,,,,,"{""*"":{""read"":true},""role:Administrator"":{""read"":true,""write"":true}}",Fright Knights,Tue Jan 14 2020 21:16:12 GMT-0500 (Eastern Standard Time),,,,,,,,,,,,,,,,,,,Tue Jan 14 2020 21:16:12 GMT-0500 (Eastern Standard Time),,,,,ctdbs_kith_group_types
XOIqZvwXOS,,,Anarch,,,"{""*"":{""read"":true},""role:Administrator"":{""read"":true,""write"":true}}",Preacher,Thu Feb 13 2020 22:50:14 GMT-0500 (Eastern Standard Time),,,,,,,,,,,,,,,,,,Fleeting,Tue Jan 14 2020 21:16:23 GMT-0500 (Eastern Standard Time),,,,,status_traits
XRT9xiOCJi,,,,,,"{""*"":{""read"":true},""role:Administrator"":{""read"":true,""write"":true}}",One Eye,Tue Jan 14 2020 21:16:27 GMT-0500 (Eastern Standard Time),,,,3,,,,,,,,,,,,,,,Tue Jan 14 2020 21:16:27 GMT-0500 (Eastern Standard Time),,,,,wta_flaws
XRVRtlaQD8,,,,,,"{""*"":{""read"":true},""role:Administrator"":{""read"":true,""write"":true}}",Retain the Quick Blood,Tue Jan 14 2020 21:16:24 GMT-0500 (Eastern Standard Time),,,,,,,,,,,,,,,,,,,Tue Jan 14 2020 21:16:24 GMT-0500 (Eastern Standard Time),,,,,techniques
XSNrSQDZeE,,,,,,"{""*"":{""read"":true},""role:Administrator"":{""read"":true,""write"":true}}",The homeless,Sat Feb 14 2026 18:10:12 GMT-0500 (Eastern Standard Time),1,,,,,,,,,,,,,,,,,,Tue Jan 14 2020 21:16:19 GMT-0500 (Eastern Standard Time),,,,,influence_underworld_specializations
XSkCoFZ0Sg,,,,,,"{""*"":{""read"":true},""role:Administrator"":{""read"":true,""write"":true}}",Steel Sharpens Steel,Tue Jan 14 2020 21:16:30 GMT-0500 (Eastern Standard Time),,,,3,,,,,,,,,Intelligence,,,No,Philodox,General,Tue Jan 14 2020 21:16:30 GMT-0500 (Eastern Standard Time),Ahroun,,,,wta_gifts
XTajBbR1qr,,,,,,"{""*"":{""read"":true},""role:Administrator"":{""read"":true,""write"":true}}",Bjornon,Tue Jan 14 2020 21:16:27 GMT-0500 (Eastern Standard Time),,,,,,Aggravated Claw & Bite attacks w/o a grapple; +4 Brawl skill; +2 Dodge skill; +1 damage brawl attacks,,,,,,,Stamina: +3 wound levels; 1 in each category,,,,,Gurahl,Tue Jan 14 2020 21:16:27 GMT-0500 (Eastern Standard Time),,,,,wta_forms
XTlGbhzruI,,,,,,"{""*"":{""read"":true},""role:Administrator"":{""read"":true,""write"":true}}",Thaumaturgy: Craft Bloodstone,Tue Jan 14 2020 21:16:23 GMT-0500 (Eastern Standard Time),,,,2,,,,,,,,,,,,,,,Tue Jan 14 2020 21:16:23 GMT-0500 (Eastern Standard Time),,,,,rituals
XUtGgCzu2g,,,General,,,"{""*"":{""read"":true},""role:Administrator"":{""read"":true,""write"":true}}",Forsaken,Thu Feb 13 2020 22:50:13 GMT-0500 (Eastern Standard Time),,,,,,,,,,,,,,,,,,Negative,Tue Jan 14 2020 21:16:23 GMT-0500 (Eastern Standard Time),,,,,status_traits
XV6DagZiyu,,,,,,"{""*"":{""read"":true},""role:Administrator"":{""read"":true,""write"":true}}",Banned Transformation,Tue Jan 14 2020 21:16:12 GMT-0500 (Eastern Standard Time),,,,3,,,,,,,,,,,,,,,Tue Jan 14 2020 21:16:12 GMT-0500 (Eastern Standard Time),,,,,ctdbs_flaws
XWd0nhdpCh,,Neonate or Ancilla,,,,"{""*"":{""read"":true},""role:Administrator"":{""read"":true,""write"":true}}",Intense Vitality,Tue Jan 14 2020 21:16:21 GMT-0500 (Eastern Standard Time),,,,2,,Can spend 1 more Blood per turn than Generation allows.,,,,,,,,,,,,General,Tue Jan 14 2020 21:16:21 GMT-0500 (Eastern Standard Time),,,,,merits
XX4mkczHBG,,,,,,"{""*"":{""read"":true},""role:Administrator"":{""read"":true,""write"":true}}",Monster,Tue Jan 14 2020 21:16:10 GMT-0500 (Eastern Standard Time),,,,,,,,,,,,,,,,,,,Tue Jan 14 2020 21:16:10 GMT-0500 (Eastern Standard Time),,,,,archetypes
XXnW50kGHL,,,,,,"{""*"":{""read"":true},""role:Administrator"":{""read"":true,""write"":true}}",Archaic,Tue Jan 14 2020 21:16:18 GMT-0500 (Eastern Standard Time),,,,2,,"Cannot purchase the Computer, Drive, Science, or Security skills.",,,,,,,,,,,,General,Tue Jan 14 2020 21:16:18 GMT-0500 (Eastern Standard Time),,,,,flaws
XZ2j97RbPO,,,,,,"{""*"":{""read"":true},""role:Administrator"":{""read"":true,""write"":true}}",Not On My Watch,Tue Jan 14 2020 21:16:21 GMT-0500 (Eastern Standard Time),,CappadocianLamia,,2,,,,,,,,,,,48,,,,Tue Jan 14 2020 21:16:21 GMT-0500 (Eastern Standard Time),,,,,merits
XcBj3Jg9oE,,,,,,"{""*"":{""read"":true},""role:Administrator"":{""read"":true,""write"":true}}",Blood Bath,Tue Jan 14 2020 21:16:23 GMT-0500 (Eastern Standard Time),,,,,,,,,,,,,,,,,,Auctoritas,Tue Jan 14 2020 21:16:23 GMT-0500 (Eastern Standard Time),,,,,sabbat_rituals
Xcfzi5Dxkw,,,,,,"{""*"":{""read"":true},""role:Administrator"":{""read"":true,""write"":true}}",Shadow Queen,Fri Feb 14 2020 14:55:13 GMT-0500 (Eastern Standard Time),,,,,,,,,,,,,,,,,,Lasombra,Thu Feb 13 2020 22:47:27 GMT-0500 (Eastern Standard Time),,,,,titles
XevwPOOdqo,,No Generation,,,,"{""*"":{""read"":true},""role:Administrator"":{""read"":true,""write"":true}}",Dhampir,Tue Jan 14 2020 21:16:21 GMT-0500 (Eastern Standard Time),,,,4,,"Build character as a Ghoul, except they gain 7 dots for their choice of Disciplines, cannot have more than 3 dots in any Discipline, aren't bound and cannot be Embraced.",,,,,,,,,,,,Anarch,Tue Jan 14 2020 21:16:21 GMT-0500 (Eastern Standard Time),,,,,merits
XftRGQRxzT,,,,,,"{""*"":{""read"":true},""role:Administrator"":{""read"":true,""write"":true}}",Quietus: Baal's Bloody Talons,Tue Jan 14 2020 21:16:17 GMT-0500 (Eastern Standard Time),,,,,,,,,,,,,,,,,,,Tue Jan 14 2020 21:16:17 GMT-0500 (Eastern Standard Time),,,,,elder_disciplines
XhgMundmXa,,,,,,"{""*"":{""read"":true},""role:Administrator"":{""read"":true,""write"":true}}",Enraged Transformation,Tue Jan 14 2020 21:16:27 GMT-0500 (Eastern Standard Time),,,,3,,,,,,,,,,,,,,,Tue Jan 14 2020 21:16:27 GMT-0500 (Eastern Standard Time),,,,,wta_flaws
XhnB0ntiMq,,requires_specialization,,,,"{""*"":{""read"":true},""role:Administrator"":{""read"":true,""write"":true}}",Crafts,Tue Jan 14 2020 21:16:23 GMT-0500 (Eastern Standard Time),0,,,,,,,,,,,,,,unknown,,,,Tue Jan 14 2020 21:16:23 GMT-0500 (Eastern Standard Time),,,,,skills
XoAAfEXeZx,,,,,,"{""*"":{""read"":true},""role:Administrator"":{""read"":true,""write"":true}}",Loner,Tue Jan 14 2020 21:16:10 GMT-0500 (Eastern Standard Time),,,,,,,,,,,,,,,,,,,Tue Jan 14 2020 21:16:10 GMT-0500 (Eastern Standard Time),,,,,archetypes_2
XobKvRsaj1,,,,,,"{""*"":{""read"":true},""role:Administrator"":{""read"":true,""write"":true}}",Unrelenting Tie to Humanity,Tue Jan 14 2020 21:16:12 GMT-0500 (Eastern Standard Time),,,,3,,,,,,,,,,,,,,,Tue Jan 14 2020 21:16:12 GMT-0500 (Eastern Standard Time),,,,,ctdbs_flaws
XsnHCYAVVL,,,,,,"{""*"":{""read"":true},""role:Administrator"":{""read"":true,""write"":true}}",Iron Heart,Tue Jan 14 2020 21:16:21 GMT-0500 (Eastern Standard Time),,Brujah,,2,,,,,,,,,,,25,,,,Tue Jan 14 2020 21:16:21 GMT-0500 (Eastern Standard Time),,,,,merits
XuLQaad2k2,,,,,,"{""*"":{""read"":true},""role:Administrator"":{""read"":true,""write"":true}}",Thaumaturgy: Path of Corruption,Sun Jan 26 2020 15:30:50 GMT-0500 (Eastern Standard Time),,,,,,,,,,,,,,,,,,,Tue Jan 14 2020 21:16:16 GMT-0500 (Eastern Standard Time),,,,,disciplines
XulMvLAP9I,,,,,,"{""*"":{""read"":true},""role:Administrator"":{""read"":true,""write"":true}}",HazMat,Tue Jan 14 2020 21:16:26 GMT-0500 (Eastern Standard Time),,,,1,Talen,,,,,,,,,,,,,,Tue Jan 14 2020 21:16:26 GMT-0500 (Eastern Standard Time),,,,,wta_fetish_traits
Xwqiky68RK,,,,,,"{""*"":{""read"":true},""role:Administrator"":{""read"":true,""write"":true}}",The Doomsayers,Tue Jan 14 2020 21:16:12 GMT-0500 (Eastern Standard Time),,,,,,,,,,,,,,,,,,,Tue Jan 14 2020 21:16:12 GMT-0500 (Eastern Standard Time),,,,,ctdbs_kith_group_types
Xy0KJAWkno,,Rokea,,,,"{""*"":{""read"":true},""role:Administrator"":{""read"":true,""write"":true}}",Master of Sunless Depths,Tue Jan 14 2020 21:16:32 GMT-0500 (Eastern Standard Time),,,,2,,,,,,,,,,,,,,Fera,Tue Jan 14 2020 21:16:32 GMT-0500 (Eastern Standard Time),,,,,wta_merits
XyXUQ2ccN5,,,,,,"{""*"":{""read"":true},""role:Administrator"":{""read"":true,""write"":true}}",Rugged,Tue Jan 14 2020 21:16:22 GMT-0500 (Eastern Standard Time),,,,3,,An additional level in each wound rank.,,,,,,,,,,,,General,Tue Jan 14 2020 21:16:22 GMT-0500 (Eastern Standard Time),,,,,merits
Y1FrXoAp6Z,,,,,,"{""*"":{""read"":true},""role:Administrator"":{""read"":true,""write"":true}}",Occult,Tue Jan 14 2020 21:16:12 GMT-0500 (Eastern Standard Time),,,,,,,,,,,,,,,,,,,Tue Jan 14 2020 21:16:12 GMT-0500 (Eastern Standard Time),,,,,ctdbs_holdings_specializations
Y2E4xGUJhi,,,,,,"{""*"":{""read"":true},""role:Administrator"":{""read"":true,""write"":true}}",Physical,Tue Jan 14 2020 21:16:11 GMT-0500 (Eastern Standard Time),0,,,,,,,,,,,,,,,,,,Tue Jan 14 2020 21:16:11 GMT-0500 (Eastern Standard Time),,,,,attributes
Y3Bm1ubJHk,,Gurahl,,,,"{""*"":{""read"":true},""role:Administrator"":{""read"":true,""write"":true}}",Forest Walkers,Tue Jan 14 2020 21:16:25 GMT-0500 (Eastern Standard Time),,,,,,,,,,,,,,,,,,,Tue Jan 14 2020 21:16:25 GMT-0500 (Eastern Standard Time),,,,,wta_camps
Y3cllQODOD,,,,,,"{""*"":{""read"":true},""role:Administrator"":{""read"":true,""write"":true}}",Renewed Vigor,Tue Jan 14 2020 21:16:29 GMT-0500 (Eastern Standard Time),,,,3,,,,,,,,,Appearance,,,No,Galliard,General,Tue Jan 14 2020 21:16:29 GMT-0500 (Eastern Standard Time),Ahroun,,,,wta_gifts
Y5A6YE9dHa,,,,,,"{""*"":{""read"":true},""role:Administrator"":{""read"":true,""write"":true}}",Enhance the Wild Ride,Tue Jan 14 2020 21:16:24 GMT-0500 (Eastern Standard Time),,,,,,,,,,,,,,,,,,,Tue Jan 14 2020 21:16:24 GMT-0500 (Eastern Standard Time),,,,,techniques
Y91Z0mRogx,,,,,,"{""*"":{""read"":true},""role:Administrator"":{""read"":true,""write"":true}}",Moniker,Tue Jan 14 2020 21:16:21 GMT-0500 (Eastern Standard Time),,,,1,,"Gain the innate status of your gang, functions the same as the innate Moniker status.",,,,,,,,,,,,Anarch,Tue Jan 14 2020 21:16:21 GMT-0500 (Eastern Standard Time),,,,,merits
Y9NHzliPAE,,,,,,"{""*"":{""read"":true},""role:Administrator"":{""read"":true,""write"":true}}",Thirst for Innocence,Tue Jan 14 2020 21:16:19 GMT-0500 (Eastern Standard Time),,,,1,,"Seek to corrupt, destroy or tarnish anything pure.",,,,,,,,,,,,General,Tue Jan 14 2020 21:16:19 GMT-0500 (Eastern Standard Time),,,,,flaws
YAK1ZW2yW2,,,Camarilla,,,"{""*"":{""read"":true},""role:Administrator"":{""read"":true,""write"":true}}",Acclaimed,Thu Feb 13 2020 22:50:12 GMT-0500 (Eastern Standard Time),,,,,,,,,,,,,,,,,,Fleeting,Tue Jan 14 2020 21:16:23 GMT-0500 (Eastern Standard Time),,,,,status_traits
YBBjUH0jSV,,Wendigo,,,,"{""*"":{""read"":true},""role:Administrator"":{""read"":true,""write"":true}}",The Ghost Dance,Tue Jan 14 2020 21:16:26 GMT-0500 (Eastern Standard Time),,,,,,,,,,,,,,,,,,,Tue Jan 14 2020 21:16:26 GMT-0500 (Eastern Standard Time),,,,,wta_camps
YC98WU9hB7,,,,,,"{""*"":{""read"":true},""role:Administrator"":{""read"":true,""write"":true}}",Cultured,Tue Jan 14 2020 21:16:09 GMT-0500 (Eastern Standard Time),,,,,,,,,,,,,,,,,,,Tue Jan 14 2020 21:16:09 GMT-0500 (Eastern Standard Time),,,,,archetype_2
YCOO6tbIoj,,Corax,,,,"{""*"":{""read"":true},""role:Administrator"":{""read"":true,""write"":true}}",True North,Tue Jan 14 2020 21:16:32 GMT-0500 (Eastern Standard Time),,,,2,,,,,,,,,,,,,,Fera,Tue Jan 14 2020 21:16:32 GMT-0500 (Eastern Standard Time),,,,,wta_merits
YCgqr5aErE,,,,,,"{""*"":{""read"":true},""role:Administrator"":{""read"":true,""write"":true}}",Followers of Set: Tlacique,Sun Mar 01 2020 22:37:45 GMT-0500 (Eastern Standard Time),1,,,,,,,,,,,,,,,,,,Tue Jan 14 2020 21:16:20 GMT-0500 (Eastern Standard Time),,,,,lore_specializations
YDDxU8CYLE,,,,,,"{""*"":{""read"":true},""role:Administrator"":{""read"":true,""write"":true}}",Brownie's Boon,Tue Jan 14 2020 21:16:13 GMT-0500 (Eastern Standard Time),,,,1,,,,,,,,,,,,,,,Tue Jan 14 2020 21:16:13 GMT-0500 (Eastern Standard Time),,,,,ctdbs_merits
YHZP3JcBIe,,,,,,"{""*"":{""read"":true},""role:Administrator"":{""read"":true,""write"":true}}",Chimerstry,Tue Jan 14 2020 21:16:17 GMT-0500 (Eastern Standard Time),,,,,,,,,,,,,,,,,,,Tue Jan 14 2020 21:16:17 GMT-0500 (Eastern Standard Time),,,,,extra_in_clan_disciplines
YJzJJ1QBGR,,,,,,"{""*"":{""read"":true},""role:Administrator"":{""read"":true,""write"":true}}",Staff,Tue Jan 14 2020 21:16:19 GMT-0500 (Eastern Standard Time),6,,,,,,,,,,,,,,,,,,Tue Jan 14 2020 21:16:19 GMT-0500 (Eastern Standard Time),,,,,haven_specializations
YLNJbJ4Q5x,,,,,,"{""*"":{""read"":true},""role:Administrator"":{""read"":true,""write"":true}}",Misleading Wounds,Tue Jan 14 2020 21:16:24 GMT-0500 (Eastern Standard Time),,,,,,,,,,,,,,,,,,,Tue Jan 14 2020 21:16:24 GMT-0500 (Eastern Standard Time),,,,,techniques
YLRZWZnkWB,,,,,,"{""*"":{""read"":true},""role:Administrator"":{""read"":true,""write"":true}}",Inhuman,Tue Jan 14 2020 21:16:27 GMT-0500 (Eastern Standard Time),,,,2,,,,,,,,,,,,,,,Tue Jan 14 2020 21:16:27 GMT-0500 (Eastern Standard Time),,,,,wta_flaws
YMdXqvbxfb,,,,,,"{""*"":{""read"":true},""role:Administrator"":{""read"":true,""write"":true}}",Versatile,Tue Jan 14 2020 21:16:32 GMT-0500 (Eastern Standard Time),,requires_specialization,,3,,,,,,,,,,,,,,General,Tue Jan 14 2020 21:16:32 GMT-0500 (Eastern Standard Time),,,,,wta_merits
YN3fiFKhN5,,,,,,"{""*"":{""read"":true},""role:Administrator"":{""read"":true,""write"":true}}",Crippled,Tue Jan 14 2020 21:16:12 GMT-0500 (Eastern Standard Time),,,,5,,,,,,,,,,,,,,,Tue Jan 14 2020 21:16:12 GMT-0500 (Eastern Standard Time),,,,,ctdbs_flaws
YP2PtTxa3p,,,,,,"{""*"":{""read"":true},""role:Administrator"":{""read"":true,""write"":true}}",Monster,Tue Jan 14 2020 21:16:10 GMT-0500 (Eastern Standard Time),,,,,,,,,,,,,,,,,,,Tue Jan 14 2020 21:16:10 GMT-0500 (Eastern Standard Time),,,,,archetypes_2
YRBRZtexSp,,,,,,"{""*"":{""read"":true},""role:Administrator"":{""read"":true,""write"":true}}",Necromancy: Chill of Oblivion,Tue Jan 14 2020 21:16:22 GMT-0500 (Eastern Standard Time),,,,5,,,,,,,,,,,,,,,Tue Jan 14 2020 21:16:22 GMT-0500 (Eastern Standard Time),,,,,rituals
YSLXuhiyxf,,,,,,"{""*"":{""read"":true},""role:Administrator"":{""read"":true,""write"":true}}",Security,Tue Jan 14 2020 21:16:33 GMT-0500 (Eastern Standard Time),,,,,,,,,,,,,,,,,,,Tue Jan 14 2020 21:16:33 GMT-0500 (Eastern Standard Time),,,,,wta_territory_specializations
YSewAoCSse,,,,,,"{""*"":{""read"":true},""role:Administrator"":{""read"":true,""write"":true}}",House Dougal,Tue Jan 14 2020 21:16:16 GMT-0500 (Eastern Standard Time),,,,,,,,,,,,,,,,,,,Tue Jan 14 2020 21:16:16 GMT-0500 (Eastern Standard Time),,,,,ctdbs_noble_houses
YU2EZhcnJr,,,,,,"{""*"":{""read"":true},""role:Administrator"":{""read"":true,""write"":true}}",Stength of the Dominator,Tue Jan 14 2020 21:16:30 GMT-0500 (Eastern Standard Time),,,,5,,,,,,,,,Wits,,,Yes,Shadow Lords,Tribal,Tue Jan 14 2020 21:16:30 GMT-0500 (Eastern Standard Time),,,,,wta_gifts
YYVDPdUCv6,,,,,,"{""*"":{""read"":true},""role:Administrator"":{""read"":true,""write"":true}}",Curse of Aeolus,Tue Jan 14 2020 21:16:28 GMT-0500 (Eastern Standard Time),,,,3,,,,,,,,,Wits,,,No,Black Furies,Tribal,Tue Jan 14 2020 21:16:28 GMT-0500 (Eastern Standard Time),,,,,wta_gifts
YZ3Xro20ro,,,,,,"{""*"":{""read"":true},""role:Administrator"":{""read"":true,""write"":true}}",Actor,Tue Jan 14 2020 21:16:16 GMT-0500 (Eastern Standard Time),1,,,,,,,,,,,,,,,,,,Tue Jan 14 2020 21:16:16 GMT-0500 (Eastern Standard Time),,,,,ctdbs_realms
YaGy0nvAma,,,,,,"{""*"":{""read"":true},""role:Administrator"":{""read"":true,""write"":true}}",Lucky,Tue Jan 14 2020 21:16:21 GMT-0500 (Eastern Standard Time),,,,2,,"Once per combat, downgrade an opponent's exceptional success to a normal one.",,,,,,,,,,,,General,Tue Jan 14 2020 21:16:21 GMT-0500 (Eastern Standard Time),,,,,merits
Yd3U0hSxcn,,requires_specialization,,,,"{""*"":{""read"":true},""role:Administrator"":{""read"":true,""write"":true}}",Branded,Tue Jan 14 2020 21:16:27 GMT-0500 (Eastern Standard Time),,requires_specialization,,3,,,,,,,,,,,,,,,Tue Jan 14 2020 21:16:27 GMT-0500 (Eastern Standard Time),,,,,wta_flaws
YdL644lZcC,,,,,,"{""*"":{""read"":true},""role:Administrator"":{""read"":true,""write"":true}}",Homid,Tue Jan 14 2020 21:16:27 GMT-0500 (Eastern Standard Time),,,,,,Homid breed may vent rage quicker; tool user,,,,,,,,,,,,Corax,Tue Jan 14 2020 21:16:27 GMT-0500 (Eastern Standard Time),,,,,wta_forms
Ye97wPeYhc,,,,,,"{""*"":{""read"":true},""role:Administrator"":{""read"":true,""write"":true}}",Skillful,Tue Jan 14 2020 21:16:26 GMT-0500 (Eastern Standard Time),,,,1,,,,Weapon,,,,,,,,,,,Tue Jan 14 2020 21:16:26 GMT-0500 (Eastern Standard Time),,,,,wta_fetish_traits
YenZhu2tTP,,,,,,"{""*"":{""read"":true},""role:Administrator"":{""read"":true,""write"":true}}",Razor Claws,Tue Jan 14 2020 21:16:29 GMT-0500 (Eastern Standard Time),,,,1,,,,,,,,,Wits,,,No,Ahroun,General,Tue Jan 14 2020 21:16:29 GMT-0500 (Eastern Standard Time),Metis,,,,wta_gifts
Yf8QhPC2D9,,,,,,"{""*"":{""read"":true},""role:Administrator"":{""read"":true,""write"":true}}",Crinos,Tue Jan 14 2020 21:16:27 GMT-0500 (Eastern Standard Time),,,,,,Aggravted Claw & Bite attacks; +4 Brawl and Melee attacks; use custom tools,,,,,,,Strength: +6 Brawl & Melee,,,,,Bastet,Tue Jan 14 2020 21:16:27 GMT-0500 (Eastern Standard Time),,,,,wta_forms
YgLo3rfTUH,,,,,,"{""*"":{""read"":true},""role:Administrator"":{""read"":true,""write"":true}}",Subterfuge,Tue Jan 14 2020 21:16:23 GMT-0500 (Eastern Standard Time),0,,,,,,,,,,,,,,unknown,,,,Tue Jan 14 2020 21:16:23 GMT-0500 (Eastern Standard Time),,,,,skills
YkDDG58QTj,,,,,,"{""*"":{""read"":true},""role:Administrator"":{""read"":true,""write"":true}}",Agent,Sun Feb 15 2026 13:14:10 GMT-0500 (Eastern Standard Time),,,,,,,,,,,,,,,,,,Sabbat,Tue Jan 14 2020 21:16:25 GMT-0500 (Eastern Standard Time),,,,,titles
YkoZXvoEaA,,,,,,"{""*"":{""read"":true},""role:Administrator"":{""read"":true,""write"":true}}",Know-It-All,Tue Jan 14 2020 21:16:09 GMT-0500 (Eastern Standard Time),,,,,,,,,,,,,,,,,,,Tue Jan 14 2020 21:16:09 GMT-0500 (Eastern Standard Time),,,,,archetype_2
YkpgdqSbz5,,,,,,"{""*"":{""read"":true},""role:Administrator"":{""read"":true,""write"":true}}",Mercenary,Tue Jan 14 2020 21:16:09 GMT-0500 (Eastern Standard Time),,,,,,,,,,,,,,,,,,,Tue Jan 14 2020 21:16:09 GMT-0500 (Eastern Standard Time),,,,,archetype_2
YpKmdvLJ3y,,,,,,"{""*"":{""read"":true},""role:Administrator"":{""read"":true,""write"":true}}",Necromancy: Lethe's Waters,Tue Jan 14 2020 21:16:22 GMT-0500 (Eastern Standard Time),,,,4,,,,,,,,,,,,,,,Tue Jan 14 2020 21:16:22 GMT-0500 (Eastern Standard Time),,,,,rituals
Yr2UMgoocH,,,,,,"{""*"":{""read"":true},""role:Administrator"":{""read"":true,""write"":true}}",Thaumaturgy: Illusion of Peaceful Death,Tue Jan 14 2020 21:16:23 GMT-0500 (Eastern Standard Time),,,,2,,,,,,,,,,,,,,,Tue Jan 14 2020 21:16:23 GMT-0500 (Eastern Standard Time),,,,,rituals
Yrs2b7TDx2,,,,No,,"{""*"":{""read"":true},""role:Administrator"":{""read"":true,""write"":true}}",Spirit Pact,Tue Jan 14 2020 21:16:25 GMT-0500 (Eastern Standard Time),,,,,,,,,,,,,,No,,,,,Tue Jan 14 2020 21:16:25 GMT-0500 (Eastern Standard Time),,,,,wta_backgrounds
YtHxomsY6L,,,,,,"{""*"":{""read"":true},""role:Administrator"":{""read"":true,""write"":true}}",Biology,Tue Jan 14 2020 21:16:09 GMT-0500 (Eastern Standard Time),1,,,,,,,,,,,,,,,,,,Tue Jan 14 2020 21:16:09 GMT-0500 (Eastern Standard Time),,,,,academics_specializations
YwcyANKqBE,,Brujah: True Brujah,,,,"{""*"":{""read"":true},""role:Administrator"":{""read"":true,""write"":true}}",Path of Scorched Heart,Tue Jan 14 2020 21:16:21 GMT-0500 (Eastern Standard Time),,,,3,,,,,,,,,,,,,,Morality,Tue Jan 14 2020 21:16:21 GMT-0500 (Eastern Standard Time),,,,,merits
YxXkDPxXUF,,,,,,"{""*"":{""read"":true},""role:Administrator"":{""read"":true,""write"":true}}",House Gwydion,Tue Jan 14 2020 21:16:16 GMT-0500 (Eastern Standard Time),,,,,,,,,,,,,,,,,,,Tue Jan 14 2020 21:16:16 GMT-0500 (Eastern Standard Time),,,,,ctdbs_noble_houses
Yxfk6tISPR,,,,,,"{""*"":{""read"":true},""role:Administrator"":{""read"":true,""write"":true}}",Beastial Allure,Tue Jan 14 2020 21:16:24 GMT-0500 (Eastern Standard Time),,,,,,,,,,,,,,,,,,,Tue Jan 14 2020 21:16:24 GMT-0500 (Eastern Standard Time),,,,,techniques
YyC4zJFGHb,,,,,,"{""*"":{""read"":true},""role:Administrator"":{""read"":true,""write"":true}}",Caregiver,Tue Jan 14 2020 21:16:10 GMT-0500 (Eastern Standard Time),,,,,,,,,,,,,,,,,,,Tue Jan 14 2020 21:16:10 GMT-0500 (Eastern Standard Time),,,,,archetypes_2
YztIaBXWEv,,,,,,"{""*"":{""read"":true},""role:Administrator"":{""read"":true,""write"":true}}",Defensive,Tue Jan 14 2020 21:16:33 GMT-0500 (Eastern Standard Time),,,,,,,,,,,,,,,,,,,Tue Jan 14 2020 21:16:33 GMT-0500 (Eastern Standard Time),,,,,wta_totem_bonus_traits
Z0DvOYpBjm,,,,,,"{""*"":{""read"":true},""role:Administrator"":{""read"":true,""write"":true}}",Uncommon Clan,Tue Jan 14 2020 21:16:22 GMT-0500 (Eastern Standard Time),,,,2,,,,,,,,,,,,,,,Tue Jan 14 2020 21:16:22 GMT-0500 (Eastern Standard Time),,,,,merits
Z0umMPRM30,,,,,,"{""*"":{""read"":true},""role:Administrator"":{""read"":true,""write"":true}}",Thaumaturgy: Machine Blitz,Tue Jan 14 2020 21:16:23 GMT-0500 (Eastern Standard Time),,,,2,,,,,,,,,,,,,,,Tue Jan 14 2020 21:16:23 GMT-0500 (Eastern Standard Time),,,,,rituals
Z2jXU19G45,,,,,,"{""*"":{""read"":true},""role:Administrator"":{""read"":true,""write"":true}}",Enochian,Sat Feb 14 2026 18:11:48 GMT-0500 (Eastern Standard Time),1,,,,,,,,,,,,,,,,,,Tue Jan 14 2020 21:16:19 GMT-0500 (Eastern Standard Time),,,,,linguistics_specializations
Z3IFG8ieev,,,,,,"{""*"":{""read"":true},""role:Administrator"":{""read"":true,""write"":true}}",Curious,Tue Jan 14 2020 21:16:10 GMT-0500 (Eastern Standard Time),,,,,,,,,,,,,,,,,,,Tue Jan 14 2020 21:16:10 GMT-0500 (Eastern Standard Time),,,,,archetype_2s
Z3YcLU0HQU,,,,,,"{""*"":{""read"":true},""role:Administrator"":{""read"":true,""write"":true}}",Inquisition Membership,Tue Jan 14 2020 21:16:21 GMT-0500 (Eastern Standard Time),,,,2,,"Gain the innate status Purified, +3 to  resist all infernal powers and infernal merits, and +3 to Dodge based defensive pools against demons and character who possess infernal powers or merits.",,,,,,,,,,,,Sabbat,Tue Jan 14 2020 21:16:21 GMT-0500 (Eastern Standard Time),,,,,merits
Z4CFTBhBpC,,,,,,"{""*"":{""read"":true},""role:Administrator"":{""read"":true,""write"":true}}",Bloodline: Coyote,Tue Jan 14 2020 21:16:20 GMT-0500 (Eastern Standard Time),,,,2,,,,,,,,,,,,,,,Tue Jan 14 2020 21:16:20 GMT-0500 (Eastern Standard Time),,,,,merits
Z8chL0lsNL,,,,,,"{""*"":{""read"":true},""role:Administrator"":{""read"":true,""write"":true}}",Trick Shot,Tue Jan 14 2020 21:16:30 GMT-0500 (Eastern Standard Time),,,,3,,,,,,,,,Perception,,,No,Ragabash,General,Tue Jan 14 2020 21:16:30 GMT-0500 (Eastern Standard Time),Homid,,,,wta_gifts
Z9r5SvH35O,,,,,,"{""*"":{""read"":true},""role:Administrator"":{""read"":true,""write"":true}}",Loyal Heart,Tue Jan 14 2020 21:16:15 GMT-0500 (Eastern Standard Time),,,,2,,,,,,,,,,,,,,,Tue Jan 14 2020 21:16:15 GMT-0500 (Eastern Standard Time),,,,,ctdbs_merits
ZBLPDfbzTA,,,,,,"{""*"":{""read"":true},""role:Administrator"":{""read"":true,""write"":true}}",Fame,Sun Jan 26 2020 15:30:12 GMT-0500 (Eastern Standard Time),0,,,,,,,,,,,,,,99,,,,Tue Jan 14 2020 21:16:11 GMT-0500 (Eastern Standard Time),,,,,backgrounds
ZEst7IcE5y,,,,,,"{""*"":{""read"":true},""role:Administrator"":{""read"":true,""write"":true}}",Luxury,Tue Jan 14 2020 21:16:19 GMT-0500 (Eastern Standard Time),3,,,,,,,,,,,,,,,,,,Tue Jan 14 2020 21:16:19 GMT-0500 (Eastern Standard Time),,,,,haven_specializations
ZI9XoSD5Ev,,,,,,"{""*"":{""read"":true},""role:Administrator"":{""read"":true,""write"":true}}",Metis,Tue Jan 14 2020 21:16:25 GMT-0500 (Eastern Standard Time),,,,,,,,,,,,,,,,,,,Tue Jan 14 2020 21:16:25 GMT-0500 (Eastern Standard Time),,,,,wta_breeds
ZIY4mXcEaP,,,,,,"{""*"":{""read"":true},""role:Administrator"":{""read"":true,""write"":true}}",Baali,Tue Aug 31 2021 02:28:47 GMT-0400 (Eastern Daylight Time),,,,,,,,,,,,,,,,,,,Tue Jan 14 2020 21:16:11 GMT-0500 (Eastern Standard Time),,,,,clans
ZIihyEueY2,,,,,,"{""*"":{""read"":true},""role:Administrator"":{""read"":true,""write"":true}}",Mental,Tue Jan 14 2020 21:16:11 GMT-0500 (Eastern Standard Time),2,,,,,,,,,,,,,,,,,,Tue Jan 14 2020 21:16:11 GMT-0500 (Eastern Standard Time),,,,,attributes
ZMGje2OFa0,,,,,,"{""*"":{""read"":true},""role:Administrator"":{""read"":true,""write"":true}}",Wyld at Heart,Tue Jan 14 2020 21:16:15 GMT-0500 (Eastern Standard Time),,,,3,,,,,,,,,,,,,,,Tue Jan 14 2020 21:16:15 GMT-0500 (Eastern Standard Time),,,,,ctdbs_merits
ZOzyKYYACL,,,,,,"{""*"":{""read"":true},""role:Administrator"":{""read"":true,""write"":true}}",Karavalanisha Vrana/Wounds of the Night�s Sword,Tue Jan 14 2020 21:16:25 GMT-0500 (Eastern Standard Time),26,,,,,,,,,,,,,,,,,,Tue Jan 14 2020 21:16:25 GMT-0500 (Eastern Standard Time),,,,,vampiric_texts
ZPVxvCR6BV,,,,,,"{""*"":{""read"":true},""role:Administrator"":{""read"":true,""write"":true}}",Gangrel: Ahrimanes,Tue Aug 31 2021 02:28:48 GMT-0400 (Eastern Daylight Time),,,,,,,,,,,,,,,,,,,Tue Jan 14 2020 21:16:11 GMT-0500 (Eastern Standard Time),,,,,clans
ZQf6m8xG6O,,,,,,"{""*"":{""read"":true},""role:Administrator"":{""read"":true,""write"":true}}",Wyrmspeak,Tue Jan 14 2020 21:16:32 GMT-0500 (Eastern Standard Time),,,,1,,,,,,,,,,,,,,General,Tue Jan 14 2020 21:16:32 GMT-0500 (Eastern Standard Time),,,,,wta_merits
ZUivMu5MNY,,,,,,"{""*"":{""read"":true},""role:Administrator"":{""read"":true,""write"":true}}",Thousand Forms,Tue Jan 14 2020 21:16:30 GMT-0500 (Eastern Standard Time),,,,3,,,,,,,,,Wits,,,No,Ragabash,General,Tue Jan 14 2020 21:16:30 GMT-0500 (Eastern Standard Time),Theurge,,Lupus,,wta_gifts
ZYzFvDo2m1,,,Sabbat,,,"{""*"":{""read"":true},""role:Administrator"":{""read"":true,""write"":true}}",Scholar,Thu Feb 13 2020 22:50:15 GMT-0500 (Eastern Standard Time),,,,,,,,,,,,,,,,,,Fleeting,Tue Jan 14 2020 21:16:24 GMT-0500 (Eastern Standard Time),,,,,status_traits
ZaxWQlbmyS,,,,,,"{""*"":{""read"":true},""role:Administrator"":{""read"":true,""write"":true}}",Inceptor,Tue Jan 14 2020 21:16:21 GMT-0500 (Eastern Standard Time),,Caitiff,,2,,,,,,,,,,,46,,,,Tue Jan 14 2020 21:16:21 GMT-0500 (Eastern Standard Time),,,,,merits
ZbB4u8AwCm,,,,,,"{""*"":{""read"":true},""role:Administrator"":{""read"":true,""write"":true}}",Versatile,Tue Jan 14 2020 21:16:22 GMT-0500 (Eastern Standard Time),,,,3,,"Choose 1 attribute category (Physical, Social, Mental) and select an additional focus for that attribute.",,,,,,,,,,,,General,Tue Jan 14 2020 21:16:22 GMT-0500 (Eastern Standard Time),,,,,merits
ZbyV4FUyeX,,,,,,"{""*"":{""read"":true},""role:Administrator"":{""read"":true,""write"":true}}",Devouring,Tue Jan 14 2020 21:16:26 GMT-0500 (Eastern Standard Time),,,,3,,,,Weapon,,,,,,,,,,,Tue Jan 14 2020 21:16:26 GMT-0500 (Eastern Standard Time),,,,,wta_fetish_traits
ZcgHCFTkma,,,,,,"{""*"":{""read"":true},""role:Administrator"":{""read"":true,""write"":true}}",Con Artist,Tue Jan 14 2020 21:16:10 GMT-0500 (Eastern Standard Time),,,,,,,,,,,,,,,,,,,Tue Jan 14 2020 21:16:10 GMT-0500 (Eastern Standard Time),,,,,archetypes_2
ZdJjuCbtt5,,,,,,"{""*"":{""read"":true},""role:Administrator"":{""read"":true,""write"":true}}",Luna's Blessing,Tue Jan 14 2020 21:16:29 GMT-0500 (Eastern Standard Time),,,,2,,,,,,,,,Intelligence,,,No,Ragabash,General,Tue Jan 14 2020 21:16:29 GMT-0500 (Eastern Standard Time),Ahroun,,,,wta_gifts
ZfHaY4QQNa,,,,,,"{""*"":{""read"":true},""role:Administrator"":{""read"":true,""write"":true}}",Loa's Rebirth,Tue Jan 14 2020 21:16:21 GMT-0500 (Eastern Standard Time),,CappadocianSamedi,,3,,,,,,,,,,,49,,,,Tue Jan 14 2020 21:16:21 GMT-0500 (Eastern Standard Time),,,,,merits
ZjS59j4WjO,,,,,,"{""*"":{""read"":true},""role:Administrator"":{""read"":true,""write"":true}}",Center of Attention,Tue Jan 14 2020 21:16:28 GMT-0500 (Eastern Standard Time),,,,1,,,,,,,,,Appearance,,,No,Bastet,Fera,Tue Jan 14 2020 21:16:28 GMT-0500 (Eastern Standard Time),,,,,wta_gifts
Zjj2ICuk5W,,,General,,,"{""*"":{""read"":true},""role:Administrator"":{""read"":true,""write"":true}}",Disgraced,Thu Feb 13 2020 22:50:13 GMT-0500 (Eastern Standard Time),,,,,,,,,,,,,,,,,,Negative,Tue Jan 14 2020 21:16:23 GMT-0500 (Eastern Standard Time),,,,,status_traits
ZlFuF2h0zW,,,,,,"{""*"":{""read"":true},""role:Administrator"":{""read"":true,""write"":true}}",Spirit Skin,Tue Jan 14 2020 21:16:30 GMT-0500 (Eastern Standard Time),,,,1,,,,,,,,,Wits,,,Yes,Ragabash,General,Tue Jan 14 2020 21:16:30 GMT-0500 (Eastern Standard Time),Theurge,,,,wta_gifts
ZmMNKks4yV,,,,,,"{""*"":{""read"":true},""role:Administrator"":{""read"":true,""write"":true}}",Named,Tue Jan 14 2020 21:16:26 GMT-0500 (Eastern Standard Time),,,Cantrip,1,,,,,,,,,,,,,,,Tue Jan 14 2020 21:16:26 GMT-0500 (Eastern Standard Time),,,,,wta_fetish_traits
a0QCWE3QIr,,Rokea,,,,"{""*"":{""read"":true},""role:Administrator"":{""read"":true,""write"":true}}",Tainted Consumption,Tue Jan 14 2020 21:16:26 GMT-0500 (Eastern Standard Time),,,,,,,,,,,,,,,,,,,Tue Jan 14 2020 21:16:26 GMT-0500 (Eastern Standard Time),,,,,wta_camps
a14bdCm5z2,,,,,,"{""*"":{""read"":true},""role:Administrator"":{""read"":true,""write"":true}}",Necromancy: Eyes of the Grave,Tue Jan 14 2020 21:16:22 GMT-0500 (Eastern Standard Time),,,,1,,,,,,,,,,,,,,,Tue Jan 14 2020 21:16:22 GMT-0500 (Eastern Standard Time),,,,,rituals
a2zGiQAmkY,,,Anarch,,,"{""*"":{""read"":true},""role:Administrator"":{""read"":true,""write"":true}}",Moniker,Thu Feb 13 2020 22:50:14 GMT-0500 (Eastern Standard Time),,,,,,,,,,,,,,,,,,Abiding,Tue Jan 14 2020 21:16:23 GMT-0500 (Eastern Standard Time),,,,,status_traits
a3vKMlC4BO,,,,,,"{""*"":{""read"":true},""role:Administrator"":{""read"":true,""write"":true}}",Amnesia,Tue Jan 14 2020 21:16:12 GMT-0500 (Eastern Standard Time),,,,1,,,,,,,,,,,,,,,Tue Jan 14 2020 21:16:12 GMT-0500 (Eastern Standard Time),,,,,ctdbs_flaws
a6syZXor6f,,,,,,"{""*"":{""read"":true},""role:Administrator"":{""read"":true,""write"":true}}",Thaumaturgy: Deflection of Wooden Doom,Tue Jan 14 2020 21:16:23 GMT-0500 (Eastern Standard Time),,,,1,,,,,,,,,,,,,,,Tue Jan 14 2020 21:16:23 GMT-0500 (Eastern Standard Time),,,,,rituals
a8PYMFcELP,,,,,,"{""*"":{""read"":true},""role:Administrator"":{""read"":true,""write"":true}}",Visions of the True Form,Tue Jan 14 2020 21:16:25 GMT-0500 (Eastern Standard Time),,,,,,,,,,,,,,,,,,,Tue Jan 14 2020 21:16:25 GMT-0500 (Eastern Standard Time),,,,,techniques
a8ciH67EBH,,,,,,"{""*"":{""read"":true},""role:Administrator"":{""read"":true,""write"":true}}",Tainted Embrace,Tue Jan 14 2020 21:16:19 GMT-0500 (Eastern Standard Time),,,,2,,Max fleeting Status is 1 less than normal.,,,,,,,,,,,,Camarilla,Tue Jan 14 2020 21:16:19 GMT-0500 (Eastern Standard Time),,,,,flaws
a9rWZ5dbML,,,,,,"{""*"":{""read"":true},""role:Administrator"":{""read"":true,""write"":true}}",Catholic churches,Sat Feb 14 2026 18:10:12 GMT-0500 (Eastern Standard Time),1,,,,,,,,,,,,,,,,,,Tue Jan 14 2020 21:16:19 GMT-0500 (Eastern Standard Time),,,,,influence_underworld_specializations
aA20mfivf8,,,,,,"{""*"":{""read"":true},""role:Administrator"":{""read"":true,""write"":true}}",Penitent,Tue Jan 14 2020 21:16:09 GMT-0500 (Eastern Standard Time),,,,,,,,,,,,,,,,,,,Tue Jan 14 2020 21:16:09 GMT-0500 (Eastern Standard Time),,,,,archetype_2
aArC5AIdnQ,,,,,,"{""*"":{""read"":true},""role:Administrator"":{""read"":true,""write"":true}}",Survivor,Tue Jan 14 2020 21:16:10 GMT-0500 (Eastern Standard Time),,,,,,,,,,,,,,,,,,,Tue Jan 14 2020 21:16:10 GMT-0500 (Eastern Standard Time),,,,,archetype_2
aDQR57ygBp,,,,,,"{""*"":{""read"":true},""role:Administrator"":{""read"":true,""write"":true}}",Empathy,Tue Jan 14 2020 21:16:23 GMT-0500 (Eastern Standard Time),0,,,,,,,,,,,,,,unknown,,,,Tue Jan 14 2020 21:16:23 GMT-0500 (Eastern Standard Time),,,,,skills
aE6i6A7s53,,,,,,"{""*"":{""read"":true},""role:Administrator"":{""read"":true,""write"":true}}",Arcane,Tue Jan 14 2020 21:16:20 GMT-0500 (Eastern Standard Time),,,,1,,"People forget character, paper trails disappear and computer files are randomly lost.",,,,,,,,,,,,General,Tue Jan 14 2020 21:16:20 GMT-0500 (Eastern Standard Time),,,,,merits
aFCoeJyK9r,,,,,,"{""*"":{""read"":true},""role:Administrator"":{""read"":true,""write"":true}}",Impatient,Tue Jan 14 2020 21:16:27 GMT-0500 (Eastern Standard Time),,,,2,,,,,,,,,,,,,,,Tue Jan 14 2020 21:16:27 GMT-0500 (Eastern Standard Time),,,,,wta_flaws
aPbB1wBpCE,,,,,,"{""*"":{""read"":true},""role:Administrator"":{""read"":true,""write"":true}}",Negating,Tue Jan 14 2020 21:16:26 GMT-0500 (Eastern Standard Time),,,,3,,,Fetish,,,,,,,,,,,,Tue Jan 14 2020 21:16:26 GMT-0500 (Eastern Standard Time),,,,,wta_fetish_traits
aPlyHvb0IX,,,,,,"{""*"":{""read"":true},""role:Administrator"":{""read"":true,""write"":true}}",Steady Hooves,Tue Jan 14 2020 21:16:15 GMT-0500 (Eastern Standard Time),,,,3,,,,,,,,,,,,,,,Tue Jan 14 2020 21:16:15 GMT-0500 (Eastern Standard Time),,,,,ctdbs_merits
aUfemXSLSN,,,,,,"{""*"":{""read"":true},""role:Administrator"":{""read"":true,""write"":true}}",The Journal(s) of Rothriel,Tue Jan 14 2020 21:16:25 GMT-0500 (Eastern Standard Time),23,,,,,,,,,,,,,,,,,,Tue Jan 14 2020 21:16:25 GMT-0500 (Eastern Standard Time),,,,,vampiric_texts
aWAq6Gam5H,,,,,,"{""*"":{""read"":true},""role:Administrator"":{""read"":true,""write"":true}}",Black Furies,Tue Jan 14 2020 21:16:17 GMT-0500 (Eastern Standard Time),,,,,,,,,,,,,,,,,,,Tue Jan 14 2020 21:16:17 GMT-0500 (Eastern Standard Time),,,,,extra_affinity_links
aXz0DOf051,,,Camarilla,,,"{""*"":{""read"":true},""role:Administrator"":{""read"":true,""write"":true}}",Guardian,Thu Feb 13 2020 22:50:13 GMT-0500 (Eastern Standard Time),,,,,,,,,,,,,,,,,,Abiding,Tue Jan 14 2020 21:16:23 GMT-0500 (Eastern Standard Time),,,,,status_traits
aYiM2wHTHj,,,,,,"{""*"":{""read"":true},""role:Administrator"":{""read"":true,""write"":true}}",Freak,Tue Jan 14 2020 21:16:10 GMT-0500 (Eastern Standard Time),,,,,,,,,,,,,,,,,,,Tue Jan 14 2020 21:16:10 GMT-0500 (Eastern Standard Time),,,,,archetypes
aZSdD9ckLI,,,Camarilla,,,"{""*"":{""read"":true},""role:Administrator"":{""read"":true,""write"":true}}",Acknowledged,Thu Feb 13 2020 22:50:12 GMT-0500 (Eastern Standard Time),,,,,,,,,,,,,,,,,,Accepted,Tue Jan 14 2020 21:16:23 GMT-0500 (Eastern Standard Time),,,,,status_traits
abcy5HwJBU,,,,,,"{""*"":{""read"":true},""role:Administrator"":{""read"":true,""write"":true}}",Satyr,Tue Jan 14 2020 21:16:13 GMT-0500 (Eastern Standard Time),8,,,,,,,,,,,,,,,,,,Tue Jan 14 2020 21:16:13 GMT-0500 (Eastern Standard Time),,,,,ctdbs_kiths
ac7qdbq41A,,,,,,"{""*"":{""read"":true},""role:Administrator"":{""read"":true,""write"":true}}",Theurge,Tue Jan 14 2020 21:16:25 GMT-0500 (Eastern Standard Time),,,Animal Ken,,Awareness,,,Survival,Occult,,,,,,,,,,Tue Jan 14 2020 21:16:25 GMT-0500 (Eastern Standard Time),,,,,wta_auspices
ad73CUe7ZZ,,,,,,"{""*"":{""read"":true},""role:Administrator"":{""read"":true,""write"":true}}",Necromancy: Weight of the Tomb,Tue Jan 14 2020 21:16:22 GMT-0500 (Eastern Standard Time),,,,5,,,,,,,,,,,,,,,Tue Jan 14 2020 21:16:22 GMT-0500 (Eastern Standard Time),,,,,rituals
ag1LNiDMHE,,,,,,"{""*"":{""read"":true},""role:Administrator"":{""read"":true,""write"":true}}",Illiterate,Tue Jan 14 2020 21:16:27 GMT-0500 (Eastern Standard Time),,,,1,,,,,,,,,,,,,,,Tue Jan 14 2020 21:16:27 GMT-0500 (Eastern Standard Time),,,,,wta_flaws
ag2O7xoA4c,,Toreador,,,,"{""*"":{""read"":true},""role:Administrator"":{""read"":true,""write"":true}}",Dancer's Grace,Sat Mar 07 2020 10:07:25 GMT-0500 (Eastern Standard Time),,,,3,,"Once per turn, gain free retest on Physical + Dodge pools. Can be used before or after the normal Willpower retest. Exception to rules limiting retests. Can be used in Celerity rounds, but only once per turn.",,,,,,,,,,,,Clan,Tue Jan 14 2020 21:16:20 GMT-0500 (Eastern Standard Time),,,,,merits
agfat6Djsg,,,,,,"{""*"":{""read"":true},""role:Administrator"":{""read"":true,""write"":true}}",Short Fuse,Tue Jan 14 2020 21:16:19 GMT-0500 (Eastern Standard Time),,,,2,,Considered as having +1 Beast trait when determining frenzy. Cannot be taken by Brujah.,,,,,,,,,,,,General,Tue Jan 14 2020 21:16:19 GMT-0500 (Eastern Standard Time),,,,,flaws
ahCwThZ6Hf,,,,,,"{""*"":{""read"":true},""role:Administrator"":{""read"":true,""write"":true}}",Masterwork,Tue Jan 14 2020 21:16:31 GMT-0500 (Eastern Standard Time),,,Melee,,Ranged,,Armor,General,,,,,,,,,,,Tue Jan 14 2020 21:16:31 GMT-0500 (Eastern Standard Time),,,,,wta_item_traits
ai6GpDxfL0,,,,,,"{""*"":{""read"":true},""role:Administrator"":{""read"":true,""write"":true}}",Malkavian: Knights of the Moon,Tue Aug 31 2021 02:28:48 GMT-0400 (Eastern Daylight Time),,,,,,,,,,,,,,,,,,,Tue Jan 14 2020 21:16:11 GMT-0500 (Eastern Standard Time),,,,,clans
amdlgUVWZX,,Ratkin,,,,"{""*"":{""read"":true},""role:Administrator"":{""read"":true,""write"":true}}",Engineers,Tue Jan 14 2020 21:16:25 GMT-0500 (Eastern Standard Time),,,,,,,,,,,,,,,,,,,Tue Jan 14 2020 21:16:25 GMT-0500 (Eastern Standard Time),,,,,wta_camps
anIfEmu7Vk,,Red Talons,,,,"{""*"":{""read"":true},""role:Administrator"":{""read"":true,""write"":true}}",Whelp's Compromise,Tue Jan 14 2020 21:16:26 GMT-0500 (Eastern Standard Time),,,,,,,,,,,,,,,,,,,Tue Jan 14 2020 21:16:26 GMT-0500 (Eastern Standard Time),,,,,wta_camps
aplzhydMgL,,,,,,"{""*"":{""read"":true},""role:Administrator"":{""read"":true,""write"":true}}",Religion,Tue Jan 14 2020 21:16:09 GMT-0500 (Eastern Standard Time),1,,,,,,,,,,,,,,,,,,Tue Jan 14 2020 21:16:09 GMT-0500 (Eastern Standard Time),,,,,academics_specializations
asSg9jXvc2,,,,,,"{""*"":{""read"":true},""role:Administrator"":{""read"":true,""write"":true}}",Tribe Affinity,Tue Jan 14 2020 21:16:32 GMT-0500 (Eastern Standard Time),,requires_specialization,,3,,,,,,,,,,,,,,General,Tue Jan 14 2020 21:16:32 GMT-0500 (Eastern Standard Time),,,,,wta_merits
atdsXwF5dn,,,,,,"{""*"":{""read"":true},""role:Administrator"":{""read"":true,""write"":true}}",Soul Shard,Tue Jan 14 2020 21:16:19 GMT-0500 (Eastern Standard Time),,,,3,,Cannot spend Willpower while Incapacitated.,,,,,,,,,,,,Sabbat,Tue Jan 14 2020 21:16:19 GMT-0500 (Eastern Standard Time),,,,,flaws
azvNuBVoDQ,,,,,,"{""*"":{""read"":true},""role:Administrator"":{""read"":true,""write"":true}}",Fighter,Tue Jan 14 2020 21:16:10 GMT-0500 (Eastern Standard Time),,,,,,,,,,,,,,,,,,,Tue Jan 14 2020 21:16:10 GMT-0500 (Eastern Standard Time),,,,,archetypes
b1AyNSE7q4,,Children Of Gaia,,,,"{""*"":{""read"":true},""role:Administrator"":{""read"":true,""write"":true}}",Imminent Strike,Tue Jan 14 2020 21:16:26 GMT-0500 (Eastern Standard Time),,,,,,,,,,,,,,,,,,,Tue Jan 14 2020 21:16:26 GMT-0500 (Eastern Standard Time),,,,,wta_camps
b6Lw8tEKuQ,,,,,,"{""*"":{""read"":true},""role:Administrator"":{""read"":true,""write"":true}}",Wild Hunt,Tue Jan 14 2020 21:16:23 GMT-0500 (Eastern Standard Time),,,,,,,,,,,,,,,,,,Auctoritas,Tue Jan 14 2020 21:16:23 GMT-0500 (Eastern Standard Time),,,,,sabbat_rituals
b6XTZd8slt,,,,,,"{""*"":{""read"":true},""role:Administrator"":{""read"":true,""write"":true}}",The Blessing of Atlas,Tue Jan 14 2020 21:16:15 GMT-0500 (Eastern Standard Time),,,,1,,,,,,,,,,,,,,,Tue Jan 14 2020 21:16:15 GMT-0500 (Eastern Standard Time),,,,,ctdbs_merits
b7zs5mBRG1,,,,,,"{""*"":{""read"":true},""role:Administrator"":{""read"":true,""write"":true}}",Monsterous,Tue Jan 14 2020 21:16:27 GMT-0500 (Eastern Standard Time),,,,3,,,,,,,,,,,,,,,Tue Jan 14 2020 21:16:27 GMT-0500 (Eastern Standard Time),,,,,wta_flaws
bAYoTQG7k8,,,,,,"{""*"":{""read"":true},""role:Administrator"":{""read"":true,""write"":true}}",Misplaced Affection,Tue Jan 14 2020 21:16:24 GMT-0500 (Eastern Standard Time),,,,,,,,,,,,,,,,,,,Tue Jan 14 2020 21:16:24 GMT-0500 (Eastern Standard Time),,,,,techniques
bBsJI7fC6p,,,,,,"{""*"":{""read"":true},""role:Administrator"":{""read"":true,""write"":true}}",Lupus,Tue Jan 14 2020 21:16:28 GMT-0500 (Eastern Standard Time),,,,,,Lupus may vent rage quicker; gain bite attack; track by sent; cannot use tools,,,,,,,,,,,,Garou,Tue Jan 14 2020 21:16:28 GMT-0500 (Eastern Standard Time),,,,,wta_forms
bCcqE3ewFd,,,Independent Alliance,,,"{""*"":{""read"":true},""role:Administrator"":{""read"":true,""write"":true}}",Cold,Thu Feb 13 2020 22:50:16 GMT-0500 (Eastern Standard Time),,,,,,,,,,,,,,,,,,Abiding,Thu Feb 13 2020 22:50:16 GMT-0500 (Eastern Standard Time),,,,,status_traits
bDGl3tYyTo,,,,,,"{""*"":{""read"":true},""role:Administrator"":{""read"":true,""write"":true}}",Fighter,Tue Jan 14 2020 21:16:10 GMT-0500 (Eastern Standard Time),,,,,,,,,,,,,,,,,,,Tue Jan 14 2020 21:16:10 GMT-0500 (Eastern Standard Time),,,,,archetypes_2
bFFavX4DLl,,Bone Gnawers,,,,"{""*"":{""read"":true},""role:Administrator"":{""read"":true,""write"":true}}",The Swarm,Tue Jan 14 2020 21:16:26 GMT-0500 (Eastern Standard Time),,,,,,,,,,,,,,,,,,,Tue Jan 14 2020 21:16:26 GMT-0500 (Eastern Standard Time),,,,,wta_camps
bNsROLiJbI,,,,,,"{""*"":{""read"":true},""role:Administrator"":{""read"":true,""write"":true}}",Security,Tue Jan 14 2020 21:16:23 GMT-0500 (Eastern Standard Time),0,,,,,,,,,,,,,,unknown,,,,Tue Jan 14 2020 21:16:23 GMT-0500 (Eastern Standard Time),,,,,skills
bRCBiKy1Ke,,,,,,"{""*"":{""read"":true},""role:Administrator"":{""read"":true,""write"":true}}",Careless,Tue Jan 14 2020 21:16:12 GMT-0500 (Eastern Standard Time),,,,1,,,,,,,,,,,,,,,Tue Jan 14 2020 21:16:12 GMT-0500 (Eastern Standard Time),,,,,ctdbs_flaws
bRuvYWJ2Wm,,,,,,"{""*"":{""read"":true},""role:Administrator"":{""read"":true,""write"":true}}",Rend the Shadow,Tue Jan 14 2020 21:16:29 GMT-0500 (Eastern Standard Time),,,,4,,,,,,,,,Intelligence,,,No,Shadow Lords,Tribal,Tue Jan 14 2020 21:16:29 GMT-0500 (Eastern Standard Time),,,,,wta_gifts
bUghY8ff44,,,,,,"{""*"":{""read"":true},""role:Administrator"":{""read"":true,""write"":true}}",Will to Survive,Tue Jan 14 2020 21:16:25 GMT-0500 (Eastern Standard Time),,,,,,,,,,,,,,,,,,,Tue Jan 14 2020 21:16:25 GMT-0500 (Eastern Standard Time),,,,,techniques
bWqlVwmZFT,,,,,,"{""*"":{""read"":true},""role:Administrator"":{""read"":true,""write"":true}}",Constable,Sun Feb 15 2026 13:14:10 GMT-0500 (Eastern Standard Time),,,,,,,,,,,,,,,,,,Anarch,Tue Jan 14 2020 21:16:25 GMT-0500 (Eastern Standard Time),,,,,titles
bWtcoTFv9x,,,,,,"{""*"":{""read"":true},""role:Administrator"":{""read"":true,""write"":true}}",Bedlam Prone,Tue Jan 14 2020 21:16:12 GMT-0500 (Eastern Standard Time),,,,2,,,,,,,,,,,,,,,Tue Jan 14 2020 21:16:12 GMT-0500 (Eastern Standard Time),,,,,ctdbs_flaws
bXSOBVdR58,,,,,,"{""*"":{""read"":true},""role:Administrator"":{""read"":true,""write"":true}}",Obtenebration: Shadow Twin,Tue Jan 14 2020 21:16:17 GMT-0500 (Eastern Standard Time),,,,,,,,,,,,,,,,,,,Tue Jan 14 2020 21:16:17 GMT-0500 (Eastern Standard Time),,,,,elder_disciplines
bbi8J7X1m2,,,,,,"{""*"":{""read"":true},""role:Administrator"":{""read"":true,""write"":true}}",Surreal Quality,Tue Jan 14 2020 21:16:12 GMT-0500 (Eastern Standard Time),,,,2,,,,,,,,,,,,,,,Tue Jan 14 2020 21:16:12 GMT-0500 (Eastern Standard Time),,,,,ctdbs_flaws
bdg07x40FG,,,,,,"{""*"":{""read"":true},""role:Administrator"":{""read"":true,""write"":true}}",Black Furies,Tue Jan 14 2020 21:16:33 GMT-0500 (Eastern Standard Time),1,,Bacchantes,,Order of the Merciful Mother,Seethe at Injustices,Sisterhood of Fortune,,,,,,,,,,,,Tue Jan 14 2020 21:16:33 GMT-0500 (Eastern Standard Time),,,,,wta_tribes
beuQTQXfPS,,,,,,"{""*"":{""read"":true},""role:Administrator"":{""read"":true,""write"":true}}",Old Habits,Tue Jan 14 2020 21:16:21 GMT-0500 (Eastern Standard Time),,ToreadorVolgirre,,3,,,,,,,,,,,41,,,,Tue Jan 14 2020 21:16:21 GMT-0500 (Eastern Standard Time),,,,,merits
biDp6uGFJU,,,,,,"{""*"":{""read"":true},""role:Administrator"":{""read"":true,""write"":true}}",Dark Fate,Tue Jan 14 2020 21:16:27 GMT-0500 (Eastern Standard Time),,,,5,,,,,,,,,,,,,,,Tue Jan 14 2020 21:16:27 GMT-0500 (Eastern Standard Time),,,,,wta_flaws
biEw9EtAYl,,,,,,"{""*"":{""read"":true},""role:Administrator"":{""read"":true,""write"":true}}",Power Broker,Tue Jan 14 2020 21:16:21 GMT-0500 (Eastern Standard Time),,Giovanni,,2,,,,,,,,,,,33,,,,Tue Jan 14 2020 21:16:21 GMT-0500 (Eastern Standard Time),,,,,merits
bnMfvPYCGJ,,,,,,"{""*"":{""read"":true},""role:Administrator"":{""read"":true,""write"":true}}",Ragabash,Tue Jan 14 2020 21:16:25 GMT-0500 (Eastern Standard Time),,,Dodge,,Security,,,Subterfuge,Stealth,,,,,,,,,,Tue Jan 14 2020 21:16:25 GMT-0500 (Eastern Standard Time),,,,,wta_auspices
bpCg67MSPA,,,,,,"{""*"":{""read"":true},""role:Administrator"":{""read"":true,""write"":true}}",Strength,Tue Jan 14 2020 21:16:19 GMT-0500 (Eastern Standard Time),0,,,,,,,,,,,,,,,,,,Tue Jan 14 2020 21:16:19 GMT-0500 (Eastern Standard Time),,,,,focus_physicals
bqLY433Gky,,,,,,"{""*"":{""read"":true},""role:Administrator"":{""read"":true,""write"":true}}",Obfuscate,Tue Jan 14 2020 21:16:18 GMT-0500 (Eastern Standard Time),,,,,,,,,,,,,,,,,,,Tue Jan 14 2020 21:16:18 GMT-0500 (Eastern Standard Time),,,,,extra_in_clan_disciplines
bqZhvIMa8E,,,,,,"{""*"":{""read"":true},""role:Administrator"":{""read"":true,""write"":true}}",Golconda Seeker,Tue Jan 14 2020 21:16:21 GMT-0500 (Eastern Standard Time),,,,5,,Choose one item from List 10. Must be Humanity 5+ and have Lore 4+ w/ the Golconda Lore specialty.,,,,,,,,,,,,General,Tue Jan 14 2020 21:16:21 GMT-0500 (Eastern Standard Time),,,,,merits
brUwL4NB3y,,,,,,"{""*"":{""read"":true},""role:Administrator"":{""read"":true,""write"":true}}",Gurahl,Tue Jan 14 2020 21:16:17 GMT-0500 (Eastern Standard Time),,,,,,,,,,,,,,,,,,,Tue Jan 14 2020 21:16:17 GMT-0500 (Eastern Standard Time),,,,,extra_affinity_links
bsxQ6vji8I,,,,,,"{""*"":{""read"":true},""role:Administrator"":{""read"":true,""write"":true}}",House Daireann,Tue Jan 14 2020 21:16:16 GMT-0500 (Eastern Standard Time),,,,,,,,,,,,,,,,,,,Tue Jan 14 2020 21:16:16 GMT-0500 (Eastern Standard Time),,,,,ctdbs_noble_houses
bt2lYeKXD2,,,,,,"{""*"":{""read"":true},""role:Administrator"":{""read"":true,""write"":true}}",Thousand Thunder Strike,Tue Jan 14 2020 21:16:30 GMT-0500 (Eastern Standard Time),,,,5,,,,,,,,,Manipulation,,,Yes,Bastet,Fera,Tue Jan 14 2020 21:16:30 GMT-0500 (Eastern Standard Time),,,,,wta_gifts
burKGJBZKL,,,,,,"{""*"":{""read"":true},""role:Administrator"":{""read"":true,""write"":true}}",Cunning Koan,Tue Jan 14 2020 21:16:28 GMT-0500 (Eastern Standard Time),,,,4,,,,,,,,,Perception,,,No,Stargazers,Tribal,Tue Jan 14 2020 21:16:28 GMT-0500 (Eastern Standard Time),,,,,wta_gifts
bwKr5CcZXC,,,Sabbat,,,"{""*"":{""read"":true},""role:Administrator"":{""read"":true,""write"":true}}",Ordained,Thu Feb 13 2020 22:50:14 GMT-0500 (Eastern Standard Time),,,,,,,,,,,,,,,,,,Abiding,Tue Jan 14 2020 21:16:23 GMT-0500 (Eastern Standard Time),,,,,status_traits
c06AnEORb7,,Bone Gnawers,,,,"{""*"":{""read"":true},""role:Administrator"":{""read"":true,""write"":true}}",Jury-Rigging,Tue Jan 14 2020 21:16:31 GMT-0500 (Eastern Standard Time),,,,2,,,,,,,,,,,,,,Tribal,Tue Jan 14 2020 21:16:31 GMT-0500 (Eastern Standard Time),,,,,wta_merits
c0P7oURzlA,,,,,,"{""*"":{""read"":true},""role:Administrator"":{""read"":true,""write"":true}}",Delirium of Voluptha,Tue Jan 14 2020 21:16:28 GMT-0500 (Eastern Standard Time),,,,1,,,,,,,,,Manipulation,,,Yes,Black Furies,Tribal,Tue Jan 14 2020 21:16:28 GMT-0500 (Eastern Standard Time),,,,,wta_gifts
c2MSpuw8tm,,,,,,"{""*"":{""read"":true},""role:Administrator"":{""read"":true,""write"":true}}",Escape Clause,Tue Jan 14 2020 21:16:24 GMT-0500 (Eastern Standard Time),,,,,,,,,,,,,,,,,,,Tue Jan 14 2020 21:16:24 GMT-0500 (Eastern Standard Time),,,,,techniques
c6WIuuAHCu,,,,,,"{""*"":{""read"":true},""role:Administrator"":{""read"":true,""write"":true}}",Preternatural Awareness,Tue Jan 14 2020 21:16:21 GMT-0500 (Eastern Standard Time),,MalkavianKnights of the Moon,,2,,,,,,,,,,,38,,,,Tue Jan 14 2020 21:16:21 GMT-0500 (Eastern Standard Time),,,,,merits
c8OvosH1YA,,,,,,"{""*"":{""read"":true},""role:Administrator"":{""read"":true,""write"":true}}",Children of Gaia,Tue Jan 14 2020 21:16:17 GMT-0500 (Eastern Standard Time),,,,,,,,,,,,,,,,,,,Tue Jan 14 2020 21:16:17 GMT-0500 (Eastern Standard Time),,,,,extra_affinity_links
cAo7UiNnFv,,Toreador,,,,"{""*"":{""read"":true},""role:Administrator"":{""read"":true,""write"":true}}",Artist's Blessing,Tue Jan 14 2020 21:16:20 GMT-0500 (Eastern Standard Time),,,,1,,Increases max level of all Craft and Performance skills by 2. Gain first 3 levels of 1 Craft or Performance skill for free.,,,,,,,,,,,,Clan,Tue Jan 14 2020 21:16:20 GMT-0500 (Eastern Standard Time),,,,,merits
cAomleHcCl,,Shadow Lords,,,,"{""*"":{""read"":true},""role:Administrator"":{""read"":true,""write"":true}}",Loophole,Tue Jan 14 2020 21:16:31 GMT-0500 (Eastern Standard Time),,,,2,,,,,,,,,,,,,,Tribal,Tue Jan 14 2020 21:16:31 GMT-0500 (Eastern Standard Time),,,,,wta_merits
cBwnGQEOs4,,,,,,"{""*"":{""read"":true},""role:Administrator"":{""read"":true,""write"":true}}",Polymorphic Demeanor,Tue Jan 14 2020 21:16:21 GMT-0500 (Eastern Standard Time),,Tzimisce,,1,,,,,,,,,,,42,,,,Tue Jan 14 2020 21:16:21 GMT-0500 (Eastern Standard Time),,,,,merits
cEQslzBvjH,,,,No,,"{""*"":{""read"":true},""role:Administrator"":{""read"":true,""write"":true}}",Rare Character,Tue Jan 14 2020 21:16:32 GMT-0500 (Eastern Standard Time),,,,4,,,,,,,,,,,,,,General,Tue Jan 14 2020 21:16:32 GMT-0500 (Eastern Standard Time),,,,,wta_merits
cHQzWWXv9d,,,,,,"{""*"":{""read"":true},""role:Administrator"":{""read"":true,""write"":true}}",Obfuscate: Phantom Hunter,Tue Jan 14 2020 21:16:17 GMT-0500 (Eastern Standard Time),,,,,,,,,,,,,,,,,,,Tue Jan 14 2020 21:16:17 GMT-0500 (Eastern Standard Time),,,,,elder_disciplines
cIQlKj5E0Q,,Gangrel,,,,"{""*"":{""read"":true},""role:Administrator"":{""read"":true,""write"":true}}",Protean Blood,Tue Jan 14 2020 21:16:21 GMT-0500 (Eastern Standard Time),,,,1,,Once per hour can activate a Protean power w/o the costs (blood or time). Cannot be used on Elder powers or Techniques. Can be used with Shape of the Beast's Wrath.,,,,,,,,,,,,Clan,Tue Jan 14 2020 21:16:21 GMT-0500 (Eastern Standard Time),,,,,merits
cJTmPxtRa7,,,,,,"{""*"":{""read"":true},""role:Administrator"":{""read"":true,""write"":true}}",Cultured,Tue Jan 14 2020 21:16:10 GMT-0500 (Eastern Standard Time),,,,,,,,,,,,,,,,,,,Tue Jan 14 2020 21:16:10 GMT-0500 (Eastern Standard Time),,,,,archetypes
cPxcSyS8re,,,,,,"{""*"":{""read"":true},""role:Administrator"":{""read"":true,""write"":true}}",Troll,Tue Jan 14 2020 21:16:13 GMT-0500 (Eastern Standard Time),12,,,,,,,,,,,,,,,,,,Tue Jan 14 2020 21:16:13 GMT-0500 (Eastern Standard Time),,,,,ctdbs_kiths
cQnCb0aBVa,,,,,,"{""*"":{""read"":true},""role:Administrator"":{""read"":true,""write"":true}}",Punjabi,Sat Feb 14 2026 18:11:48 GMT-0500 (Eastern Standard Time),1,,,,,,,,,,,,,,,,,,Tue Jan 14 2020 21:16:19 GMT-0500 (Eastern Standard Time),,,,,linguistics_specializations
ca5s9cKGye,,,,,,"{""*"":{""read"":true},""role:Administrator"":{""read"":true,""write"":true}}",Savage Provocation ,Tue Jan 14 2020 21:16:24 GMT-0500 (Eastern Standard Time),,,,,,,,,,,,,,,,,,,Tue Jan 14 2020 21:16:24 GMT-0500 (Eastern Standard Time),,,,,techniques
cfgA5wWOFw,,Wendigo,,,,"{""*"":{""read"":true},""role:Administrator"":{""read"":true,""write"":true}}",Warpath,Tue Jan 14 2020 21:16:26 GMT-0500 (Eastern Standard Time),,,,,,,,,,,,,,,,,,,Tue Jan 14 2020 21:16:26 GMT-0500 (Eastern Standard Time),,,,,wta_camps
ckAOeKFEz8,,,,,,"{""*"":{""read"":true},""role:Administrator"":{""read"":true,""write"":true}}",Wings of the Stormcrow,Tue Jan 14 2020 21:16:30 GMT-0500 (Eastern Standard Time),,,,1,,,,,,,,,Perception,,,No,Shadow Lords,Tribal,Tue Jan 14 2020 21:16:30 GMT-0500 (Eastern Standard Time),,,,,wta_gifts
ckT7sy9mPg,,,,,,"{""*"":{""read"":true},""role:Administrator"":{""read"":true,""write"":true}}",Heroic Lineage,Tue Jan 14 2020 21:16:31 GMT-0500 (Eastern Standard Time),,requires_specialization,,1,,,,,,,,,,,,,,General,Tue Jan 14 2020 21:16:31 GMT-0500 (Eastern Standard Time),,,,,wta_merits
cmDmNcDNYQ,,Ventrue,,,,"{""*"":{""read"":true},""role:Administrator"":{""read"":true,""write"":true}}",Regal Bearing,Sat Mar 07 2020 10:08:17 GMT-0500 (Eastern Standard Time),,,,2,,"Once per game session, use any 1 Presence power without using an action and before character's Initiative. Normal costs and tests still apply.",,,,,,,,,,,,Clan,Tue Jan 14 2020 21:16:21 GMT-0500 (Eastern Standard Time),,,,,merits
cmXMIVhVpi,,,,,,"{""*"":{""read"":true},""role:Administrator"":{""read"":true,""write"":true}}","Necromancy: Rise, Cerberus",Tue Jan 14 2020 21:16:22 GMT-0500 (Eastern Standard Time),,,,3,,,,,,,,,,,,,,,Tue Jan 14 2020 21:16:22 GMT-0500 (Eastern Standard Time),,,,,rituals
cmxRoH12pw,,,,,,"{""*"":{""read"":true},""role:Administrator"":{""read"":true,""write"":true}}",Wayfare,Tue Jan 14 2020 21:16:11 GMT-0500 (Eastern Standard Time),13,,,,,,,,,,,,,,,,,,Tue Jan 14 2020 21:16:11 GMT-0500 (Eastern Standard Time),,,,,ctdbs_arts
cp6CdDAYhx,,,,,,"{""*"":{""read"":true},""role:Administrator"":{""read"":true,""write"":true}}",Alastor,Sun Feb 15 2026 13:14:10 GMT-0500 (Eastern Standard Time),,,,,,,,,,,,,,,,,,Camarilla,Tue Jan 14 2020 21:16:25 GMT-0500 (Eastern Standard Time),,,,,titles
csT6OwmHI3,,,,,,"{""*"":{""read"":true},""role:Administrator"":{""read"":true,""write"":true}}",Lasombra,Tue Aug 31 2021 02:28:48 GMT-0400 (Eastern Daylight Time),,,,,,,,,,,,,,,,,,,Tue Jan 14 2020 21:16:11 GMT-0500 (Eastern Standard Time),,,,,clans
cxVAfuVDxJ,,,,,,"{""*"":{""read"":true},""role:Administrator"":{""read"":true,""write"":true}}",Fetish Savant,Tue Jan 14 2020 21:16:31 GMT-0500 (Eastern Standard Time),,,,3,,,,,,,,,,,,,,General,Tue Jan 14 2020 21:16:31 GMT-0500 (Eastern Standard Time),,,,,wta_merits
cxxJaCcbVL,,Nosferatu,,,,"{""*"":{""read"":true},""role:Administrator"":{""read"":true,""write"":true}}",Hidden Advantage,Tue Jan 14 2020 21:16:21 GMT-0500 (Eastern Standard Time),,,,2,,Auspex does not automatically notify users of Unseen Presence. Unseen Presence also works on the character in daysleep.,,,,,,,,,,,,Clan,Tue Jan 14 2020 21:16:21 GMT-0500 (Eastern Standard Time),,,,,merits
d1dN46zmV6,,,,,,"{""*"":{""read"":true},""role:Administrator"":{""read"":true,""write"":true}}",Hero,Tue Jan 14 2020 21:16:33 GMT-0500 (Eastern Standard Time),1,,,,,,,,,,,,,,,,,,Tue Jan 14 2020 21:16:33 GMT-0500 (Eastern Standard Time),,,,,wta_monikers
d4wIyx89G8,,,,,,"{""*"":{""read"":true},""role:Administrator"":{""read"":true,""write"":true}}",Pack Player,Tue Jan 14 2020 21:16:21 GMT-0500 (Eastern Standard Time),,,,3,,,,,,,,,,,,,,Sabbat,Tue Jan 14 2020 21:16:21 GMT-0500 (Eastern Standard Time),,,,,merits
d4wKyBrbHt,,,,,,"{""*"":{""read"":true},""role:Administrator"":{""read"":true,""write"":true}}",Iron Will,Tue Jan 14 2020 21:16:21 GMT-0500 (Eastern Standard Time),,,,3,,"Gain free retest against Auspex, Animalism, and Dominate. Can be used before or after the normal Willpower retest. Exception to rules limiting retests.",,,,,,,,,,,,General,Tue Jan 14 2020 21:16:21 GMT-0500 (Eastern Standard Time),,,,,merits
d5a0EDzEIC,,,,,,"{""*"":{""read"":true},""role:Administrator"":{""read"":true,""write"":true}}",Bloodline: Knights of the Moon,Tue Jan 14 2020 21:16:20 GMT-0500 (Eastern Standard Time),,,,2,,,,,,,,,,,,,,,Tue Jan 14 2020 21:16:20 GMT-0500 (Eastern Standard Time),,,,,merits
dCus76mFKM,,,,,,"{""*"":{""read"":true},""role:Administrator"":{""read"":true,""write"":true}}",Chimerical Infamy,Tue Jan 14 2020 21:16:12 GMT-0500 (Eastern Standard Time),,,,4,,,,,,,,,,,,,,,Tue Jan 14 2020 21:16:12 GMT-0500 (Eastern Standard Time),,,,,ctdbs_flaws
dFJ6YG4qEo,,Tremere,,,,"{""*"":{""read"":true},""role:Administrator"":{""read"":true,""write"":true}}",Talisman,Sat Mar 07 2020 10:07:42 GMT-0500 (Eastern Standard Time),,,,2,,"Rigid item between 5 inches and 6 feet long. Gain +2 to Thaumaturgy pools when touching it. Telyavic Tremere can build an Athame which has Concealable and Fast, Silver or Cold Iron weapon properties.",,,,,,,,,,,,Clan,Tue Jan 14 2020 21:16:22 GMT-0500 (Eastern Standard Time),,,,,merits
dFYITvlybb,,,,,,"{""*"":{""read"":true},""role:Administrator"":{""read"":true,""write"":true}}",Inglenook,Tue Jan 14 2020 21:16:11 GMT-0500 (Eastern Standard Time),3,,,,,,,,,,,,,,,,,,Tue Jan 14 2020 21:16:11 GMT-0500 (Eastern Standard Time),,,,,ctdbs_arts_affinities_links
dHWex8I0iL,,,,,,"{""*"":{""read"":true},""role:Administrator"":{""read"":true,""write"":true}}",Coyote's Mantle,Tue Jan 14 2020 21:16:28 GMT-0500 (Eastern Standard Time),,,,3,,,,,,,,,Wits,,,No,Ragabash,General,Tue Jan 14 2020 21:16:28 GMT-0500 (Eastern Standard Time),Galliard,,,,wta_gifts
dJy0SfcQZf,,Brujah,,,,"{""*"":{""read"":true},""role:Administrator"":{""read"":true,""write"":true}}",Burning Wrath,Tue Jan 14 2020 21:16:20 GMT-0500 (Eastern Standard Time),,,,2,,Simple action to gain +2 wild card bonus to attack and if successful do aggravated damage with fists.,,,,,,,,,,,,Clan,Tue Jan 14 2020 21:16:20 GMT-0500 (Eastern Standard Time),,,,,merits
dLFxXQ26su,,,,,,"{""*"":{""read"":true},""role:Administrator"":{""read"":true,""write"":true}}",Unflappable,Tue Jan 14 2020 21:16:10 GMT-0500 (Eastern Standard Time),,,,,,,,,,,,,,,,,,,Tue Jan 14 2020 21:16:10 GMT-0500 (Eastern Standard Time),,,,,archetype_2s
dNAxA9o6hf,,,,,,"{""*"":{""read"":true},""role:Administrator"":{""read"":true,""write"":true}}",Nominis Inferni,Tue Jan 14 2020 21:16:25 GMT-0500 (Eastern Standard Time),29,,,,,,,,,,,,,,,,,,Tue Jan 14 2020 21:16:25 GMT-0500 (Eastern Standard Time),,,,,vampiric_texts
dOzkNGwavK,,,,,,"{""*"":{""read"":true},""role:Administrator"":{""read"":true,""write"":true}}",Unflappable,Tue Jan 14 2020 21:16:10 GMT-0500 (Eastern Standard Time),,,,,,,,,,,,,,,,,,,Tue Jan 14 2020 21:16:10 GMT-0500 (Eastern Standard Time),,,,,archetype_2
dQTjXVCdOa,,,,,,"{""*"":{""read"":true},""role:Administrator"":{""read"":true,""write"":true}}",Aquatic Predator,Tue Jan 14 2020 21:16:20 GMT-0500 (Eastern Standard Time),,GangrelNoiad,,1,,,,,,,,,,,32,,,,Tue Jan 14 2020 21:16:20 GMT-0500 (Eastern Standard Time),,,,,merits
dQnL3GJdtv,,,,,,"{""*"":{""read"":true},""role:Administrator"":{""read"":true,""write"":true}}",Pierce the Ashen Veil,Tue Jan 14 2020 21:16:29 GMT-0500 (Eastern Standard Time),,,,3,,,,,,,,,Wits,,,No,Silent Striders,Tribal,Tue Jan 14 2020 21:16:29 GMT-0500 (Eastern Standard Time),,,,,wta_gifts
dUo7dmYYal,,requires_specialization,,,,"{""*"":{""read"":true},""role:Administrator"":{""read"":true,""write"":true}}",Keeper of a Sacred Text,Tue Jan 14 2020 21:16:21 GMT-0500 (Eastern Standard Time),,,,1,,"Free Lore specialization above what you are normally allowed in one of; Sabbat Doctrine, Quotes of Caine, or Cainite Heresy. Receive a +5 bonus on pools involving your bonus Lore specialization.",,,,,,,,,,,,Sabbat,Tue Jan 14 2020 21:16:21 GMT-0500 (Eastern Standard Time),,,,,merits
dV53eQnIH3,,,,,,"{""*"":{""read"":true},""role:Administrator"":{""read"":true,""write"":true}}",The Friendly Folk,Tue Jan 14 2020 21:16:22 GMT-0500 (Eastern Standard Time),,Lasombra Kiasyd,,3,,,,,,,,,,,36,,,,Tue Jan 14 2020 21:16:22 GMT-0500 (Eastern Standard Time),,,,,merits
dVGwAwIwSV,,,,,,"{""*"":{""read"":true},""role:Administrator"":{""read"":true,""write"":true}}",No Place Like.Home,Tue Jan 14 2020 21:16:21 GMT-0500 (Eastern Standard Time),,TzimisceKoldun,,2,,,,,,,,,,,44,,,,Tue Jan 14 2020 21:16:21 GMT-0500 (Eastern Standard Time),,,,,merits
dXCkJf7A3Q,,,,,,"{""*"":{""read"":true},""role:Administrator"":{""read"":true,""write"":true}}",Revelator,Tue Jan 14 2020 21:16:21 GMT-0500 (Eastern Standard Time),,,,3,,"Once per hour, use simple action to increase max Blood expenditure rate by 5 for 1 turn. Must loudly proclaim faith in Caine and his Dark Church.",,,,,,,,,,,,Sabbat,Tue Jan 14 2020 21:16:21 GMT-0500 (Eastern Standard Time),,,,,merits
da4knDgpmN,,,,,,"{""*"":{""read"":true},""role:Administrator"":{""read"":true,""write"":true}}",Long Range,Tue Jan 14 2020 21:16:31 GMT-0500 (Eastern Standard Time),,,,,Ranged,,,,,,,,,,,,,,Tue Jan 14 2020 21:16:31 GMT-0500 (Eastern Standard Time),,,,,wta_item_traits
dapTJZCIto,,,,,,"{""*"":{""read"":true},""role:Administrator"":{""read"":true,""write"":true}}",Juko,Tue Jan 14 2020 21:16:27 GMT-0500 (Eastern Standard Time),,,,,,"Gain bite, claw attack; +3 Brawl, +2 Dodge; gain tail",,,,,,,Stamina: +3 wound levels; 1 in each category,,,,,Kitsune,Tue Jan 14 2020 21:16:27 GMT-0500 (Eastern Standard Time),,,,,wta_forms
dd3LEovKJX,,,,,,"{""*"":{""read"":true},""role:Administrator"":{""read"":true,""write"":true}}",Predatory Senses ,Tue Jan 14 2020 21:16:24 GMT-0500 (Eastern Standard Time),,,,,,,,,,,,,,,,,,,Tue Jan 14 2020 21:16:24 GMT-0500 (Eastern Standard Time),,,,,techniques
deUN63QHhl,,,,,,"{""*"":{""read"":true},""role:Administrator"":{""read"":true,""write"":true}}",Followers of Set,Sun Mar 01 2020 22:37:45 GMT-0500 (Eastern Standard Time),1,,,,,,,,,,,,,,,,,,Tue Jan 14 2020 21:16:20 GMT-0500 (Eastern Standard Time),,,,,lore_specializations
df2WhXgy2f,,,,,,"{""*"":{""read"":true},""role:Administrator"":{""read"":true,""write"":true}}",Assamite: Vizier,Tue Aug 31 2021 02:28:47 GMT-0400 (Eastern Daylight Time),,,,,,,,,,,,,,,,,,,Tue Jan 14 2020 21:16:11 GMT-0500 (Eastern Standard Time),,,,,clans
diZt7eGhHJ,,,,,,"{""*"":{""read"":true},""role:Administrator"":{""read"":true,""write"":true}}",Spawning Pool,Tue Jan 14 2020 21:16:24 GMT-0500 (Eastern Standard Time),,,,,,,,,,,,,,,,,,,Tue Jan 14 2020 21:16:24 GMT-0500 (Eastern Standard Time),,,,,techniques
dkvzUtMMWS,,,,,,"{""*"":{""read"":true},""role:Administrator"":{""read"":true,""write"":true}}",Silver Fangs,Tue Jan 14 2020 21:16:33 GMT-0500 (Eastern Standard Time),10,,The Sun Lodge,,The Moon Lodge,2 points of Flaws,Ivory Priesthood,,,,,,,,,,,,Tue Jan 14 2020 21:16:33 GMT-0500 (Eastern Standard Time),,,,,wta_tribes
dnZ5kuhx0n,,Gurahl,,,,"{""*"":{""read"":true},""role:Administrator"":{""read"":true,""write"":true}}",Mountain Guardians,Tue Jan 14 2020 21:16:26 GMT-0500 (Eastern Standard Time),,,,,,,,,,,,,,,,,,,Tue Jan 14 2020 21:16:26 GMT-0500 (Eastern Standard Time),,,,,wta_camps
dot9MzrmeB,,,,,,"{""*"":{""read"":true},""role:Administrator"":{""read"":true,""write"":true}}",Trickster,Tue Jan 14 2020 21:16:10 GMT-0500 (Eastern Standard Time),,,,,,,,,,,,,,,,,,,Tue Jan 14 2020 21:16:10 GMT-0500 (Eastern Standard Time),,,,,archetype_2
dpSmgQRjtf,,,,,,"{""*"":{""read"":true},""role:Administrator"":{""read"":true,""write"":true}}",Bane of the Aeons,Tue Jan 14 2020 21:16:20 GMT-0500 (Eastern Standard Time),,Followers of Set,,1,,,,,,,,,,,27,,,,Tue Jan 14 2020 21:16:20 GMT-0500 (Eastern Standard Time),,,,,merits
dqVChtFyDL,,,,,,"{""*"":{""read"":true},""role:Administrator"":{""read"":true,""write"":true}}",Uktena,Tue Jan 14 2020 21:16:17 GMT-0500 (Eastern Standard Time),,,,,,,,,,,,,,,,,,,Tue Jan 14 2020 21:16:17 GMT-0500 (Eastern Standard Time),,,,,extra_affinity_links
dsXSxofhAu,,,,,,"{""*"":{""read"":true},""role:Administrator"":{""read"":true,""write"":true}}",Troublemaker,Tue Jan 14 2020 21:16:10 GMT-0500 (Eastern Standard Time),,,,,,,,,,,,,,,,,,,Tue Jan 14 2020 21:16:10 GMT-0500 (Eastern Standard Time),,,,,archetype_2s
e1TS91VPDX,,,,,,"{""*"":{""read"":true},""role:Administrator"":{""read"":true,""write"":true}}",Metamorphosis,Tue Jan 14 2020 21:16:11 GMT-0500 (Eastern Standard Time),4,,,,,,,,,,,,,,,,,,Tue Jan 14 2020 21:16:11 GMT-0500 (Eastern Standard Time),,,,,ctdbs_arts_affinities_links
e2yR4lUA6x,,,,,,"{""*"":{""read"":true},""role:Administrator"":{""read"":true,""write"":true}}",Influences: The Underworld,Sun Jan 26 2020 15:30:12 GMT-0500 (Eastern Standard Time),0,,,,,,,,,,,,,,103,,,,Tue Jan 14 2020 21:16:11 GMT-0500 (Eastern Standard Time),,,,,backgrounds
e42Ah2SKMH,,,,,,"{""*"":{""read"":true},""role:Administrator"":{""read"":true,""write"":true}}",Unbreakable,Tue Jan 14 2020 21:16:26 GMT-0500 (Eastern Standard Time),,,,1,,,,Weapon,,,,,,,,,,,Tue Jan 14 2020 21:16:26 GMT-0500 (Eastern Standard Time),,,,,wta_fetish_traits
e4DVt6W5MX,,,,,,"{""*"":{""read"":true},""role:Administrator"":{""read"":true,""write"":true}}",Blood in the Air,Tue Jan 14 2020 21:16:28 GMT-0500 (Eastern Standard Time),,,,2,,,,,,,,,Perception,,,No,Wendigo,Tribal,Tue Jan 14 2020 21:16:28 GMT-0500 (Eastern Standard Time),,,,,wta_gifts
e64GFwwPw1,,,,,,"{""*"":{""read"":true},""role:Administrator"":{""read"":true,""write"":true}}",Permanent Wound,Tue Jan 14 2020 21:16:27 GMT-0500 (Eastern Standard Time),,,,3,,,,,,,,,,,,,,,Tue Jan 14 2020 21:16:27 GMT-0500 (Eastern Standard Time),,,,,wta_flaws
e7pH96aCXT,,,,,,"{""*"":{""read"":true},""role:Administrator"":{""read"":true,""write"":true}}",Light Sleeper,Tue Jan 14 2020 21:16:21 GMT-0500 (Eastern Standard Time),,,,1,,Stay awake 1 hour after sunrise and up 1 hour before sunset. Awaken instantly at signs of trouble or danger. Ignore penalties for acting in daytime.,,,,,,,,,,,,General,Tue Jan 14 2020 21:16:21 GMT-0500 (Eastern Standard Time),,,,,merits
e9J3kugPF5,,Uktena,,,,"{""*"":{""read"":true},""role:Administrator"":{""read"":true,""write"":true}}",Web Walkers,Tue Jan 14 2020 21:16:26 GMT-0500 (Eastern Standard Time),,,,,,,,,,,,,,,,,,,Tue Jan 14 2020 21:16:26 GMT-0500 (Eastern Standard Time),,,,,wta_camps
eAsET7L1Dg,,,,,,"{""*"":{""read"":true},""role:Administrator"":{""read"":true,""write"":true}}",Camarilla,Sat Feb 14 2026 18:17:01 GMT-0500 (Eastern Standard Time),,,,,,,,,,,,,,,,,,,Tue Jan 14 2020 21:16:23 GMT-0500 (Eastern Standard Time),,,,,sects
eB7hBAxZVp,,,,,,"{""*"":{""read"":true},""role:Administrator"":{""read"":true,""write"":true}}",Skill Aptitude,Tue Jan 14 2020 21:16:15 GMT-0500 (Eastern Standard Time),,,,2,,,,,,,,,,,,,,,Tue Jan 14 2020 21:16:15 GMT-0500 (Eastern Standard Time),,,,,ctdbs_merits
eB8ONlUtRG,,,,,,"{""*"":{""read"":true},""role:Administrator"":{""read"":true,""write"":true}}",Chosen of Cappadocius,Tue Jan 14 2020 21:16:20 GMT-0500 (Eastern Standard Time),,Cappadocian,,1,,,,,,,,,,,47,,,,Tue Jan 14 2020 21:16:20 GMT-0500 (Eastern Standard Time),,,,,merits
eDYLgCxtmr,,,,,,"{""*"":{""read"":true},""role:Administrator"":{""read"":true,""write"":true}}",Bloodline: Kiasyd,Tue Jan 14 2020 21:16:20 GMT-0500 (Eastern Standard Time),,,,4,,,,,,,,,,,,,,,Tue Jan 14 2020 21:16:20 GMT-0500 (Eastern Standard Time),,,,,merits
eFyGBqcbs6,,,,,,"{""*"":{""read"":true},""role:Administrator"":{""read"":true,""write"":true}}",Paragon,Tue Jan 14 2020 21:16:33 GMT-0500 (Eastern Standard Time),1,,,,,,,,,,,,,,,,,,Tue Jan 14 2020 21:16:33 GMT-0500 (Eastern Standard Time),,,,,wta_monikers
eHCYLlnPXP,,,,,,"{""*"":{""read"":true},""role:Administrator"":{""read"":true,""write"":true}}",Crinos,Tue Jan 14 2020 21:16:27 GMT-0500 (Eastern Standard Time),,,,,,"Aggravated Claw & Bite attacks w/o a grapple; +5 Brawl, Melee skills +1 damage Brawl, Melee attacks",,,,,,,Strength: +7 Brawl vs. +5 Brawl,,,,,Gurahl,Tue Jan 14 2020 21:16:27 GMT-0500 (Eastern Standard Time),,,,,wta_forms
eHeJ2WHYaj,,,,,,"{""*"":{""read"":true},""role:Administrator"":{""read"":true,""write"":true}}",Bolt,Tue Jan 14 2020 21:16:28 GMT-0500 (Eastern Standard Time),,,,3,,,,,,,,,Wits,,,No,Ratkin,Fera,Tue Jan 14 2020 21:16:28 GMT-0500 (Eastern Standard Time),,,,,wta_gifts
eKecHeBKYX,,,,,,"{""*"":{""read"":true},""role:Administrator"":{""read"":true,""write"":true}}",Free Spirit,Tue Jan 14 2020 21:16:10 GMT-0500 (Eastern Standard Time),,,,,,,,,,,,,,,,,,,Tue Jan 14 2020 21:16:10 GMT-0500 (Eastern Standard Time),,,,,archetype_2s
eLcA7HfNqB,,,,,,"{""*"":{""read"":true},""role:Administrator"":{""read"":true,""write"":true}}",Death Becomes You,Tue Jan 14 2020 21:16:20 GMT-0500 (Eastern Standard Time),,MalkavianAnanke,,3,,,,,,,,,,,37-38,,,,Tue Jan 14 2020 21:16:20 GMT-0500 (Eastern Standard Time),,,,,merits
eN9tWMilFN,,,,,,"{""*"":{""read"":true},""role:Administrator"":{""read"":true,""write"":true}}",Empire of Stones,Tue Jan 14 2020 21:16:12 GMT-0500 (Eastern Standard Time),,,,,,,,,,,,,,,,,,,Tue Jan 14 2020 21:16:12 GMT-0500 (Eastern Standard Time),,,,,ctdbs_kith_group_types
eOR18GdWen,,,,,,"{""*"":{""read"":true},""role:Administrator"":{""read"":true,""write"":true}}",Conduit of Pain,Tue Jan 14 2020 21:16:28 GMT-0500 (Eastern Standard Time),,,,5,,,,,,,,,Charisma,,,Yes,Theurge,General,Tue Jan 14 2020 21:16:28 GMT-0500 (Eastern Standard Time),Galliard,,,,wta_gifts
eS7I6MHAgt,,requires_specialization,,,,"{""*"":{""read"":true},""role:Administrator"":{""read"":true,""write"":true}}",Allergy,Tue Jan 14 2020 21:16:27 GMT-0500 (Eastern Standard Time),,requires_specialization,,1,,,,,,,,,,,,,,,Tue Jan 14 2020 21:16:27 GMT-0500 (Eastern Standard Time),,,,,wta_flaws
eSXN32TINU,,,,,,"{""*"":{""read"":true},""role:Administrator"":{""read"":true,""write"":true}}",Necromancy: Circle of Cerberus,Tue Jan 14 2020 21:16:22 GMT-0500 (Eastern Standard Time),,,,1,,,,,,,,,,,,,,,Tue Jan 14 2020 21:16:22 GMT-0500 (Eastern Standard Time),,,,,rituals
eSiJ9olfTO,,,,,,"{""*"":{""read"":true},""role:Administrator"":{""read"":true,""write"":true}}",Mystic,Tue Jan 14 2020 21:16:33 GMT-0500 (Eastern Standard Time),,,,,,,,,,,,,,,,,,,Tue Jan 14 2020 21:16:33 GMT-0500 (Eastern Standard Time),,,,,wta_rites
eUgHBb38Ts,,,,,,"{""*"":{""read"":true},""role:Administrator"":{""read"":true,""write"":true}}",Architect of the Tower,Tue Jan 14 2020 21:16:20 GMT-0500 (Eastern Standard Time),,,,2,,innate status trait Architect,,,,,,,,,,,,Camarilla,Tue Jan 14 2020 21:16:20 GMT-0500 (Eastern Standard Time),,,,,merits
eVXVhehmTc,,,,,,"{""*"":{""read"":true},""role:Administrator"":{""read"":true,""write"":true}}",City airports,Sat Feb 14 2026 18:08:11 GMT-0500 (Eastern Standard Time),1,,,,,,,,,,,,,,,,,,Tue Jan 14 2020 21:16:19 GMT-0500 (Eastern Standard Time),,,,,influence_elite_specializations
eXjDMqAMeh,,,,,,"{""*"":{""read"":true},""role:Administrator"":{""read"":true,""write"":true}}",Bad Sight,Tue Jan 14 2020 21:16:27 GMT-0500 (Eastern Standard Time),,,,2,,,,,,,,,,,,,,,Tue Jan 14 2020 21:16:27 GMT-0500 (Eastern Standard Time),,,,,wta_flaws
eXxUi2wFw1,,,,,,"{""*"":{""read"":true},""role:Administrator"":{""read"":true,""write"":true}}",Curmudgeon,Tue Jan 14 2020 21:16:10 GMT-0500 (Eastern Standard Time),,,,,,,,,,,,,,,,,,,Tue Jan 14 2020 21:16:10 GMT-0500 (Eastern Standard Time),,,,,archetype_2s
eYxJFoaKdK,,,,,,"{""*"":{""read"":true},""role:Administrator"":{""read"":true,""write"":true}}",Tremere,Tue Aug 31 2021 02:28:48 GMT-0400 (Eastern Daylight Time),,,,,,,,,,,,,,,,,,,Tue Jan 14 2020 21:16:11 GMT-0500 (Eastern Standard Time),,,,,clans
eZ1fKnFSlC,,,,,,"{""*"":{""read"":true},""role:Administrator"":{""read"":true,""write"":true}}",Introvert,Tue Jan 14 2020 21:16:10 GMT-0500 (Eastern Standard Time),,,,,,,,,,,,,,,,,,,Tue Jan 14 2020 21:16:10 GMT-0500 (Eastern Standard Time),,,,,archetypes_2
eaXXq92ish,,,,,,"{""*"":{""read"":true},""role:Administrator"":{""read"":true,""write"":true}}",Blood Feast,Tue Jan 14 2020 21:16:23 GMT-0500 (Eastern Standard Time),,,,,,,,,,,,,,,,,,Auctoritas,Tue Jan 14 2020 21:16:23 GMT-0500 (Eastern Standard Time),,,,,sabbat_rituals
eb7Ejj98wp,,,,,,"{""*"":{""read"":true},""role:Administrator"":{""read"":true,""write"":true}}",Chimerstry: Shared Nightmare,Tue Jan 14 2020 21:16:17 GMT-0500 (Eastern Standard Time),,,,,,,,,,,,,,,,,,,Tue Jan 14 2020 21:16:17 GMT-0500 (Eastern Standard Time),,,,,elder_disciplines
ecrKOxhUKG,,,,,,"{""*"":{""read"":true},""role:Administrator"":{""read"":true,""write"":true}}",Dread,Tue Jan 14 2020 21:16:11 GMT-0500 (Eastern Standard Time),2,,,,,,,,,,,,,,,,,,Tue Jan 14 2020 21:16:11 GMT-0500 (Eastern Standard Time),,,,,ctdbs_arts
eeXueUhHLV,,,,,,"{""*"":{""read"":true},""role:Administrator"":{""read"":true,""write"":true}}",Fight or Flight,Tue Jan 14 2020 21:16:28 GMT-0500 (Eastern Standard Time),,,,1,,,,,,,,,Appearance,,,Yes,Ahroun,General,Tue Jan 14 2020 21:16:28 GMT-0500 (Eastern Standard Time),Metis,,,,wta_gifts
erTfGv2XR7,,,,,,"{""*"":{""read"":true},""role:Administrator"":{""read"":true,""write"":true}}",Death's Grip,Tue Jan 14 2020 21:16:24 GMT-0500 (Eastern Standard Time),,,,,,,,,,,,,,,,,,,Tue Jan 14 2020 21:16:24 GMT-0500 (Eastern Standard Time),,,,,techniques
ewGiqjceDm,,,,,,"{""*"":{""read"":true},""role:Administrator"":{""read"":true,""write"":true}}",Nuwisha,Tue Jan 14 2020 21:16:26 GMT-0500 (Eastern Standard Time),,,,2,,"No Rage track, No Linage Merits",,,,,,,,,,,,,Tue Jan 14 2020 21:16:26 GMT-0500 (Eastern Standard Time),,,,,wta_fera_descriptions
f2B7jJvAHF,,Followers of Set,,,,"{""*"":{""read"":true},""role:Administrator"":{""read"":true,""write"":true}}",Setite Sorcery,Sat Mar 07 2020 10:05:09 GMT-0500 (Eastern Standard Time),,,,3,,"Gain access to Thaumaturgy: Path of Corruption and one item from List 4 without a teacher, must still pay out of Clan costs.",,,,,,,,,,,,Clan,Tue Jan 14 2020 21:16:22 GMT-0500 (Eastern Standard Time),,,,,merits
f2fDOZxK1H,,,,,,"{""*"":{""read"":true},""role:Administrator"":{""read"":true,""write"":true}}",Feed the Blighted Wolf,Tue Jan 14 2020 21:16:24 GMT-0500 (Eastern Standard Time),,,,,,,,,,,,,,,,,,,Tue Jan 14 2020 21:16:24 GMT-0500 (Eastern Standard Time),,,,,techniques
f4GowWDAd4,,,,,,"{""*"":{""read"":true},""role:Administrator"":{""read"":true,""write"":true}}",Pursuit,Tue Jan 14 2020 21:16:29 GMT-0500 (Eastern Standard Time),,,,2,,,,,,,,,Wits,,,No,Ahroun,General,Tue Jan 14 2020 21:16:29 GMT-0500 (Eastern Standard Time),Lupus,,,,wta_gifts
f5EnKwSZef,,,,,,"{""*"":{""read"":true},""role:Administrator"":{""read"":true,""write"":true}}",Night,Tue Jan 14 2020 21:16:22 GMT-0500 (Eastern Standard Time),13,,,,,,,,,,,,,,,,,,Tue Jan 14 2020 21:16:22 GMT-0500 (Eastern Standard Time),,,,,paths
f6kEvzrTpy,,,,,,"{""*"":{""read"":true},""role:Administrator"":{""read"":true,""write"":true}}",Ghillie Dhu,Tue Jan 14 2020 21:16:13 GMT-0500 (Eastern Standard Time),4,,,,,,,,,,,,,,,,,,Tue Jan 14 2020 21:16:13 GMT-0500 (Eastern Standard Time),,,,,ctdbs_kiths
f75rrMq1ew,,,,,,"{""*"":{""read"":true},""role:Administrator"":{""read"":true,""write"":true}}",Flyapart,Tue Jan 14 2020 21:16:28 GMT-0500 (Eastern Standard Time),,,,1,,,,,,,,,Intelligence,,,No,Glass Walkers,Tribal,Tue Jan 14 2020 21:16:28 GMT-0500 (Eastern Standard Time),,,,,wta_gifts
fDSdqF4EGV,,,,,,"{""*"":{""read"":true},""role:Administrator"":{""read"":true,""write"":true}}",Lasombra: Kiasyd,Sun Mar 01 2020 22:37:45 GMT-0500 (Eastern Standard Time),1,,,,,,,,,,,,,,,,,,Tue Jan 14 2020 21:16:20 GMT-0500 (Eastern Standard Time),,,,,lore_specializations
fEBVxcUrmy,,,,,,"{""*"":{""read"":true},""role:Administrator"":{""read"":true,""write"":true}}",Oakenshield,Tue Jan 14 2020 21:16:11 GMT-0500 (Eastern Standard Time),6,,,,,,,,,,,,,,,,,,Tue Jan 14 2020 21:16:11 GMT-0500 (Eastern Standard Time),,,,,ctdbs_arts
fGyhVryRYV,,,,,,"{""*"":{""read"":true},""role:Administrator"":{""read"":true,""write"":true}}",The Golden Sickle,Tue Jan 14 2020 21:16:12 GMT-0500 (Eastern Standard Time),,,,,,,,,,,,,,,,,,,Tue Jan 14 2020 21:16:12 GMT-0500 (Eastern Standard Time),,,,,ctdbs_kith_group_types
fHLekepfNg,,,,,,"{""*"":{""read"":true},""role:Administrator"":{""read"":true,""write"":true}}",Airliners,Tue Jan 14 2020 21:16:16 GMT-0500 (Eastern Standard Time),1,,,,,,,,,,,,,,,,,,Tue Jan 14 2020 21:16:16 GMT-0500 (Eastern Standard Time),,,,,drive_specializations
fIHwfDrhAc,,,,,,"{""*"":{""read"":true},""role:Administrator"":{""read"":true,""write"":true}}",Bane's Blessing,Tue Jan 14 2020 21:16:20 GMT-0500 (Eastern Standard Time),,Assamite,,2,,,,,,,,,,,23,,,,Tue Jan 14 2020 21:16:20 GMT-0500 (Eastern Standard Time),,,,,merits
fL1VtN1kHN,,,Camarilla,,,"{""*"":{""read"":true},""role:Administrator"":{""read"":true,""write"":true}}",Primus Inter Pares,Thu Feb 13 2020 22:50:14 GMT-0500 (Eastern Standard Time),,,,,,,,,,,,,,,,,,Innate,Tue Jan 14 2020 21:16:23 GMT-0500 (Eastern Standard Time),,,,,status_traits
fLOJfzgJJ7,,requires_specialization,,,,"{""*"":{""read"":true},""role:Administrator"":{""read"":true,""write"":true}}",Fallen Hero,Tue Jan 14 2020 21:16:27 GMT-0500 (Eastern Standard Time),,requires_specialization,,5,,,,,,,,,,,,,,,Tue Jan 14 2020 21:16:27 GMT-0500 (Eastern Standard Time),,,,,wta_flaws
fOjEs8HvGA,,,,,,"{""*"":{""read"":true},""role:Administrator"":{""read"":true,""write"":true}}",Pack Reputation,Tue Jan 14 2020 21:16:32 GMT-0500 (Eastern Standard Time),,,,2,,,,,,,,,,,,,,General,Tue Jan 14 2020 21:16:32 GMT-0500 (Eastern Standard Time),,,,,wta_merits
fPoKABrcHa,,,,,,"{""*"":{""read"":true},""role:Administrator"":{""read"":true,""write"":true}}",Punishment,Tue Jan 14 2020 21:16:33 GMT-0500 (Eastern Standard Time),,,,,,,,,,,,,,,,,,,Tue Jan 14 2020 21:16:33 GMT-0500 (Eastern Standard Time),,,,,wta_rites
fXZL9CFBC0,,,,,,"{""*"":{""read"":true},""role:Administrator"":{""read"":true,""write"":true}}",Ragabash,Tue Jan 14 2020 21:16:17 GMT-0500 (Eastern Standard Time),,,,,,,,,,,,,,,,,,,Tue Jan 14 2020 21:16:17 GMT-0500 (Eastern Standard Time),,,,,extra_affinity_links
fbx6lmKuWK,,,,,,"{""*"":{""read"":true},""role:Administrator"":{""read"":true,""write"":true}}",Slow Regeneration,Tue Jan 14 2020 21:16:27 GMT-0500 (Eastern Standard Time),,,,4,,,,,,,,,,,,,,,Tue Jan 14 2020 21:16:27 GMT-0500 (Eastern Standard Time),,,,,wta_flaws
fdn6gZ78UF,,,,,,"{""*"":{""read"":true},""role:Administrator"":{""read"":true,""write"":true}}",Troublemaker,Tue Jan 14 2020 21:16:11 GMT-0500 (Eastern Standard Time),,,,,,,,,,,,,,,,,,,Tue Jan 14 2020 21:16:11 GMT-0500 (Eastern Standard Time),,,,,archetypes_2
fhTg1MEgDf,,,,,,"{""*"":{""read"":true},""role:Administrator"":{""read"":true,""write"":true}}",Alternate Identity,Sun Jan 26 2020 15:30:12 GMT-0500 (Eastern Standard Time),0,,,,,,,,,,,,,,98,,,,Tue Jan 14 2020 21:16:11 GMT-0500 (Eastern Standard Time),,,,,backgrounds
fjq2ye8BZA,,,,,,"{""*"":{""read"":true},""role:Administrator"":{""read"":true,""write"":true}}",Prestigious Sire,Tue Jan 14 2020 21:16:21 GMT-0500 (Eastern Standard Time),,,,1,,Bonus Status Trait Loyal.,,,,,,,,,,,,Camarilla,Tue Jan 14 2020 21:16:21 GMT-0500 (Eastern Standard Time),,,,,merits
fkkrXj9uAW,,,,,,"{""*"":{""read"":true},""role:Administrator"":{""read"":true,""write"":true}}",Orthodox,Tue Jan 14 2020 21:16:18 GMT-0500 (Eastern Standard Time),,,,,,,,,,,,,,,,,,,Tue Jan 14 2020 21:16:18 GMT-0500 (Eastern Standard Time),,,,,factions
flrPYaVmjZ,,,,,,"{""*"":{""read"":true},""role:Administrator"":{""read"":true,""write"":true}}",Kitsune,Tue Jan 14 2020 21:16:26 GMT-0500 (Eastern Standard Time),,,Inari's Messengers,2,Rusty's Rumspringa ,No Delirium; No Regeneration,The Wheel,,,,,,,,,,,,Tue Jan 14 2020 21:16:26 GMT-0500 (Eastern Standard Time),,,,,wta_fera_descriptions
fmI2MqrUTk,,,,,,"{""*"":{""read"":true},""role:Administrator"":{""read"":true,""write"":true}}",Artist,Tue Jan 14 2020 21:16:10 GMT-0500 (Eastern Standard Time),,,,,,,,,,,,,,,,,,,Tue Jan 14 2020 21:16:10 GMT-0500 (Eastern Standard Time),,,,,archetypes_2
fmbDa17FHo,,,,,,"{""*"":{""read"":true},""role:Administrator"":{""read"":true,""write"":true}}",Skill Aptitude,Tue Jan 14 2020 21:16:32 GMT-0500 (Eastern Standard Time),,requires_specialization,,2,,,,,,,,,,,,,,General,Tue Jan 14 2020 21:16:32 GMT-0500 (Eastern Standard Time),,,,,wta_merits
foLmoBNBqx,,,,,,"{""*"":{""read"":true},""role:Administrator"":{""read"":true,""write"":true}}",Gospels of Irad & Adah,Tue Jan 14 2020 21:16:25 GMT-0500 (Eastern Standard Time),3,,,,,,,,,,,,,,,,,,Tue Jan 14 2020 21:16:25 GMT-0500 (Eastern Standard Time),,,,,vampiric_texts
fpm0XGUAHH,,,,,,"{""*"":{""read"":true},""role:Administrator"":{""read"":true,""write"":true}}",Untrustworthy,Tue Jan 14 2020 21:16:10 GMT-0500 (Eastern Standard Time),,,,,,,,,,,,,,,,,,,Tue Jan 14 2020 21:16:10 GMT-0500 (Eastern Standard Time),,,,,archetypes
fsEMoiuElB,,,,,,"{""*"":{""read"":true},""role:Administrator"":{""read"":true,""write"":true}}",Revelry,Tue Jan 14 2020 21:16:11 GMT-0500 (Eastern Standard Time),8,,,,,,,,,,,,,,,,,,Tue Jan 14 2020 21:16:11 GMT-0500 (Eastern Standard Time),,,,,ctdbs_arts_affinities_links
fviQ9xDEYD,,,,,,"{""*"":{""read"":true},""role:Administrator"":{""read"":true,""write"":true}}",Con Artist,Tue Jan 14 2020 21:16:09 GMT-0500 (Eastern Standard Time),,,,,,,,,,,,,,,,,,,Tue Jan 14 2020 21:16:09 GMT-0500 (Eastern Standard Time),,,,,archetype_2
fwBZYBmJYG,,,,,,"{""*"":{""read"":true},""role:Administrator"":{""read"":true,""write"":true}}",Tower of Babel,Tue Jan 14 2020 21:16:30 GMT-0500 (Eastern Standard Time),,,,1,,,,,,,,,Intelligence,,,No,Corax,Fera,Tue Jan 14 2020 21:16:30 GMT-0500 (Eastern Standard Time),,,,,wta_gifts
fwVyPsCpCL,,,,,,"{""*"":{""read"":true},""role:Administrator"":{""read"":true,""write"":true}}",Linguistics,Tue Jan 14 2020 21:16:09 GMT-0500 (Eastern Standard Time),1,,,,,,,,,,,,,,,,,,Tue Jan 14 2020 21:16:09 GMT-0500 (Eastern Standard Time),,,,,academics_specializations
fwaiARcrOS,,,,,,"{""*"":{""read"":true},""role:Administrator"":{""read"":true,""write"":true}}",Corvid,Tue Jan 14 2020 21:16:27 GMT-0500 (Eastern Standard Time),,,,,,"Aggravted Peck(Bite) attacks; +2 Athletics, Dodge, and Stealth; Flight at 9 steps; use tools; vent rage",,,,,,,,,,,,Corax,Tue Jan 14 2020 21:16:27 GMT-0500 (Eastern Standard Time),,,,,wta_forms
fwf0tIQoGE,,,,,,"{""*"":{""read"":true},""role:Administrator"":{""read"":true,""write"":true}}",The Codex of the Damned,Tue Jan 14 2020 21:16:25 GMT-0500 (Eastern Standard Time),11,,,,,,,,,,,,,,,,,,Tue Jan 14 2020 21:16:25 GMT-0500 (Eastern Standard Time),,,,,vampiric_texts
fyljksYR8Z,,,,,,"{""*"":{""read"":true},""role:Administrator"":{""read"":true,""write"":true}}",The Man in Black,Tue Jan 14 2020 21:16:22 GMT-0500 (Eastern Standard Time),,GangrelCoyote,,1,,,,,,,,,,,32,,,,Tue Jan 14 2020 21:16:22 GMT-0500 (Eastern Standard Time),,,,,merits
g2GaD08n5k,,Ananasi,,,,"{""*"":{""read"":true},""role:Administrator"":{""read"":true,""write"":true}}",Kumoti,Tue Jan 14 2020 21:16:26 GMT-0500 (Eastern Standard Time),,,,,,,,,,,,,,,,,,,Tue Jan 14 2020 21:16:26 GMT-0500 (Eastern Standard Time),,,,,wta_camps
g4phyICVyK,,,,,,"{""*"":{""read"":true},""role:Administrator"":{""read"":true,""write"":true}}",Architect,Tue Jan 14 2020 21:16:10 GMT-0500 (Eastern Standard Time),,,,,,,,,,,,,,,,,,,Tue Jan 14 2020 21:16:10 GMT-0500 (Eastern Standard Time),,,,,archetypes
g5u4MeS1e5,,,,,,"{""*"":{""read"":true},""role:Administrator"":{""read"":true,""write"":true}}",Thumb on Fortune's Scales,Tue Jan 14 2020 21:16:15 GMT-0500 (Eastern Standard Time),,,,3,,,,,,,,,,,,,,,Tue Jan 14 2020 21:16:15 GMT-0500 (Eastern Standard Time),,,,,ctdbs_merits
g9roJITFkp,,,,,,"{""*"":{""read"":true},""role:Administrator"":{""read"":true,""write"":true}}",Homid,Tue Jan 14 2020 21:16:17 GMT-0500 (Eastern Standard Time),,,,,,,,,,,,,,,,,,,Tue Jan 14 2020 21:16:17 GMT-0500 (Eastern Standard Time),,,,,extra_affinity_links
gAd2MK1nWO,,,,,,"{""*"":{""read"":true},""role:Administrator"":{""read"":true,""write"":true}}",Gaurdian of the Glade,Tue Jan 14 2020 21:16:13 GMT-0500 (Eastern Standard Time),,,,1,,,,,,,,,,,,,,,Tue Jan 14 2020 21:16:13 GMT-0500 (Eastern Standard Time),,,,,ctdbs_merits
gAg9Q7z90O,,,,,,"{""*"":{""read"":true},""role:Administrator"":{""read"":true,""write"":true}}",Quietus,Sun Jan 26 2020 15:30:50 GMT-0500 (Eastern Standard Time),,,,,,,,,,,,,,,,,,,Tue Jan 14 2020 21:16:16 GMT-0500 (Eastern Standard Time),,,,,disciplines
gAhTlY8CKB,,,,,,"{""*"":{""read"":true},""role:Administrator"":{""read"":true,""write"":true}}",Overconfident,Tue Jan 14 2020 21:16:12 GMT-0500 (Eastern Standard Time),,,,2,,,,,,,,,,,,,,,Tue Jan 14 2020 21:16:12 GMT-0500 (Eastern Standard Time),,,,,ctdbs_flaws
gBRVtmryEa,,,Sabbat,,,"{""*"":{""read"":true},""role:Administrator"":{""read"":true,""write"":true}}",Loyalist,Thu Feb 13 2020 22:50:14 GMT-0500 (Eastern Standard Time),,,,,,,,,,,,,,,,,,Abiding,Tue Jan 14 2020 21:16:23 GMT-0500 (Eastern Standard Time),,,,,status_traits
gDF3oq4oGA,,,,,,"{""*"":{""read"":true},""role:Administrator"":{""read"":true,""write"":true}}",Medium,Tue Jan 14 2020 21:16:15 GMT-0500 (Eastern Standard Time),,,,1,,,,,,,,,,,,,,,Tue Jan 14 2020 21:16:15 GMT-0500 (Eastern Standard Time),,,,,ctdbs_merits
gDwNY5c4gY,,,,,,"{""*"":{""read"":true},""role:Administrator"":{""read"":true,""write"":true}}",Unbondable,Tue Jan 14 2020 21:16:22 GMT-0500 (Eastern Standard Time),,,,4,,Immune to blood bonds and Vinculum. Cannot be taken by Tremere or any Tremere Bloodline.,,,,,,,,,,,,General,Tue Jan 14 2020 21:16:22 GMT-0500 (Eastern Standard Time),,,,,merits
gE6XDn8j7q,,,,,,"{""*"":{""read"":true},""role:Administrator"":{""read"":true,""write"":true}}",Child,Tue Jan 14 2020 21:16:10 GMT-0500 (Eastern Standard Time),,,,,,,,,,,,,,,,,,,Tue Jan 14 2020 21:16:10 GMT-0500 (Eastern Standard Time),,,,,archetype_2s
gFcFB6nSYj,,,,,,"{""*"":{""read"":true},""role:Administrator"":{""read"":true,""write"":true}}",Calm Heart,Tue Jan 14 2020 21:16:20 GMT-0500 (Eastern Standard Time),,,,1,,Considered as having -2 Beast Traits when resisting frenzy. Gain +3 to test pool to resist frenzy. Brujah cannot take this merit. Restriction does not apply to True Brujah.,,,,,,,,,,,,General,Tue Jan 14 2020 21:16:20 GMT-0500 (Eastern Standard Time),,,,,merits
gFxPg054mF,,,,,,"{""*"":{""read"":true},""role:Administrator"":{""read"":true,""write"":true}}",Bloodline: Sorcerer,Tue Jan 14 2020 21:16:20 GMT-0500 (Eastern Standard Time),,,,4,,,,,,,,,,,,,,,Tue Jan 14 2020 21:16:20 GMT-0500 (Eastern Standard Time),,,,,merits
gHB4QRTFpy,,,,,,"{""*"":{""read"":true},""role:Administrator"":{""read"":true,""write"":true}}",Apotheosis of Rage,Tue Jan 14 2020 21:16:28 GMT-0500 (Eastern Standard Time),,,,5,,,,,,,,,Intelligence,,,No,Ahroun,General,Tue Jan 14 2020 21:16:28 GMT-0500 (Eastern Standard Time),Lupus,,Metis,,wta_gifts
gIhwuLaEha,,Shadow Lords,,,,"{""*"":{""read"":true},""role:Administrator"":{""read"":true,""write"":true}}",Seizing the Edge,Tue Jan 14 2020 21:16:32 GMT-0500 (Eastern Standard Time),,,,3,,,,,,,,,,,,,,Tribal,Tue Jan 14 2020 21:16:32 GMT-0500 (Eastern Standard Time),,,,,wta_merits
gOp8BKOVmC,,,,,,"{""*"":{""read"":true},""role:Administrator"":{""read"":true,""write"":true}}",Careless,Tue Jan 14 2020 21:16:18 GMT-0500 (Eastern Standard Time),,,,1,,"Character's attacks don't count against another's ability to declare fair escape, unless they are in a grapple. Anyone the character attacks prior to their initiative in the round may still declare fair escape in that round. If someone declares the intention of fair escape, character cannot declare a Physical action to prevent fair escape.",,,,,,,,,,,,General,Tue Jan 14 2020 21:16:18 GMT-0500 (Eastern Standard Time),,,,,flaws
gS0YehvuTd,,,,,,"{""*"":{""read"":true},""role:Administrator"":{""read"":true,""write"":true}}",Portents,Tue Jan 14 2020 21:16:29 GMT-0500 (Eastern Standard Time),,,,5,,,,,,,,,Perception,,,No,Corax,Fera,Tue Jan 14 2020 21:16:29 GMT-0500 (Eastern Standard Time),,,,,wta_gifts
gTdVJnSTL7,,,,,,"{""*"":{""read"":true},""role:Administrator"":{""read"":true,""write"":true}}",Bully,Tue Jan 14 2020 21:16:10 GMT-0500 (Eastern Standard Time),,,,,,,,,,,,,,,,,,,Tue Jan 14 2020 21:16:10 GMT-0500 (Eastern Standard Time),,,,,archetype_2s
gVaZv2X6Pc,,,,,,"{""*"":{""read"":true},""role:Administrator"":{""read"":true,""write"":true}}",Quickened Blood,Tue Jan 14 2020 21:16:24 GMT-0500 (Eastern Standard Time),,,,,,,,,,,,,,,,,,,Tue Jan 14 2020 21:16:24 GMT-0500 (Eastern Standard Time),,,,,techniques
gYxYMgBfj2,,,,,,"{""*"":{""read"":true},""role:Administrator"":{""read"":true,""write"":true}}",Earth sciences,Tue Jan 14 2020 21:16:09 GMT-0500 (Eastern Standard Time),1,,,,,,,,,,,,,,,,,,Tue Jan 14 2020 21:16:09 GMT-0500 (Eastern Standard Time),,,,,academics_specializations
ganODOq96F,,,,,,"{""*"":{""read"":true},""role:Administrator"":{""read"":true,""write"":true}}",Sheriff,Sun Feb 15 2026 13:14:11 GMT-0500 (Eastern Standard Time),,,,,,,,,,,,,,,,,,Camarilla,Tue Jan 14 2020 21:16:25 GMT-0500 (Eastern Standard Time),,,,,titles
gbZxJwFv2q,,,,,,"{""*"":{""read"":true},""role:Administrator"":{""read"":true,""write"":true}}",Rugged,Tue Jan 14 2020 21:16:15 GMT-0500 (Eastern Standard Time),,,,3,,,,,,,,,,,,,,,Tue Jan 14 2020 21:16:15 GMT-0500 (Eastern Standard Time),,,,,ctdbs_merits
gbwOBCZbic,,,,,,"{""*"":{""read"":true},""role:Administrator"":{""read"":true,""write"":true}}",Abstract Awareness,Tue Jan 14 2020 21:16:20 GMT-0500 (Eastern Standard Time),,RavnosBrahman,,1,,,,,,,,,,,50-51,,,,Tue Jan 14 2020 21:16:20 GMT-0500 (Eastern Standard Time),,,,,merits
gcqC9lha01,,,,No,,"{""*"":{""read"":true},""role:Administrator"":{""read"":true,""write"":true}}",Territory,Tue Jan 14 2020 21:16:25 GMT-0500 (Eastern Standard Time),,,,,,,,,,,,,,Yes,,,,,Tue Jan 14 2020 21:16:25 GMT-0500 (Eastern Standard Time),,,,,wta_backgrounds
gepkkFApih,,,,,,"{""*"":{""read"":true},""role:Administrator"":{""read"":true,""write"":true}}",Memento Mori,Tue Jan 14 2020 21:16:21 GMT-0500 (Eastern Standard Time),,MalkavianAnanke,,2,,,,,,,,,,,37,,,,Tue Jan 14 2020 21:16:21 GMT-0500 (Eastern Standard Time),,,,,merits
gfo0D3FZSu,,,,,,"{""*"":{""read"":true},""role:Administrator"":{""read"":true,""write"":true}}",Itty Bitty Living Space,Tue Jan 14 2020 21:16:21 GMT-0500 (Eastern Standard Time),,ToreadorIshtarri,,3,,,,,,,,,,,40,,,,Tue Jan 14 2020 21:16:21 GMT-0500 (Eastern Standard Time),,,,,merits
ghQp2569AC,,,,,,"{""*"":{""read"":true},""role:Administrator"":{""read"":true,""write"":true}}",Undead Vulnerability,Tue Jan 14 2020 21:16:27 GMT-0500 (Eastern Standard Time),,,,3,,,,,,,,,,,,,,,Tue Jan 14 2020 21:16:27 GMT-0500 (Eastern Standard Time),,,,,wta_flaws
gi7iCgfiRO,,,,,,"{""*"":{""read"":true},""role:Administrator"":{""read"":true,""write"":true}}",Low Pain Threshold,Tue Jan 14 2020 21:16:27 GMT-0500 (Eastern Standard Time),,,,3,,,,,,,,,,,,,,,Tue Jan 14 2020 21:16:27 GMT-0500 (Eastern Standard Time),,,,,wta_flaws
giRz32Oexj,,,Anarch,,,"{""*"":{""read"":true},""role:Administrator"":{""read"":true,""write"":true}}",Committed,Thu Feb 13 2020 22:50:13 GMT-0500 (Eastern Standard Time),,,,,,,,,,,,,,,,,,Accepted,Tue Jan 14 2020 21:16:23 GMT-0500 (Eastern Standard Time),,,,,status_traits
gkJRVVaLP3,,,,,,"{""*"":{""read"":true},""role:Administrator"":{""read"":true,""write"":true}}",Moral Compass,Tue Jan 14 2020 21:16:15 GMT-0500 (Eastern Standard Time),,,,2,,,,,,,,,,,,,,,Tue Jan 14 2020 21:16:15 GMT-0500 (Eastern Standard Time),,,,,ctdbs_merits
gkSBqpgQQp,,requires_specialization,,,,"{""*"":{""read"":true},""role:Administrator"":{""read"":true,""write"":true}}",Performance,Tue Jan 14 2020 21:16:23 GMT-0500 (Eastern Standard Time),0,,,,,,,,,,,,,,unknown,,,,Tue Jan 14 2020 21:16:23 GMT-0500 (Eastern Standard Time),,,,,skills
glmxBa2gnr,,,,,,"{""*"":{""read"":true},""role:Administrator"":{""read"":true,""write"":true}}",Thaumaturgy: Lure of Flames,Sun Jan 26 2020 15:30:50 GMT-0500 (Eastern Standard Time),,,,,,,,,,,,,,,,,,,Tue Jan 14 2020 21:16:16 GMT-0500 (Eastern Standard Time),,,,,disciplines
gn2aF6CdJi,,,,,,"{""*"":{""read"":true},""role:Administrator"":{""read"":true,""write"":true}}",Priscus,Sun Feb 15 2026 13:14:10 GMT-0500 (Eastern Standard Time),,,,,,,,,,,,,,,,,,Sabbat,Tue Jan 14 2020 21:16:25 GMT-0500 (Eastern Standard Time),,,,,titles
gnhEOZ0tZp,,,,,,"{""*"":{""read"":true},""role:Administrator"":{""read"":true,""write"":true}}",Nuwisha,Tue Jan 14 2020 21:16:33 GMT-0500 (Eastern Standard Time),20,,,,,"No Rage track, No Linage Merits",,,,,,,,,,,,,Tue Jan 14 2020 21:16:33 GMT-0500 (Eastern Standard Time),,,,,wta_tribes
gqPSUxdx47,,,,,,"{""*"":{""read"":true},""role:Administrator"":{""read"":true,""write"":true}}",Toreador,Tue Aug 31 2021 02:28:48 GMT-0400 (Eastern Daylight Time),,,,,,,,,,,,,,,,,,,Tue Jan 14 2020 21:16:11 GMT-0500 (Eastern Standard Time),,,,,clans
gqnm7ZiPvG,,,,,,"{""*"":{""read"":true},""role:Administrator"":{""read"":true,""write"":true}}",Scholar of the Sword,Tue Jan 14 2020 21:16:22 GMT-0500 (Eastern Standard Time),,,,1,,Assign 1 additional ritae per dot of the Rituals background.,,,,,,,,,,,,Sabbat,Tue Jan 14 2020 21:16:22 GMT-0500 (Eastern Standard Time),,,,,merits
gwbFqZ7fwu,,,,,,"{""*"":{""read"":true},""role:Administrator"":{""read"":true,""write"":true}}",Cold Iron,Tue Jan 14 2020 21:16:31 GMT-0500 (Eastern Standard Time),,,Melee,,Ranged,,,,,,,,,,,,,,Tue Jan 14 2020 21:16:31 GMT-0500 (Eastern Standard Time),,,,,wta_item_traits
gxMhHyNJBf,,,,,,"{""*"":{""read"":true},""role:Administrator"":{""read"":true,""write"":true}}",Strike the Air,Tue Jan 14 2020 21:16:30 GMT-0500 (Eastern Standard Time),,,,4,,,,,,,,,Perception,,,No,Children of Gaia,Tribal,Tue Jan 14 2020 21:16:30 GMT-0500 (Eastern Standard Time),,,,,wta_gifts
h0ujadZJKW,,,,,,"{""*"":{""read"":true},""role:Administrator"":{""read"":true,""write"":true}}",Animal Communication,Tue Jan 14 2020 21:16:33 GMT-0500 (Eastern Standard Time),,,,,,,,,,,,,,,,,,,Tue Jan 14 2020 21:16:33 GMT-0500 (Eastern Standard Time),,,,,wta_totem_bonus_traits
h3QPYpBvtK,,,,,,"{""*"":{""read"":true},""role:Administrator"":{""read"":true,""write"":true}}",Trouble Magnet,Tue Jan 14 2020 21:16:19 GMT-0500 (Eastern Standard Time),,,,1,,"Whenever ST determines random negative result (falling rock, police patrol, etc.) no test is made. Character always suffers the bad luck.",,,,,,,,,,,,General,Tue Jan 14 2020 21:16:19 GMT-0500 (Eastern Standard Time),,,,,flaws
h64LSVM5rH,,,,,,"{""*"":{""read"":true},""role:Administrator"":{""read"":true,""write"":true}}",Dementation,Tue Jan 14 2020 21:16:17 GMT-0500 (Eastern Standard Time),,,,,,,,,,,,,,,,,,,Tue Jan 14 2020 21:16:17 GMT-0500 (Eastern Standard Time),,,,,extra_in_clan_disciplines
hDVKWfrMgk,,,,,,"{""*"":{""read"":true},""role:Administrator"":{""read"":true,""write"":true}}",Sympathetic Agony,Tue Jan 14 2020 21:16:24 GMT-0500 (Eastern Standard Time),,,,,,,,,,,,,,,,,,,Tue Jan 14 2020 21:16:24 GMT-0500 (Eastern Standard Time),,,,,techniques
hDyDcEXtEN,,,Sabbat,,,"{""*"":{""read"":true},""role:Administrator"":{""read"":true,""write"":true}}",Branded,Thu Feb 13 2020 22:50:12 GMT-0500 (Eastern Standard Time),,,,,,,,,,,,,,,,,,Innate,Tue Jan 14 2020 21:16:23 GMT-0500 (Eastern Standard Time),,,,,status_traits
hFDtmLlt0y,,Gurahl,,,,"{""*"":{""read"":true},""role:Administrator"":{""read"":true,""write"":true}}",Strong in Body and Mind.,Tue Jan 14 2020 21:16:32 GMT-0500 (Eastern Standard Time),,,,1,,,,,,,,,,,,,,Fera,Tue Jan 14 2020 21:16:32 GMT-0500 (Eastern Standard Time),,,,,wta_merits
hFQikZMaAF,,,,,,"{""*"":{""read"":true},""role:Administrator"":{""read"":true,""write"":true}}",Accurate,Tue Jan 14 2020 21:16:26 GMT-0500 (Eastern Standard Time),,,,2,Talen,,,,,,,,,,,,,,Tue Jan 14 2020 21:16:26 GMT-0500 (Eastern Standard Time),,,,,wta_fetish_traits
hJv2SxuOt9,,,,,,"{""*"":{""read"":true},""role:Administrator"":{""read"":true,""write"":true}}",An Da Shealladh,Tue Jan 14 2020 21:16:24 GMT-0500 (Eastern Standard Time),,,,,,,,,,,,,,,,,,,Tue Jan 14 2020 21:16:24 GMT-0500 (Eastern Standard Time),,,,,techniques
hKTWWaK9J1,,,,,,"{""*"":{""read"":true},""role:Administrator"":{""read"":true,""write"":true}}",Black Sheep,Tue Jan 14 2020 21:16:18 GMT-0500 (Eastern Standard Time),,,,2,,Lose 1 downtime a month.,,,,,,,,,,,,Anarch,Tue Jan 14 2020 21:16:18 GMT-0500 (Eastern Standard Time),,,,,flaws
hMlhKVaqBa,,,,,,"{""*"":{""read"":true},""role:Administrator"":{""read"":true,""write"":true}}",Hard of Hearing,Tue Jan 14 2020 21:16:12 GMT-0500 (Eastern Standard Time),,,,2,,,,,,,,,,,,,,,Tue Jan 14 2020 21:16:12 GMT-0500 (Eastern Standard Time),,,,,ctdbs_flaws
hQNBgf7mXL,,,,,,"{""*"":{""read"":true},""role:Administrator"":{""read"":true,""write"":true}}",Caregiver,Tue Jan 14 2020 21:16:09 GMT-0500 (Eastern Standard Time),,,,,,,,,,,,,,,,,,,Tue Jan 14 2020 21:16:09 GMT-0500 (Eastern Standard Time),,,,,archetype_2
hQp7fNSO0m,,,,,,"{""*"":{""read"":true},""role:Administrator"":{""read"":true,""write"":true}}",The Erciyes Fragments,Tue Jan 14 2020 21:16:25 GMT-0500 (Eastern Standard Time),1,,,,,,,,,,,,,,,,,,Tue Jan 14 2020 21:16:25 GMT-0500 (Eastern Standard Time),,,,,vampiric_texts
hSof4u7CNC,,,,,,"{""*"":{""read"":true},""role:Administrator"":{""read"":true,""write"":true}}",Kupala's Bounty,Tue Jan 14 2020 21:16:21 GMT-0500 (Eastern Standard Time),,TzimisceKoldun,,1,,,,,,,,,,,44,,,,Tue Jan 14 2020 21:16:21 GMT-0500 (Eastern Standard Time),,,,,merits
hTCy7Nyuor,,,,,,"{""*"":{""read"":true},""role:Administrator"":{""read"":true,""write"":true}}",Dream Speak,Tue Jan 14 2020 21:16:33 GMT-0500 (Eastern Standard Time),,,,,,,,,,,,,,,,,,,Tue Jan 14 2020 21:16:33 GMT-0500 (Eastern Standard Time),,,,,wta_totem_bonus_traits
hTRRl6ThDD,,,,,,"{""*"":{""read"":true},""role:Administrator"":{""read"":true,""write"":true}}",Cappadocians: Lamia,Sun Mar 01 2020 22:37:45 GMT-0500 (Eastern Standard Time),1,,,,,,,,,,,,,,,,,,Tue Jan 14 2020 21:16:20 GMT-0500 (Eastern Standard Time),,,,,lore_specializations
hTXJegC8BK,,,,,,"{""*"":{""read"":true},""role:Administrator"":{""read"":true,""write"":true}}",Visceratika,Tue Jan 14 2020 21:16:18 GMT-0500 (Eastern Standard Time),,,,,,,,,,,,,,,,,,,Tue Jan 14 2020 21:16:18 GMT-0500 (Eastern Standard Time),,,,,extra_in_clan_disciplines
hTXwJQd5g6,,,,,,"{""*"":{""read"":true},""role:Administrator"":{""read"":true,""write"":true}}",Animalism,Sun Jan 26 2020 15:30:50 GMT-0500 (Eastern Standard Time),,,,,,,,,,,,,,,,,,,Tue Jan 14 2020 21:16:16 GMT-0500 (Eastern Standard Time),,,,,disciplines
hUlLZrjZGJ,,,,,,"{""*"":{""read"":true},""role:Administrator"":{""read"":true,""write"":true}}",Fae,Tue Jan 14 2020 21:16:16 GMT-0500 (Eastern Standard Time),3,,,,,,,,,,,,,,,,,,Tue Jan 14 2020 21:16:16 GMT-0500 (Eastern Standard Time),,,,,ctdbs_realms
hZKo5qvjOl,,,,,,"{""*"":{""read"":true},""role:Administrator"":{""read"":true,""write"":true}}",Lupus,Tue Jan 14 2020 21:16:25 GMT-0500 (Eastern Standard Time),,,,,,,,,,,,,,,,,,,Tue Jan 14 2020 21:16:25 GMT-0500 (Eastern Standard Time),,,,,wta_breeds
hZMYN7cwoY,,,,,,"{""*"":{""read"":true},""role:Administrator"":{""read"":true,""write"":true}}",Ardent Companion,Tue Jan 14 2020 21:16:20 GMT-0500 (Eastern Standard Time),,Nosferatu,,3,,,,,,,,,,,39,,,,Tue Jan 14 2020 21:16:20 GMT-0500 (Eastern Standard Time),,,,,merits
hb0fFkNv3f,,Ventrue,,,,"{""*"":{""read"":true},""role:Administrator"":{""read"":true,""write"":true}}",Aura of Command,Tue Jan 14 2020 21:16:20 GMT-0500 (Eastern Standard Time),,,,1,,Mortals and Ghouls cannot resist character's Dominate and Presence powers or techniques based off those powers.,,,,,,,,,,,,Clan,Tue Jan 14 2020 21:16:20 GMT-0500 (Eastern Standard Time),,,,,merits
hbvfNDNiaQ,,,,,,"{""*"":{""read"":true},""role:Administrator"":{""read"":true,""write"":true}}",Obvious Predator,Tue Jan 14 2020 21:16:18 GMT-0500 (Eastern Standard Time),,,,2,,"Suffer -2 to all interactions with mortals unaware of the supernatural. Cannot purchase the Contacts, Allies, or Influence backgrounds.",,,,,,,,,,,,General,Tue Jan 14 2020 21:16:18 GMT-0500 (Eastern Standard Time),,,,,flaws
hdBAehSHEr,,,,,,"{""*"":{""read"":true},""role:Administrator"":{""read"":true,""write"":true}}",Thaumaturgy: Path of Blood,Sun Jan 26 2020 15:30:50 GMT-0500 (Eastern Standard Time),,,,,,,,,,,,,,,,,,,Tue Jan 14 2020 21:16:16 GMT-0500 (Eastern Standard Time),,,,,disciplines
hdoXIfGN0R,,,,,,"{""*"":{""read"":true},""role:Administrator"":{""read"":true,""write"":true}}",Shadowcrafting,Tue Jan 14 2020 21:16:24 GMT-0500 (Eastern Standard Time),,,,,,,,,,,,,,,,,,,Tue Jan 14 2020 21:16:24 GMT-0500 (Eastern Standard Time),,,,,techniques
hgWkBdC4Jn,,,,,,"{""*"":{""read"":true},""role:Administrator"":{""read"":true,""write"":true}}",Bloodline: Vizier,Tue Jan 14 2020 21:16:20 GMT-0500 (Eastern Standard Time),,,,2,,,,,,,,,,,,,,,Tue Jan 14 2020 21:16:20 GMT-0500 (Eastern Standard Time),,,,,merits
hj8dc86JmI,,,,,,"{""*"":{""read"":true},""role:Administrator"":{""read"":true,""write"":true}}",Scholomonariue,Tue Jan 14 2020 21:16:22 GMT-0500 (Eastern Standard Time),,TzimisceCarpathians,,3,,,,,,,,,,,44,,,,Tue Jan 14 2020 21:16:22 GMT-0500 (Eastern Standard Time),,,,,merits
hlHc9tRZWI,,,,,,"{""*"":{""read"":true},""role:Administrator"":{""read"":true,""write"":true}}",Master of Illusion,Tue Jan 14 2020 21:16:24 GMT-0500 (Eastern Standard Time),,,,,,,,,,,,,,,,,,,Tue Jan 14 2020 21:16:24 GMT-0500 (Eastern Standard Time),,,,,techniques
hoCTAGINFK,,,,,,"{""*"":{""read"":true},""role:Administrator"":{""read"":true,""write"":true}}",General,Tue Jan 14 2020 21:16:33 GMT-0500 (Eastern Standard Time),1,,,,,,,,,,,,,,,,,,Tue Jan 14 2020 21:16:33 GMT-0500 (Eastern Standard Time),,,,,wta_monikers
hoeBfUcXo3,,,,,,"{""*"":{""read"":true},""role:Administrator"":{""read"":true,""write"":true}}",Loyalist,Tue Jan 14 2020 21:16:18 GMT-0500 (Eastern Standard Time),,,,,,,,,,,,,,,,,,,Tue Jan 14 2020 21:16:18 GMT-0500 (Eastern Standard Time),,,,,factions
hq9lsRy1Fs,,,,,,"{""*"":{""read"":true},""role:Administrator"":{""read"":true,""write"":true}}",Impermanence of Wind and Water,Tue Jan 14 2020 21:16:29 GMT-0500 (Eastern Standard Time),,,,2,,,,,,,,,Wits,,,No,Stargazers,Tribal,Tue Jan 14 2020 21:16:29 GMT-0500 (Eastern Standard Time),,,,,wta_gifts
huEkwybT4o,,Stargazers,,,,"{""*"":{""read"":true},""role:Administrator"":{""read"":true,""write"":true}}",The Zephyer,Tue Jan 14 2020 21:16:26 GMT-0500 (Eastern Standard Time),,,,,,,,,,,,,,,,,,,Tue Jan 14 2020 21:16:26 GMT-0500 (Eastern Standard Time),,,,,wta_camps
huIqVJqH3y,,,,,,"{""*"":{""read"":true},""role:Administrator"":{""read"":true,""write"":true}}",Survival,Tue Jan 14 2020 21:16:23 GMT-0500 (Eastern Standard Time),0,,,,,,,,,,,,,,unknown,,,,Tue Jan 14 2020 21:16:23 GMT-0500 (Eastern Standard Time),,,,,skills
huUtPLAeYr,,,,,,"{""*"":{""read"":true},""role:Administrator"":{""read"":true,""write"":true}}",Coup de Grace,Tue Jan 14 2020 21:16:28 GMT-0500 (Eastern Standard Time),,,,4,,,,,,,,,Perception,,,Yes,Black Furies,Tribal,Tue Jan 14 2020 21:16:28 GMT-0500 (Eastern Standard Time),,,,,wta_gifts
hvueHvhFPf,,,,,,"{""*"":{""read"":true},""role:Administrator"":{""read"":true,""write"":true}}",Willpower,Tue Jan 14 2020 21:16:25 GMT-0500 (Eastern Standard Time),,,,,,,,,,,,,,,,,,,Tue Jan 14 2020 21:16:25 GMT-0500 (Eastern Standard Time),,,,,willpower_sources
hxQW2C5dZ7,,,,,,"{""*"":{""read"":true},""role:Administrator"":{""read"":true,""write"":true}}",Anonymous,Tue Jan 14 2020 21:16:26 GMT-0500 (Eastern Standard Time),,,Cantrip,1,,,,,,,,,,,,,,,Tue Jan 14 2020 21:16:26 GMT-0500 (Eastern Standard Time),,,,,wta_fetish_traits
hxcEHriiP9,,,,,,"{""*"":{""read"":true},""role:Administrator"":{""read"":true,""write"":true}}",Don't Blink,Tue Jan 14 2020 21:16:13 GMT-0500 (Eastern Standard Time),,,,3,,,,,,,,,,,,,,,Tue Jan 14 2020 21:16:13 GMT-0500 (Eastern Standard Time),,,,,ctdbs_merits
hz9KPSfkYu,,,,,,"{""*"":{""read"":true},""role:Administrator"":{""read"":true,""write"":true}}",Haunted,Tue Jan 14 2020 21:16:27 GMT-0500 (Eastern Standard Time),,,,1,,,,,,,,,,,,,,,Tue Jan 14 2020 21:16:27 GMT-0500 (Eastern Standard Time),,,,,wta_flaws
hzlfCiqDJV,,,,,,"{""*"":{""read"":true},""role:Administrator"":{""read"":true,""write"":true}}",Investigation,Tue Jan 14 2020 21:16:23 GMT-0500 (Eastern Standard Time),0,,,,,,,,,,,,,,unknown,,,,Tue Jan 14 2020 21:16:23 GMT-0500 (Eastern Standard Time),,,,,skills
i0IXaDLxos,,,,,,"{""*"":{""read"":true},""role:Administrator"":{""read"":true,""write"":true}}",Curiosity,Tue Jan 14 2020 21:16:27 GMT-0500 (Eastern Standard Time),,,,2,,,,,,,,,,,,,,,Tue Jan 14 2020 21:16:27 GMT-0500 (Eastern Standard Time),,,,,wta_flaws
i1nhGw98tM,,,,,,"{""*"":{""read"":true},""role:Administrator"":{""read"":true,""write"":true}}",Earth's Crushing Embrace,Tue Jan 14 2020 21:16:28 GMT-0500 (Eastern Standard Time),,,,5,,,,,,,,,Intelligence,,,Yes,Red Talonss,Tribal,Tue Jan 14 2020 21:16:28 GMT-0500 (Eastern Standard Time),,,,,wta_gifts
i5b76PEcOA,,,,,,"{""*"":{""read"":true},""role:Administrator"":{""read"":true,""write"":true}}",Architect,Tue Jan 14 2020 21:16:09 GMT-0500 (Eastern Standard Time),,,,,,,,,,,,,,,,,,,Tue Jan 14 2020 21:16:09 GMT-0500 (Eastern Standard Time),,,,,archetype_2
i80X160AYK,,,,,,"{""*"":{""read"":true},""role:Administrator"":{""read"":true,""write"":true}}",One Foot in the Grave,Tue Jan 14 2020 21:16:15 GMT-0500 (Eastern Standard Time),,,,1,,,,,,,,,,,,,,,Tue Jan 14 2020 21:16:15 GMT-0500 (Eastern Standard Time),,,,,ctdbs_merits
iAvtblOsta,,,,,,"{""*"":{""read"":true},""role:Administrator"":{""read"":true,""write"":true}}",Code of Honor,Tue Jan 14 2020 21:16:31 GMT-0500 (Eastern Standard Time),,requires_specialization,,2,,,,,,,,,,,,,,General,Tue Jan 14 2020 21:16:31 GMT-0500 (Eastern Standard Time),,,,,wta_merits
iAycGYGRxD,,,,,,"{""*"":{""read"":true},""role:Administrator"":{""read"":true,""write"":true}}",Umbral Aptitude,Tue Jan 14 2020 21:16:33 GMT-0500 (Eastern Standard Time),,,,,,,,,,,,,,,,,,,Tue Jan 14 2020 21:16:33 GMT-0500 (Eastern Standard Time),,,,,wta_totem_bonus_traits
iDPrFrr81H,,,,,,"{""*"":{""read"":true},""role:Administrator"":{""read"":true,""write"":true}}",Berserker,Tue Jan 14 2020 21:16:31 GMT-0500 (Eastern Standard Time),,,,2,,,,,,,,,,,,,,General,Tue Jan 14 2020 21:16:31 GMT-0500 (Eastern Standard Time),,,,,wta_merits
iHKRToVCPn,,,,,,"{""*"":{""read"":true},""role:Administrator"":{""read"":true,""write"":true}}",Thaumaturgically Gifted,Tue Jan 14 2020 21:16:22 GMT-0500 (Eastern Standard Time),,Bloodline: Sorcerer,,1,,,,,,,,,,,24,,,,Tue Jan 14 2020 21:16:22 GMT-0500 (Eastern Standard Time),,,,,merits
iIFhbkGxFI,,,General,,,"{""*"":{""read"":true},""role:Administrator"":{""read"":true,""write"":true}}",Loyal,Thu Feb 13 2020 22:50:14 GMT-0500 (Eastern Standard Time),,,,,,,,,,,,,,,,,,Fleeting,Tue Jan 14 2020 21:16:23 GMT-0500 (Eastern Standard Time),,,,,status_traits
iIPFMrLR8v,,,,,,"{""*"":{""read"":true},""role:Administrator"":{""read"":true,""write"":true}}",House Ailil,Tue Jan 14 2020 21:16:15 GMT-0500 (Eastern Standard Time),,,,,,,,,,,,,,,,,,,Tue Jan 14 2020 21:16:15 GMT-0500 (Eastern Standard Time),,,,,ctdbs_noble_houses
iJ1aC5OAuS,,,,,,"{""*"":{""read"":true},""role:Administrator"":{""read"":true,""write"":true}}",Careless,Tue Jan 14 2020 21:16:27 GMT-0500 (Eastern Standard Time),,,,1,,,,,,,,,,,,,,,Tue Jan 14 2020 21:16:27 GMT-0500 (Eastern Standard Time),,,,,wta_flaws
iKU5GnZ1Jx,,,,,,"{""*"":{""read"":true},""role:Administrator"":{""read"":true,""write"":true}}",Loremaster,Tue Jan 14 2020 21:16:14 GMT-0500 (Eastern Standard Time),,,,1,,,,,,,,,,,,,,,Tue Jan 14 2020 21:16:14 GMT-0500 (Eastern Standard Time),,,,,ctdbs_merits
iKsoQJssmd,,requires_specialization,,,,"{""*"":{""read"":true},""role:Administrator"":{""read"":true,""write"":true}}",Allergy,Tue Jan 14 2020 21:16:12 GMT-0500 (Eastern Standard Time),,requires_specialization,,2,,,,,,,,,,,,,,,Tue Jan 14 2020 21:16:12 GMT-0500 (Eastern Standard Time),,,,,ctdbs_flaws
iMqRwIfo5m,,,,,,"{""*"":{""read"":true},""role:Administrator"":{""read"":true,""write"":true}}",Protean,Tue Jan 14 2020 21:16:18 GMT-0500 (Eastern Standard Time),,,,,,,,,,,,,,,,,,,Tue Jan 14 2020 21:16:18 GMT-0500 (Eastern Standard Time),,,,,extra_in_clan_disciplines
iNhhjPaARZ,,,,,,"{""*"":{""read"":true},""role:Administrator"":{""read"":true,""write"":true}}",Quietus: Blood Sweat,Tue Jan 14 2020 21:16:17 GMT-0500 (Eastern Standard Time),,,,,,,,,,,,,,,,,,,Tue Jan 14 2020 21:16:17 GMT-0500 (Eastern Standard Time),,,,,elder_disciplines
iO2RkytCyj,,,,,,"{""*"":{""read"":true},""role:Administrator"":{""read"":true,""write"":true}}",Metamorphosis,Tue Jan 14 2020 21:16:11 GMT-0500 (Eastern Standard Time),4,,,,,,,,,,,,,,,,,,Tue Jan 14 2020 21:16:11 GMT-0500 (Eastern Standard Time),,,,,ctdbs_arts
iOwPJRgBWt,,,,,,"{""*"":{""read"":true},""role:Administrator"":{""read"":true,""write"":true}}",Stony Retribution,Tue Jan 14 2020 21:16:24 GMT-0500 (Eastern Standard Time),,,,,,,,,,,,,,,,,,,Tue Jan 14 2020 21:16:24 GMT-0500 (Eastern Standard Time),,,,,techniques
iQLMpzEb2F,,,,,,"{""*"":{""read"":true},""role:Administrator"":{""read"":true,""write"":true}}",Feral Laughter,Tue Jan 14 2020 21:16:28 GMT-0500 (Eastern Standard Time),,,,2,,,,,,,,,Manipulation,,,Yes,Ajaba,Fera,Tue Jan 14 2020 21:16:28 GMT-0500 (Eastern Standard Time),,,,,wta_gifts
iUFFfdTFhz,,,,,,"{""*"":{""read"":true},""role:Administrator"":{""read"":true,""write"":true}}",Slave to the Urge,Tue Jan 14 2020 21:16:27 GMT-0500 (Eastern Standard Time),,,,3,,,,,,,,,,,,,,,Tue Jan 14 2020 21:16:27 GMT-0500 (Eastern Standard Time),,,,,wta_flaws
iYQU4YF4nF,,,,,,"{""*"":{""read"":true},""role:Administrator"":{""read"":true,""write"":true}}",Fenrir's Boon,Tue Jan 14 2020 21:16:24 GMT-0500 (Eastern Standard Time),,,,,,,,,,,,,,,,,,,Tue Jan 14 2020 21:16:24 GMT-0500 (Eastern Standard Time),,,,,techniques
iYtBR7gnNy,,,,,,"{""*"":{""read"":true},""role:Administrator"":{""read"":true,""write"":true}}",Kitsune,Tue Jan 14 2020 21:16:33 GMT-0500 (Eastern Standard Time),19,,Inari's Messengers,,Rusty's Rumspringa ,No Delirium; No Regeneration,The Wheel,,,,,,,,,,,,Tue Jan 14 2020 21:16:33 GMT-0500 (Eastern Standard Time),,,,,wta_tribes
iaop3N1uBl,,,,,,"{""*"":{""read"":true},""role:Administrator"":{""read"":true,""write"":true}}",Athletics,Tue Jan 14 2020 21:16:23 GMT-0500 (Eastern Standard Time),0,,,,,,,,,,,,,,unknown,,,,Tue Jan 14 2020 21:16:23 GMT-0500 (Eastern Standard Time),,,,,skills
ie9W35s5uf,,,Anarch,,,"{""*"":{""read"":true},""role:Administrator"":{""read"":true,""write"":true}}",Mandate,Thu Feb 13 2020 22:50:14 GMT-0500 (Eastern Standard Time),,,,,,,,,,,,,,,,,,Abiding,Tue Jan 14 2020 21:16:23 GMT-0500 (Eastern Standard Time),,,,,status_traits
ierEVIMDqk,,,,,,"{""*"":{""read"":true},""role:Administrator"":{""read"":true,""write"":true}}",Crocas,Tue Jan 14 2020 21:16:27 GMT-0500 (Eastern Standard Time),,,,,,Aggravted Bite & Claw attacks; Gains Hardened and Impact Absorption,,,,,,,Stamina: +3 wound levels; 1 in each category,,,,,Ajaba,Tue Jan 14 2020 21:16:27 GMT-0500 (Eastern Standard Time),,,,,wta_forms
ifZ7Uzjiji,,Black Furies,,,,"{""*"":{""read"":true},""role:Administrator"":{""read"":true,""write"":true}}",Order of the Merciful Mother,Tue Jan 14 2020 21:16:26 GMT-0500 (Eastern Standard Time),,,,,,,,,,,,,,,,,,,Tue Jan 14 2020 21:16:26 GMT-0500 (Eastern Standard Time),,,,,wta_camps
ijQYKiSeJV,,,,,,"{""*"":{""read"":true},""role:Administrator"":{""read"":true,""write"":true}}",Mass Hypnosis,Tue Jan 14 2020 21:16:24 GMT-0500 (Eastern Standard Time),,,,,,,,,,,,,,,,,,,Tue Jan 14 2020 21:16:24 GMT-0500 (Eastern Standard Time),,,,,techniques
ilua5N1v1R,,,,,,"{""*"":{""read"":true},""role:Administrator"":{""read"":true,""write"":true}}",Cloak of the Mists,Tue Jan 14 2020 21:16:28 GMT-0500 (Eastern Standard Time),,,,4,,,,,,,,,Charisma,,,Yes,Fianna,Tribal,Tue Jan 14 2020 21:16:28 GMT-0500 (Eastern Standard Time),,,,,wta_gifts
inAkI0IGXQ,,,,,,"{""*"":{""read"":true},""role:Administrator"":{""read"":true,""write"":true}}",Binding,Tue Jan 14 2020 21:16:23 GMT-0500 (Eastern Standard Time),,,,,,,,,,,,,,,,,,Auctoritas,Tue Jan 14 2020 21:16:23 GMT-0500 (Eastern Standard Time),,,,,sabbat_rituals
irNrlhlbGj,,,,,,"{""*"":{""read"":true},""role:Administrator"":{""read"":true,""write"":true}}",Archaeology,Tue Jan 14 2020 21:16:09 GMT-0500 (Eastern Standard Time),1,,,,,,,,,,,,,,,,,,Tue Jan 14 2020 21:16:09 GMT-0500 (Eastern Standard Time),,,,,academics_specializations
isbaBkD5fQ,,Uktena,,,,"{""*"":{""read"":true},""role:Administrator"":{""read"":true,""write"":true}}",The Guides of the Sky and Earth,Tue Jan 14 2020 21:16:26 GMT-0500 (Eastern Standard Time),,,,,,,,,,,,,,,,,,,Tue Jan 14 2020 21:16:26 GMT-0500 (Eastern Standard Time),,,,,wta_camps
it8y41PkkV,,,,,,"{""*"":{""read"":true},""role:Administrator"":{""read"":true,""write"":true}}",Spider in the Mirror,Tue Jan 14 2020 21:16:30 GMT-0500 (Eastern Standard Time),,,,5,,,,,,,,,Perception,,,No,Ananasi,Fera,Tue Jan 14 2020 21:16:30 GMT-0500 (Eastern Standard Time),,,,,wta_gifts
iwAT6C1aIT,,,,,,"{""*"":{""read"":true},""role:Administrator"":{""read"":true,""write"":true}}",Encumbering,Tue Jan 14 2020 21:16:26 GMT-0500 (Eastern Standard Time),,,,1,,,,Weapon,,,,,,,,,,,Tue Jan 14 2020 21:16:26 GMT-0500 (Eastern Standard Time),,,,,wta_fetish_traits
iwCBG3IdBR,,,,,,"{""*"":{""read"":true},""role:Administrator"":{""read"":true,""write"":true}}",Grip of the Damned,Tue Jan 14 2020 21:16:18 GMT-0500 (Eastern Standard Time),,,,2,,"Do not invoke the Kiss, must grapple prey, cannot seal feeding wound, and feeding from mortals is a level 1 Morality sin.",,,,,,,,,,,,General,Tue Jan 14 2020 21:16:18 GMT-0500 (Eastern Standard Time),,,,,flaws
iwbs2ZyqgG,,,,,,"{""*"":{""read"":true},""role:Administrator"":{""read"":true,""write"":true}}",Banks,Sat Feb 14 2026 18:10:12 GMT-0500 (Eastern Standard Time),1,,,,,,,,,,,,,,,,,,Tue Jan 14 2020 21:16:19 GMT-0500 (Eastern Standard Time),,,,,influence_underworld_specializations
j0E2M2Y7JM,,,,,,"{""*"":{""read"":true},""role:Administrator"":{""read"":true,""write"":true}}",Animal Musk,Tue Jan 14 2020 21:16:27 GMT-0500 (Eastern Standard Time),,,,3,,,,,,,,,,,,,,,Tue Jan 14 2020 21:16:27 GMT-0500 (Eastern Standard Time),,,,,wta_flaws
j5QPojX9xm,,,,,,"{""*"":{""read"":true},""role:Administrator"":{""read"":true,""write"":true}}",Rokea,Tue Jan 14 2020 21:16:26 GMT-0500 (Eastern Standard Time),,,Betweeners,4,Fury of the Sea,Cannot naturally bleed Rage,Tainted Consumption,,,,,,,,,,,,Tue Jan 14 2020 21:16:26 GMT-0500 (Eastern Standard Time),,,,,wta_fera_descriptions
j5tEyiAuGa,,,,,,"{""*"":{""read"":true},""role:Administrator"":{""read"":true,""write"":true}}",Pied Piper,Tue Jan 14 2020 21:16:12 GMT-0500 (Eastern Standard Time),,,,1,,,,,,,,,,,,,,,Tue Jan 14 2020 21:16:12 GMT-0500 (Eastern Standard Time),,,,,ctdbs_flaws
j9narme4hs,,,,,,"{""*"":{""read"":true},""role:Administrator"":{""read"":true,""write"":true}}",Mediator,Tue Jan 14 2020 21:16:10 GMT-0500 (Eastern Standard Time),,,,,,,,,,,,,,,,,,,Tue Jan 14 2020 21:16:10 GMT-0500 (Eastern Standard Time),,,,,archetypes
jAMy0zFOtX,,,,,,"{""*"":{""read"":true},""role:Administrator"":{""read"":true,""write"":true}}",Relentless Pursuit,Tue Jan 14 2020 21:16:24 GMT-0500 (Eastern Standard Time),,,,,,,,,,,,,,,,,,,Tue Jan 14 2020 21:16:24 GMT-0500 (Eastern Standard Time),,,,,techniques
jAneNdWfWR,,,,,,"{""*"":{""read"":true},""role:Administrator"":{""read"":true,""write"":true}}",Subtle as Hell,Tue Jan 14 2020 21:16:22 GMT-0500 (Eastern Standard Time),,Baali,,2,,,,,,,,,,,47,,,,Tue Jan 14 2020 21:16:22 GMT-0500 (Eastern Standard Time),,,,,merits
jC8bxf7ZEZ,,,,,,"{""*"":{""read"":true},""role:Administrator"":{""read"":true,""write"":true}}",Short Attention Span,Tue Jan 14 2020 21:16:19 GMT-0500 (Eastern Standard Time),,,,4,,"Must concentrate to continue using a power, w/o concentration the power ends in 1 turn. Permanent Willpower is reduced by 1.",,,,,,,,,,,,General,Tue Jan 14 2020 21:16:19 GMT-0500 (Eastern Standard Time),,,,,flaws
jFtHEkBCdU,,,,,,"{""*"":{""read"":true},""role:Administrator"":{""read"":true,""write"":true}}",Temporis,Sun Jan 26 2020 15:30:50 GMT-0500 (Eastern Standard Time),,,,,,,,,,,,,,,,,,,Tue Jan 14 2020 21:16:16 GMT-0500 (Eastern Standard Time),,,,,disciplines
jHbBRFx9Lk,,,,,,"{""*"":{""read"":true},""role:Administrator"":{""read"":true,""write"":true}}",Tempest Form,Tue Jan 14 2020 21:16:24 GMT-0500 (Eastern Standard Time),,,,,,,,,,,,,,,,,,,Tue Jan 14 2020 21:16:24 GMT-0500 (Eastern Standard Time),,,,,techniques
jIBYZGOl3S,,,,,,"{""*"":{""read"":true},""role:Administrator"":{""read"":true,""write"":true}}",Gnosis,Tue Jan 14 2020 21:16:30 GMT-0500 (Eastern Standard Time),,,,,,,,,,,,,,,,,,,Tue Jan 14 2020 21:16:30 GMT-0500 (Eastern Standard Time),,,,,wta_gnosis_sources
jJqLIwXKUk,,,,,,"{""*"":{""read"":true},""role:Administrator"":{""read"":true,""write"":true}}",Lurking Horror,Tue Jan 14 2020 21:16:15 GMT-0500 (Eastern Standard Time),,,,3,,,,,,,,,,,,,,,Tue Jan 14 2020 21:16:15 GMT-0500 (Eastern Standard Time),,,,,ctdbs_merits
jLzbLXC8EP,,Silent Striders,,,,"{""*"":{""read"":true},""role:Administrator"":{""read"":true,""write"":true}}",Wayfarers,Tue Jan 14 2020 21:16:26 GMT-0500 (Eastern Standard Time),,,,,,,,,,,,,,,,,,,Tue Jan 14 2020 21:16:26 GMT-0500 (Eastern Standard Time),,,,,wta_camps
jOkm9rFAZ0,,,,,,"{""*"":{""read"":true},""role:Administrator"":{""read"":true,""write"":true}}",Streetwise,Tue Jan 14 2020 21:16:23 GMT-0500 (Eastern Standard Time),0,,,,,,,,,,,,,,unknown,,,,Tue Jan 14 2020 21:16:23 GMT-0500 (Eastern Standard Time),,,,,skills
jPvRvxmiTG,,,,,,"{""*"":{""read"":true},""role:Administrator"":{""read"":true,""write"":true}}",Political science,Tue Jan 14 2020 21:16:09 GMT-0500 (Eastern Standard Time),1,,,,,,,,,,,,,,,,,,Tue Jan 14 2020 21:16:09 GMT-0500 (Eastern Standard Time),,,,,academics_specializations
jQYGSzC2JY,,,,,,"{""*"":{""read"":true},""role:Administrator"":{""read"":true,""write"":true}}",Strength of Purpose,Tue Jan 14 2020 21:16:30 GMT-0500 (Eastern Standard Time),,,,2,,,,,,,,,Charisma,,,No,Theurge,General,Tue Jan 14 2020 21:16:30 GMT-0500 (Eastern Standard Time),Philodox,,,,wta_gifts
jUaXcJ4fCj,,Ravnos,,,,"{""*"":{""read"":true},""role:Administrator"":{""read"":true,""write"":true}}",Escape Artist,Tue Jan 14 2020 21:16:21 GMT-0500 (Eastern Standard Time),,,,3,,Study surrounding for 3 turns to Fair Escape any physical restraints other than grapples. Cannot escape impossible situations with this.,,,,,,,,,,,,Clan,Tue Jan 14 2020 21:16:21 GMT-0500 (Eastern Standard Time),,,,,merits
jWzrC106D6,,,,,,"{""*"":{""read"":true},""role:Administrator"":{""read"":true,""write"":true}}",Ratkin,Tue Jan 14 2020 21:16:26 GMT-0500 (Eastern Standard Time),,,Munchmausen,2,Twitchers,Permanent Derangement ,Engineers,,,,,,,,,,,,Tue Jan 14 2020 21:16:26 GMT-0500 (Eastern Standard Time),,,,,wta_fera_descriptions
jaHorsxHke,,,,,,"{""*"":{""read"":true},""role:Administrator"":{""read"":true,""write"":true}}",Competitor,Tue Jan 14 2020 21:16:10 GMT-0500 (Eastern Standard Time),,,,,,,,,,,,,,,,,,,Tue Jan 14 2020 21:16:10 GMT-0500 (Eastern Standard Time),,,,,archetype_2s
jaKXJGgkhx,,,,,,"{""*"":{""read"":true},""role:Administrator"":{""read"":true,""write"":true}}",Thaumaturgy: Pavis of the Foul Presence,Tue Jan 14 2020 21:16:23 GMT-0500 (Eastern Standard Time),,,,3,,,,,,,,,,,,,,,Tue Jan 14 2020 21:16:23 GMT-0500 (Eastern Standard Time),,,,,rituals
jc58ULYvY9,,,,,,"{""*"":{""read"":true},""role:Administrator"":{""read"":true,""write"":true}}",Coyote's Laughter,Tue Jan 14 2020 21:16:28 GMT-0500 (Eastern Standard Time),,,,2,,,,,,,,,Appearance,,,No,Nuwisha,Fera,Tue Jan 14 2020 21:16:28 GMT-0500 (Eastern Standard Time),,,,,wta_gifts
jcXviAfTAd,,,,,,"{""*"":{""read"":true},""role:Administrator"":{""read"":true,""write"":true}}",Flashy ,Tue Jan 14 2020 21:16:31 GMT-0500 (Eastern Standard Time),,,,,,,,General,,,,,,,,,,,Tue Jan 14 2020 21:16:31 GMT-0500 (Eastern Standard Time),,,,,wta_item_traits
jdfU9EKuFw,,Shadow Lords,,,,"{""*"":{""read"":true},""role:Administrator"":{""read"":true,""write"":true}}",Judges of Doom,Tue Jan 14 2020 21:16:26 GMT-0500 (Eastern Standard Time),,,,,,,,,,,,,,,,,,,Tue Jan 14 2020 21:16:26 GMT-0500 (Eastern Standard Time),,,,,wta_camps
jeLsM8YjLc,,,,,,"{""*"":{""read"":true},""role:Administrator"":{""read"":true,""write"":true}}",Know-It-All,Tue Jan 14 2020 21:16:10 GMT-0500 (Eastern Standard Time),,,,,,,,,,,,,,,,,,,Tue Jan 14 2020 21:16:10 GMT-0500 (Eastern Standard Time),,,,,archetype_2s
jiiEOGFkNd,,,,,,"{""*"":{""read"":true},""role:Administrator"":{""read"":true,""write"":true}}",Rending,Sat Mar 07 2020 11:09:28 GMT-0500 (Eastern Standard Time),,Gangrel,,3,,,,,,,,,,,29,,,,Tue Jan 14 2020 21:16:21 GMT-0500 (Eastern Standard Time),,,,,merits
jkPVPJNUzE,,,,,,"{""*"":{""read"":true},""role:Administrator"":{""read"":true,""write"":true}}",Devious Feint,Tue Jan 14 2020 21:16:24 GMT-0500 (Eastern Standard Time),,,,,,,,,,,,,,,,,,,Tue Jan 14 2020 21:16:24 GMT-0500 (Eastern Standard Time),,,,,techniques
jlI68bVF7T,,,,,,"{""*"":{""read"":true},""role:Administrator"":{""read"":true,""write"":true}}",Blase,Tue Jan 14 2020 21:16:20 GMT-0500 (Eastern Standard Time),,,,3,,"Gain free retest against Dementation, Melpominee, and Presence. Can be used before or after the normal Willpower retest. Exception to rules limiting retests.",,,,,,,,,,,,General,Tue Jan 14 2020 21:16:20 GMT-0500 (Eastern Standard Time),,,,,merits
jlLuVCyaAj,,requires_specialization,,,,"{""*"":{""read"":true},""role:Administrator"":{""read"":true,""write"":true}}",Moon Bound,Tue Jan 14 2020 21:16:27 GMT-0500 (Eastern Standard Time),,requires_specialization,,1,,,,,,,,,,,,,,,Tue Jan 14 2020 21:16:27 GMT-0500 (Eastern Standard Time),,,,,wta_flaws
jmPnEHeysV,,,,,,"{""*"":{""read"":true},""role:Administrator"":{""read"":true,""write"":true}}",Path of Cathari,Tue Jan 14 2020 21:16:21 GMT-0500 (Eastern Standard Time),,,,3,,,,,,,,,,,,,,Morality,Tue Jan 14 2020 21:16:21 GMT-0500 (Eastern Standard Time),,,,,merits
jmtXreJzRs,,,,,,"{""*"":{""read"":true},""role:Administrator"":{""read"":true,""write"":true}}",Soothsay,Tue Jan 14 2020 21:16:11 GMT-0500 (Eastern Standard Time),10,,,,,,,,,,,,,,,,,,Tue Jan 14 2020 21:16:11 GMT-0500 (Eastern Standard Time),,,,,ctdbs_arts_affinities_links
jncVctReBV,,,,,,"{""*"":{""read"":true},""role:Administrator"":{""read"":true,""write"":true}}",Bloodline: Volgirre,Tue Jan 14 2020 21:16:20 GMT-0500 (Eastern Standard Time),,,,2,,,,,,,,,,,,,,,Tue Jan 14 2020 21:16:20 GMT-0500 (Eastern Standard Time),,,,,merits
jrlNeIDHCP,,,,,,"{""*"":{""read"":true},""role:Administrator"":{""read"":true,""write"":true}}",Harbinger of Vengeance,Tue Jan 14 2020 21:16:24 GMT-0500 (Eastern Standard Time),,,,,,,,,,,,,,,,,,,Tue Jan 14 2020 21:16:24 GMT-0500 (Eastern Standard Time),,,,,techniques
jtgoi9rVtJ,,,,,,"{""*"":{""read"":true},""role:Administrator"":{""read"":true,""write"":true}}",Animal Succulence,Tue Jan 14 2020 21:16:24 GMT-0500 (Eastern Standard Time),,,,,,,,,,,,,,,,,,,Tue Jan 14 2020 21:16:24 GMT-0500 (Eastern Standard Time),,,,,techniques
jvv33L9Lv7,,,,,,"{""*"":{""read"":true},""role:Administrator"":{""read"":true,""write"":true}}",Blasé,Tue Jan 14 2020 21:16:31 GMT-0500 (Eastern Standard Time),,,,3,,,,,,,,,,,,,,General,Tue Jan 14 2020 21:16:31 GMT-0500 (Eastern Standard Time),,,,,wta_merits
jzwjIVqxop,,,,,,"{""*"":{""read"":true},""role:Administrator"":{""read"":true,""write"":true}}",Echo Psychosis,Tue Jan 14 2020 21:16:24 GMT-0500 (Eastern Standard Time),,,,,,,,,,,,,,,,,,,Tue Jan 14 2020 21:16:24 GMT-0500 (Eastern Standard Time),,,,,techniques
k1aaDHOT5C,,,,,,"{""*"":{""read"":true},""role:Administrator"":{""read"":true,""write"":true}}",Ravnos: Brahman,Sun Mar 01 2020 22:37:46 GMT-0500 (Eastern Standard Time),1,,,,,,,,,,,,,,,,,,Tue Jan 14 2020 21:16:20 GMT-0500 (Eastern Standard Time),,,,,lore_specializations
k2bvKYFk3y,,,,,,"{""*"":{""read"":true},""role:Administrator"":{""read"":true,""write"":true}}",Untrustworthy,Tue Jan 14 2020 21:16:11 GMT-0500 (Eastern Standard Time),,,,,,,,,,,,,,,,,,,Tue Jan 14 2020 21:16:11 GMT-0500 (Eastern Standard Time),,,,,archetypes_2
k4MtNTwuhq,,requires_specialization,,,,"{""*"":{""read"":true},""role:Administrator"":{""read"":true,""write"":true}}",Science,Tue Jan 14 2020 21:16:23 GMT-0500 (Eastern Standard Time),0,,,,,,,,,,,,,,unknown,,,,Tue Jan 14 2020 21:16:23 GMT-0500 (Eastern Standard Time),,,,,skills
k6FYHmPZTb,,,,,,"{""*"":{""read"":true},""role:Administrator"":{""read"":true,""write"":true}}",Size,Tue Jan 14 2020 21:16:33 GMT-0500 (Eastern Standard Time),,,,,,,,,,,,,,,,,,,Tue Jan 14 2020 21:16:33 GMT-0500 (Eastern Standard Time),,,,,wta_territory_specializations
k75kbyIaNu,,,,,,"{""*"":{""read"":true},""role:Administrator"":{""read"":true,""write"":true}}",Dynamic Form,Tue Jan 14 2020 21:16:24 GMT-0500 (Eastern Standard Time),,,,,,,,,,,,,,,,,,,Tue Jan 14 2020 21:16:24 GMT-0500 (Eastern Standard Time),,,,,techniques
k8DGDfGPZV,,,,,,"{""*"":{""read"":true},""role:Administrator"":{""read"":true,""write"":true}}",Martyr,Tue Jan 14 2020 21:16:10 GMT-0500 (Eastern Standard Time),,,,,,,,,,,,,,,,,,,Tue Jan 14 2020 21:16:10 GMT-0500 (Eastern Standard Time),,,,,archetypes
kAOGNlGxRu,,,,,,"{""*"":{""read"":true},""role:Administrator"":{""read"":true,""write"":true}}",Impact Absorption,Tue Jan 14 2020 21:16:26 GMT-0500 (Eastern Standard Time),,,,1,Talen,,,,,,,,,,,,,,Tue Jan 14 2020 21:16:26 GMT-0500 (Eastern Standard Time),,,,,wta_fetish_traits
kFuNfFiYpJ,,,,,,"{""*"":{""read"":true},""role:Administrator"":{""read"":true,""write"":true}}",Thaumaturgy: Soul of the Homunculi,Tue Jan 14 2020 21:16:23 GMT-0500 (Eastern Standard Time),,,,3,,,,,,,,,,,,,,,Tue Jan 14 2020 21:16:23 GMT-0500 (Eastern Standard Time),,,,,rituals
kMVgBFaQ37,,,,,,"{""*"":{""read"":true},""role:Administrator"":{""read"":true,""write"":true}}",Assamite,Tue Aug 31 2021 02:28:47 GMT-0400 (Eastern Daylight Time),,,,,,,,,,,,,,,,,,,Tue Jan 14 2020 21:16:11 GMT-0500 (Eastern Standard Time),,,,,clans
kPJRjnU1gt,,,,,,"{""*"":{""read"":true},""role:Administrator"":{""read"":true,""write"":true}}",Euagetaematikon/Book of Shining Blood,Tue Jan 14 2020 21:16:25 GMT-0500 (Eastern Standard Time),19,,,,,,,,,,,,,,,,,,Tue Jan 14 2020 21:16:25 GMT-0500 (Eastern Standard Time),,,,,vampiric_texts
kS3rWmBp63,,,,,,"{""*"":{""read"":true},""role:Administrator"":{""read"":true,""write"":true}}",The Green Knights,Tue Jan 14 2020 21:16:12 GMT-0500 (Eastern Standard Time),,,,,,,,,,,,,,,,,,,Tue Jan 14 2020 21:16:12 GMT-0500 (Eastern Standard Time),,,,,ctdbs_kith_group_types
kSiR8k6LWM,,,,No,,"{""*"":{""read"":true},""role:Administrator"":{""read"":true,""write"":true}}",Fame,Tue Jan 14 2020 21:16:25 GMT-0500 (Eastern Standard Time),,,,,,,,,,,,,,No,,,,,Tue Jan 14 2020 21:16:25 GMT-0500 (Eastern Standard Time),,,,,wta_backgrounds
kTlCr1WvQE,,Wyld,,,,"{""*"":{""read"":true},""role:Administrator"":{""read"":true,""write"":true}}",Rightous,Tue Jan 14 2020 21:16:32 GMT-0500 (Eastern Standard Time),,,,2,,,,,,,,,,,,,,Faction,Tue Jan 14 2020 21:16:32 GMT-0500 (Eastern Standard Time),,,,,wta_merits
kUaAY9vCNa,,,,,,"{""*"":{""read"":true},""role:Administrator"":{""read"":true,""write"":true}}",Untrustworthy,Tue Jan 14 2020 21:16:10 GMT-0500 (Eastern Standard Time),,,,,,,,,,,,,,,,,,,Tue Jan 14 2020 21:16:10 GMT-0500 (Eastern Standard Time),,,,,archetype_2
kVGRpU0wMI,,,,,,"{""*"":{""read"":true},""role:Administrator"":{""read"":true,""write"":true}}",Traitor's Bane,Tue Jan 14 2020 21:16:30 GMT-0500 (Eastern Standard Time),,,,1,,,,,,,,,Perception,,,No,Philodox,General,Tue Jan 14 2020 21:16:30 GMT-0500 (Eastern Standard Time),Metis,,,,wta_gifts
kWdA423xy6,,,,,,"{""*"":{""read"":true},""role:Administrator"":{""read"":true,""write"":true}}",Chant of Serenity,Tue Jan 14 2020 21:16:28 GMT-0500 (Eastern Standard Time),,,,5,,,,,,,,,Charisma,,,No,Theurge,General,Tue Jan 14 2020 21:16:28 GMT-0500 (Eastern Standard Time),Galliard,,,,wta_gifts
kWvpHSXa88,,,,,,"{""*"":{""read"":true},""role:Administrator"":{""read"":true,""write"":true}}",Obeah: Unburden the Beastial Soul,Tue Jan 14 2020 21:16:17 GMT-0500 (Eastern Standard Time),,,,,,,,,,,,,,,,,,,Tue Jan 14 2020 21:16:17 GMT-0500 (Eastern Standard Time),,,,,elder_disciplines
kYF9TpaJyo,,,,,,"{""*"":{""read"":true},""role:Administrator"":{""read"":true,""write"":true}}",Paradox,Tue Jan 14 2020 21:16:22 GMT-0500 (Eastern Standard Time),15,,,,,,,,,,,,,,,,,,Tue Jan 14 2020 21:16:22 GMT-0500 (Eastern Standard Time),,,,,paths
kYLjPztVtL,,,,,,"{""*"":{""read"":true},""role:Administrator"":{""read"":true,""write"":true}}",Typhon-Set,Tue Jan 14 2020 21:16:22 GMT-0500 (Eastern Standard Time),18,,,,,,,,,,,,,,,,,,Tue Jan 14 2020 21:16:22 GMT-0500 (Eastern Standard Time),,,,,paths
kbSIg2LKHm,,,,,,"{""*"":{""read"":true},""role:Administrator"":{""read"":true,""write"":true}}",Baali: Angelis Ater,Tue Aug 31 2021 02:28:47 GMT-0400 (Eastern Daylight Time),,,,,,,,,,,,,,,,,,,Tue Jan 14 2020 21:16:11 GMT-0500 (Eastern Standard Time),,,,,clans
kbwmZXQvCa,,,,,,"{""*"":{""read"":true},""role:Administrator"":{""read"":true,""write"":true}}",Hunted,Tue Jan 14 2020 21:16:33 GMT-0500 (Eastern Standard Time),1,,,,,,,,,,,,,,,,,,Tue Jan 14 2020 21:16:33 GMT-0500 (Eastern Standard Time),,,,,wta_monikers
kdC6nZW2vK,,,,,,"{""*"":{""read"":true},""role:Administrator"":{""read"":true,""write"":true}}",Skullduggery,Tue Jan 14 2020 21:16:11 GMT-0500 (Eastern Standard Time),9,,,,,,,,,,,,,,,,,,Tue Jan 14 2020 21:16:11 GMT-0500 (Eastern Standard Time),,,,,ctdbs_arts_affinities_links
khQeMPSi0t,,,,,,"{""*"":{""read"":true},""role:Administrator"":{""read"":true,""write"":true}}",Silenced,Tue Jan 14 2020 21:16:31 GMT-0500 (Eastern Standard Time),,,,,Ranged,,,,,,,,,,,,,,Tue Jan 14 2020 21:16:31 GMT-0500 (Eastern Standard Time),,,,,wta_item_traits
klp7HnOEJ7,,Bone Gnawers,,,,"{""*"":{""read"":true},""role:Administrator"":{""read"":true,""write"":true}}",The Common Man,Tue Jan 14 2020 21:16:32 GMT-0500 (Eastern Standard Time),,,,3,,,,,,,,,,,,,,Tribal,Tue Jan 14 2020 21:16:32 GMT-0500 (Eastern Standard Time),,,,,wta_merits
kpA7yrELty,,,,,,"{""*"":{""read"":true},""role:Administrator"":{""read"":true,""write"":true}}",Divining,Tue Jan 14 2020 21:16:26 GMT-0500 (Eastern Standard Time),,,,1,,,Fetish,,,,,,,,,,,,Tue Jan 14 2020 21:16:26 GMT-0500 (Eastern Standard Time),,,,,wta_fetish_traits
kspRrUFEI6,,,Sabbat,,,"{""*"":{""read"":true},""role:Administrator"":{""read"":true,""write"":true}}",Battle-scarred,Thu Feb 13 2020 22:50:12 GMT-0500 (Eastern Standard Time),,,,,,,,,,,,,,,,,,Fleeting,Tue Jan 14 2020 21:16:23 GMT-0500 (Eastern Standard Time),,,,,status_traits
kthNg3LoYd,,,,,,"{""*"":{""read"":true},""role:Administrator"":{""read"":true,""write"":true}}",Celerity: Quickness,Tue Jan 14 2020 21:16:17 GMT-0500 (Eastern Standard Time),,,,,,,,,,,,,,,,,,,Tue Jan 14 2020 21:16:17 GMT-0500 (Eastern Standard Time),,,,,elder_disciplines
kx4HHBPXYO,,,,,,"{""*"":{""read"":true},""role:Administrator"":{""read"":true,""write"":true}}",Introvert,Tue Jan 14 2020 21:16:10 GMT-0500 (Eastern Standard Time),,,,,,,,,,,,,,,,,,,Tue Jan 14 2020 21:16:10 GMT-0500 (Eastern Standard Time),,,,,archetypes
kyxA8eoyRU,,,,,,"{""*"":{""read"":true},""role:Administrator"":{""read"":true,""write"":true}}",Strange Composition,Tue Jan 14 2020 21:16:31 GMT-0500 (Eastern Standard Time),,,Melee,,Ranged,,,,,,,,,,,,,,Tue Jan 14 2020 21:16:31 GMT-0500 (Eastern Standard Time),,,,,wta_item_traits
l3GkXXCXMN,,,,,,"{""*"":{""read"":true},""role:Administrator"":{""read"":true,""write"":true}}",Serpentine Embrace,Tue Jan 14 2020 21:16:22 GMT-0500 (Eastern Standard Time),,Bloodline: Viper,,1,,,,,,,,,,,28,,,,Tue Jan 14 2020 21:16:22 GMT-0500 (Eastern Standard Time),,,,,merits
l79tAPtYAx,,,,,,"{""*"":{""read"":true},""role:Administrator"":{""read"":true,""write"":true}}",Unchain the Beast Mind,Tue Jan 14 2020 21:16:30 GMT-0500 (Eastern Standard Time),,,,4,,,,,,,,,Appearance,,,No,Red Talonss,Tribal,Tue Jan 14 2020 21:16:30 GMT-0500 (Eastern Standard Time),,,,,wta_gifts
l9IWC5FgAB,,,,,,"{""*"":{""read"":true},""role:Administrator"":{""read"":true,""write"":true}}",The Analects of Saulot,Tue Jan 14 2020 21:16:25 GMT-0500 (Eastern Standard Time),6,,,,,,,,,,,,,,,,,,Tue Jan 14 2020 21:16:25 GMT-0500 (Eastern Standard Time),,,,,vampiric_texts
lG9wquBn4V,,,,,,"{""*"":{""read"":true},""role:Administrator"":{""read"":true,""write"":true}}",Restricted Character,Tue Jan 14 2020 21:16:15 GMT-0500 (Eastern Standard Time),,,,6,,,,,,,,,,,,,,,Tue Jan 14 2020 21:16:15 GMT-0500 (Eastern Standard Time),,,,,ctdbs_merits
lH6JOnegtU,,,,,,"{""*"":{""read"":true},""role:Administrator"":{""read"":true,""write"":true}}",Games of Instinct,Tue Jan 14 2020 21:16:23 GMT-0500 (Eastern Standard Time),,,,,,,,,,,,,,,,,,Auctoritas,Tue Jan 14 2020 21:16:23 GMT-0500 (Eastern Standard Time),,,,,sabbat_rituals
lJYzYUlU3s,,,,,,"{""*"":{""read"":true},""role:Administrator"":{""read"":true,""write"":true}}",Path of Power and the Inner Voice,Tue Jan 14 2020 21:16:21 GMT-0500 (Eastern Standard Time),,,,3,,,,,,,,,,,,,,Morality,Tue Jan 14 2020 21:16:21 GMT-0500 (Eastern Standard Time),,,,,merits
lLsTvrevvK,,,,,,"{""*"":{""read"":true},""role:Administrator"":{""read"":true,""write"":true}}",Necromancy: Ritual of Xipe Totec,Tue Jan 14 2020 21:16:22 GMT-0500 (Eastern Standard Time),,,,4,,,,,,,,,,,,,,,Tue Jan 14 2020 21:16:22 GMT-0500 (Eastern Standard Time),,,,,rituals
lM8HQkgDpt,,,,,,"{""*"":{""read"":true},""role:Administrator"":{""read"":true,""write"":true}}",Exclusive,Tue Jan 14 2020 21:16:26 GMT-0500 (Eastern Standard Time),,,Cantrip,1,,,,,,,,,,,,,,,Tue Jan 14 2020 21:16:26 GMT-0500 (Eastern Standard Time),,,,,wta_fetish_traits
lMvK4V6pCq,,,,,,"{""*"":{""read"":true},""role:Administrator"":{""read"":true,""write"":true}}",Influences: The Underworld,Tue Jan 14 2020 21:16:12 GMT-0500 (Eastern Standard Time),,,,,,,,,,,,,,,,,,,Tue Jan 14 2020 21:16:12 GMT-0500 (Eastern Standard Time),,,,,ctdbs_backgrounds
lOURLckPGt,,,,,,"{""*"":{""read"":true},""role:Administrator"":{""read"":true,""write"":true}}",Necromancy: Moldering Presence,Tue Jan 14 2020 21:16:22 GMT-0500 (Eastern Standard Time),,,,3,,,,,,,,,,,,,,,Tue Jan 14 2020 21:16:22 GMT-0500 (Eastern Standard Time),,,,,rituals
lPMy2vF7Ds,,,,,,"{""*"":{""read"":true},""role:Administrator"":{""read"":true,""write"":true}}",Restricted Clan,Tue Jan 14 2020 21:16:21 GMT-0500 (Eastern Standard Time),,,,6,,,,,,,,,,,,,,,Tue Jan 14 2020 21:16:21 GMT-0500 (Eastern Standard Time),,,,,merits
lPwcuweU9Y,,,,,,"{""*"":{""read"":true},""role:Administrator"":{""read"":true,""write"":true}}",Tongue of the Wild Court,Tue Jan 14 2020 21:16:30 GMT-0500 (Eastern Standard Time),,,,1,,,,,,,,,Manipulation,,,No,Philodox,General,Tue Jan 14 2020 21:16:30 GMT-0500 (Eastern Standard Time),Galliard,,,,wta_gifts
lQCSl2p21G,,Rokea,,,,"{""*"":{""read"":true},""role:Administrator"":{""read"":true,""write"":true}}",Fury of the Sea,Tue Jan 14 2020 21:16:25 GMT-0500 (Eastern Standard Time),,,,,,,,,,,,,,,,,,,Tue Jan 14 2020 21:16:25 GMT-0500 (Eastern Standard Time),,,,,wta_camps
lRHJ5AFhve,,,Camarilla,,,"{""*"":{""read"":true},""role:Administrator"":{""read"":true,""write"":true}}",Gallant,Thu Feb 13 2020 22:50:13 GMT-0500 (Eastern Standard Time),,,,,,,,,,,,,,,,,,Fleeting,Tue Jan 14 2020 21:16:23 GMT-0500 (Eastern Standard Time),,,,,status_traits
lSXq2PZWAn,,requires_specialization,Independent Alliance,,,"{""*"":{""read"":true},""role:Administrator"":{""read"":true,""write"":true}}",Made,Fri Feb 14 2020 15:23:30 GMT-0500 (Eastern Standard Time),,,,1,,"All members of the IA that aren’t Giovanni, Setite, or Lasombra suffer from a Lesser Status Ban. With this merit, one of the three founding clans have declared you to be proper member of their clan. You are treated as a full member of their clan and no longer suffer the Lesser Status Ban, but are expected to follow the dictates of your sponsoring clan.",,,,,,,,,,,,Independent Alliance,Thu Jan 23 2020 20:43:15 GMT-0500 (Eastern Standard Time),,,,,merits
lVXVvdogot,,,,,,"{""*"":{""read"":true},""role:Administrator"":{""read"":true,""write"":true}}",Environment Affinity,Tue Jan 14 2020 21:16:33 GMT-0500 (Eastern Standard Time),,,,,,,,,,,,,,,,,,,Tue Jan 14 2020 21:16:33 GMT-0500 (Eastern Standard Time),,,,,wta_totem_bonus_traits
lXcaNR40Fl,,,,,,"{""*"":{""read"":true},""role:Administrator"":{""read"":true,""write"":true}}",Dreaming Ineptitude,Tue Jan 14 2020 21:16:12 GMT-0500 (Eastern Standard Time),,,,2,,,,,,,,,,,,,,,Tue Jan 14 2020 21:16:12 GMT-0500 (Eastern Standard Time),,,,,ctdbs_flaws
lZoRwYZteO,,,,,,"{""*"":{""read"":true},""role:Administrator"":{""read"":true,""write"":true}}",Utilitarian,Tue Jan 14 2020 21:16:26 GMT-0500 (Eastern Standard Time),,,Cantrip,1,,,,,,,,,,,,,,,Tue Jan 14 2020 21:16:26 GMT-0500 (Eastern Standard Time),,,,,wta_fetish_traits
lcslOUK2po,,,,,,"{""*"":{""read"":true},""role:Administrator"":{""read"":true,""write"":true}}",Path of Caine,Tue Jan 14 2020 21:16:21 GMT-0500 (Eastern Standard Time),,,,3,,,,,,,,,,,,,,Morality,Tue Jan 14 2020 21:16:21 GMT-0500 (Eastern Standard Time),,,,,merits
ldSI38naZp,,,Camarilla,,,"{""*"":{""read"":true},""role:Administrator"":{""read"":true,""write"":true}}",Sanctioned,Thu Feb 13 2020 22:50:15 GMT-0500 (Eastern Standard Time),,,,,,,,,,,,,,,,,,Fleeting,Tue Jan 14 2020 21:16:24 GMT-0500 (Eastern Standard Time),,,,,status_traits
lfv2bQNlbs,,Get of Fenris,,,,"{""*"":{""read"":true},""role:Administrator"":{""read"":true,""write"":true}}",The Vigil,Tue Jan 14 2020 21:16:32 GMT-0500 (Eastern Standard Time),,,,2,,,,,,,,,,,,,,Tribal,Tue Jan 14 2020 21:16:32 GMT-0500 (Eastern Standard Time),,,,,wta_merits
lgs3Hj2L0P,,,,,,"{""*"":{""read"":true},""role:Administrator"":{""read"":true,""write"":true}}",Quick Caster,Tue Jan 14 2020 21:16:21 GMT-0500 (Eastern Standard Time),,Tremere,,2,,,,,,,,,,,41-42,,,,Tue Jan 14 2020 21:16:21 GMT-0500 (Eastern Standard Time),,,,,merits
lhaks1nUQd,,,,,,"{""*"":{""read"":true},""role:Administrator"":{""read"":true,""write"":true}}",Stoking Fury's Furnace,Tue Jan 14 2020 21:16:30 GMT-0500 (Eastern Standard Time),,,,3,,,,,,,,,Charisma,,,No,Philodox,General,Tue Jan 14 2020 21:16:30 GMT-0500 (Eastern Standard Time),Ahroun,,,,wta_gifts
lotAOqKOSA,,,,,,"{""*"":{""read"":true},""role:Administrator"":{""read"":true,""write"":true}}",Glass Walkers,Tue Jan 14 2020 21:16:33 GMT-0500 (Eastern Standard Time),6,,The Corporate Wolves,,CyberDogs,Weaver Aligned,Random Interrupts,,,,,,,,,,,,Tue Jan 14 2020 21:16:33 GMT-0500 (Eastern Standard Time),,,,,wta_tribes
lsVo9TUP0C,,,,,,"{""*"":{""read"":true},""role:Administrator"":{""read"":true,""write"":true}}",Rending Jaws,Tue Jan 14 2020 21:16:29 GMT-0500 (Eastern Standard Time),,,,4,,,,,,,,,Appearance,,,Yes,Ajaba,Fera,Tue Jan 14 2020 21:16:29 GMT-0500 (Eastern Standard Time),,,,,wta_gifts
ltLk4i0K8M,,,,,,"{""*"":{""read"":true},""role:Administrator"":{""read"":true,""write"":true}}",The Uncrowned,Tue Jan 14 2020 21:16:13 GMT-0500 (Eastern Standard Time),,,,,,,,,,,,,,,,,,,Tue Jan 14 2020 21:16:13 GMT-0500 (Eastern Standard Time),,,,,ctdbs_kith_group_types
ltPDp1kkbo,,,,,,"{""*"":{""read"":true},""role:Administrator"":{""read"":true,""write"":true}}",High Holidays,Tue Jan 14 2020 21:16:23 GMT-0500 (Eastern Standard Time),,,,,,,,,,,,,,,,,,Auctoritas,Tue Jan 14 2020 21:16:23 GMT-0500 (Eastern Standard Time),,,,,sabbat_rituals
ltrf9RYglI,,,,,,"{""*"":{""read"":true},""role:Administrator"":{""read"":true,""write"":true}}",Dauntless,Tue Jan 14 2020 21:16:20 GMT-0500 (Eastern Standard Time),,,,2,,"If you win a test to resist a mind control power (such as Dominate), you are immune to that user's mind control for the rest of the evening.",,,,,,,,,,,,Anarch,Tue Jan 14 2020 21:16:20 GMT-0500 (Eastern Standard Time),,,,,merits
lz9E0VCz75,,,Sabbat,,,"{""*"":{""read"":true},""role:Administrator"":{""read"":true,""write"":true}}",Resolute,Thu Feb 13 2020 22:50:15 GMT-0500 (Eastern Standard Time),,,,,,,,,,,,,,,,,,Fleeting,Tue Jan 14 2020 21:16:24 GMT-0500 (Eastern Standard Time),,,,,status_traits
m1ZusGZNTe,,,,,,"{""*"":{""read"":true},""role:Administrator"":{""read"":true,""write"":true}}",Thaumaturgy: Stone of the True Form,Tue Jan 14 2020 21:16:23 GMT-0500 (Eastern Standard Time),,,,5,,,,,,,,,,,,,,,Tue Jan 14 2020 21:16:23 GMT-0500 (Eastern Standard Time),,,,,rituals
m26LImWH1u,,,,,,"{""*"":{""read"":true},""role:Administrator"":{""read"":true,""write"":true}}",House Scathach,Tue Jan 14 2020 21:16:16 GMT-0500 (Eastern Standard Time),,,,,,,,,,,,,,,,,,,Tue Jan 14 2020 21:16:16 GMT-0500 (Eastern Standard Time),,,,,ctdbs_noble_houses
m3SDyHgfQX,,,,,,"{""*"":{""read"":true},""role:Administrator"":{""read"":true,""write"":true}}",Capo,Sun Feb 15 2026 13:14:10 GMT-0500 (Eastern Standard Time),,,,,,,,,,,,,,,,,,Giovanni,Thu Feb 13 2020 22:47:21 GMT-0500 (Eastern Standard Time),,,,,titles
m3pAFpnIZU,,,,,,"{""*"":{""read"":true},""role:Administrator"":{""read"":true,""write"":true}}",Earworm,Tue Jan 14 2020 21:16:24 GMT-0500 (Eastern Standard Time),,,,,,,,,,,,,,,,,,,Tue Jan 14 2020 21:16:24 GMT-0500 (Eastern Standard Time),,,,,techniques
m6sHQgAxQV,,,,,,"{""*"":{""read"":true},""role:Administrator"":{""read"":true,""write"":true}}",Arcane,Tue Jan 14 2020 21:16:31 GMT-0500 (Eastern Standard Time),,,,1,,,,,,,,,,,,,,General,Tue Jan 14 2020 21:16:31 GMT-0500 (Eastern Standard Time),,,,,wta_merits
m7u0wPnhcu,,,,,,"{""*"":{""read"":true},""role:Administrator"":{""read"":true,""write"":true}}",Wendigo,Tue Jan 14 2020 21:16:17 GMT-0500 (Eastern Standard Time),,,,,,,,,,,,,,,,,,,Tue Jan 14 2020 21:16:17 GMT-0500 (Eastern Standard Time),,,,,extra_affinity_links
mAy0ufVYdM,,,,,,"{""*"":{""read"":true},""role:Administrator"":{""read"":true,""write"":true}}",Luna's Armor,Tue Jan 14 2020 21:16:29 GMT-0500 (Eastern Standard Time),,,,4,,,,,,,,,Intelligence,,,No,Silver Fangs,Tribal,Tue Jan 14 2020 21:16:29 GMT-0500 (Eastern Standard Time),,,,,wta_gifts
mCkg23asO5,,,,,,"{""*"":{""read"":true},""role:Administrator"":{""read"":true,""write"":true}}",Con Artist,Tue Jan 14 2020 21:16:10 GMT-0500 (Eastern Standard Time),,,,,,,,,,,,,,,,,,,Tue Jan 14 2020 21:16:10 GMT-0500 (Eastern Standard Time),,,,,archetype_2s
mFBPdORCOH,,,,,,"{""*"":{""read"":true},""role:Administrator"":{""read"":true,""write"":true}}",Homid,Tue Jan 14 2020 21:16:25 GMT-0500 (Eastern Standard Time),,,,,,,,,,,,,,,,,,,Tue Jan 14 2020 21:16:25 GMT-0500 (Eastern Standard Time),,,,,wta_breeds
mFQG6GuC5c,,,,,,"{""*"":{""read"":true},""role:Administrator"":{""read"":true,""write"":true}}",Toady,Tue Jan 14 2020 21:16:10 GMT-0500 (Eastern Standard Time),,,,,,,,,,,,,,,,,,,Tue Jan 14 2020 21:16:10 GMT-0500 (Eastern Standard Time),,,,,archetypes
mFZw4sNmqd,,,,,,"{""*"":{""read"":true},""role:Administrator"":{""read"":true,""write"":true}}",Unflappable,Tue Jan 14 2020 21:16:10 GMT-0500 (Eastern Standard Time),,,,,,,,,,,,,,,,,,,Tue Jan 14 2020 21:16:10 GMT-0500 (Eastern Standard Time),,,,,archetypes
mHl5qpRmKp,,,,,,"{""*"":{""read"":true},""role:Administrator"":{""read"":true,""write"":true}}",Homid,Tue Jan 14 2020 21:16:27 GMT-0500 (Eastern Standard Time),,,,,,Homid breed may vent rage quicker; tool user,,,,,,,,,,,,Nuwisha,Tue Jan 14 2020 21:16:27 GMT-0500 (Eastern Standard Time),,,,,wta_forms
mK7Fq8CL8W,,,,,,"{""*"":{""read"":true},""role:Administrator"":{""read"":true,""write"":true}}",Cursed,Tue Jan 14 2020 21:16:12 GMT-0500 (Eastern Standard Time),,,,1,,,,,,,,,,,,,,,Tue Jan 14 2020 21:16:12 GMT-0500 (Eastern Standard Time),,,,,ctdbs_flaws
mLYM96ao6K,,,,,,"{""*"":{""read"":true},""role:Administrator"":{""read"":true,""write"":true}}",Taking the Forgotten,Tue Jan 14 2020 21:16:30 GMT-0500 (Eastern Standard Time),,,,2,,,,,,,,,Manipulation,,,Yes,Ragabash,General,Tue Jan 14 2020 21:16:30 GMT-0500 (Eastern Standard Time),Homid,,,,wta_gifts
mO2EKDtnRg,,,,,,"{""*"":{""read"":true},""role:Administrator"":{""read"":true,""write"":true}}",Blood Knows the Way,Tue Jan 14 2020 21:16:20 GMT-0500 (Eastern Standard Time),,Bloodline: Tlacique,,2,,,,,,,,,,,27-28,,,,Tue Jan 14 2020 21:16:20 GMT-0500 (Eastern Standard Time),,,,,merits
mOpDsGYxqt,,,,,,"{""*"":{""read"":true},""role:Administrator"":{""read"":true,""write"":true}}",Blood Deceit,Tue Jan 14 2020 21:16:20 GMT-0500 (Eastern Standard Time),,Cappadocian,,2,,,,,,,,,,,47,,,,Tue Jan 14 2020 21:16:20 GMT-0500 (Eastern Standard Time),,,,,merits
mP5MUohx2U,,,,,,"{""*"":{""read"":true},""role:Administrator"":{""read"":true,""write"":true}}",HazMat,Tue Jan 14 2020 21:16:31 GMT-0500 (Eastern Standard Time),,,,,,,Armor,,,Talen,,,,,,,,,Tue Jan 14 2020 21:16:31 GMT-0500 (Eastern Standard Time),,,,,wta_item_traits
mPo9HCVkyZ,,,,,,"{""*"":{""read"":true},""role:Administrator"":{""read"":true,""write"":true}}",Necromancy: The Servant Undying,Tue Jan 14 2020 21:16:22 GMT-0500 (Eastern Standard Time),,,,3,,,,,,,,,,,,,,,Tue Jan 14 2020 21:16:22 GMT-0500 (Eastern Standard Time),,,,,rituals
mRjnUlplsK,,,,,,"{""*"":{""read"":true},""role:Administrator"":{""read"":true,""write"":true}}",Maw of the Anaconda ,Tue Jan 14 2020 21:16:24 GMT-0500 (Eastern Standard Time),,,,,,,,,,,,,,,,,,,Tue Jan 14 2020 21:16:24 GMT-0500 (Eastern Standard Time),,,,,techniques
mS58HeTzVN,,,,,,"{""*"":{""read"":true},""role:Administrator"":{""read"":true,""write"":true}}",Geography,Tue Jan 14 2020 21:16:09 GMT-0500 (Eastern Standard Time),1,,,,,,,,,,,,,,,,,,Tue Jan 14 2020 21:16:09 GMT-0500 (Eastern Standard Time),,,,,academics_specializations
mSoAuVQp1i,,,,,,"{""*"":{""read"":true},""role:Administrator"":{""read"":true,""write"":true}}",Tzimisce: Carpathian,Tue Aug 31 2021 02:28:48 GMT-0400 (Eastern Daylight Time),,,,,,,,,,,,,,,,,,,Tue Jan 14 2020 21:16:11 GMT-0500 (Eastern Standard Time),,,,,clans
mSvxSaOhR5,,,,,,"{""*"":{""read"":true},""role:Administrator"":{""read"":true,""write"":true}}",Holdings,Tue Jan 14 2020 21:16:12 GMT-0500 (Eastern Standard Time),,,,,,,,,,,,,,,,,,,Tue Jan 14 2020 21:16:12 GMT-0500 (Eastern Standard Time),,,,,ctdbs_backgrounds
mVTosproib,,,,,,"{""*"":{""read"":true},""role:Administrator"":{""read"":true,""write"":true}}",Nightingale's Song,Tue Jan 14 2020 21:16:24 GMT-0500 (Eastern Standard Time),,,,,,,,,,,,,,,,,,,Tue Jan 14 2020 21:16:24 GMT-0500 (Eastern Standard Time),,,,,techniques
mVUJGhKlDC,,,,,,"{""*"":{""read"":true},""role:Administrator"":{""read"":true,""write"":true}}",Thaumaturgy: Incorporeal Passage,Tue Jan 14 2020 21:16:23 GMT-0500 (Eastern Standard Time),,,,3,,,,,,,,,,,,,,,Tue Jan 14 2020 21:16:23 GMT-0500 (Eastern Standard Time),,,,,rituals
mWp5H8Bsdz,,,,,,"{""*"":{""read"":true},""role:Administrator"":{""read"":true,""write"":true}}",Metis,Tue Jan 14 2020 21:16:17 GMT-0500 (Eastern Standard Time),,,,,,,,,,,,,,,,,,,Tue Jan 14 2020 21:16:17 GMT-0500 (Eastern Standard Time),,,,,extra_affinity_links
mYCcWIcyLN,,Red Talons,,,,"{""*"":{""read"":true},""role:Administrator"":{""read"":true,""write"":true}}",Red in Tooth and Claw,Tue Jan 14 2020 21:16:32 GMT-0500 (Eastern Standard Time),,,,1,,,,,,,,,,,,,,Tribal,Tue Jan 14 2020 21:16:32 GMT-0500 (Eastern Standard Time),,,,,wta_merits
mYiHA0gamB,,,,,,"{""*"":{""read"":true},""role:Administrator"":{""read"":true,""write"":true}}",Gnaw,Tue Jan 14 2020 21:16:28 GMT-0500 (Eastern Standard Time),,,,4,,,,,,,,,Wits,,,No,Ahroun,General,Tue Jan 14 2020 21:16:28 GMT-0500 (Eastern Standard Time),Lupus,,Metis,,wta_gifts
mafpZzeeAS,,,,,,"{""*"":{""read"":true},""role:Administrator"":{""read"":true,""write"":true}}",Mastery,Tue Jan 14 2020 21:16:29 GMT-0500 (Eastern Standard Time),,,,3,,,,,,,,,Appearance,,,Yes,Silver Fangs,Tribal,Tue Jan 14 2020 21:16:29 GMT-0500 (Eastern Standard Time),,,,,wta_gifts
mbyMDQEFZf,,Get of Fenris,,,,"{""*"":{""read"":true},""role:Administrator"":{""read"":true,""write"":true}}",Fenri's Bite,Tue Jan 14 2020 21:16:31 GMT-0500 (Eastern Standard Time),,,,3,,,,,,,,,,,,,,Tribal,Tue Jan 14 2020 21:16:31 GMT-0500 (Eastern Standard Time),,,,,wta_merits
mcYrfAcG2R,,,,,,"{""*"":{""read"":true},""role:Administrator"":{""read"":true,""write"":true}}",Know-It-All,Tue Jan 14 2020 21:16:10 GMT-0500 (Eastern Standard Time),,,,,,,,,,,,,,,,,,,Tue Jan 14 2020 21:16:10 GMT-0500 (Eastern Standard Time),,,,,archetypes
mdZLrAOfHc,,,,,,"{""*"":{""read"":true},""role:Administrator"":{""read"":true,""write"":true}}",The Crawling Chaos,Tue Jan 14 2020 21:16:30 GMT-0500 (Eastern Standard Time),,,,1,,,,,,,,,Perception,,,No,Ratkin,Fera,Tue Jan 14 2020 21:16:30 GMT-0500 (Eastern Standard Time),,,,,wta_gifts
meQFI9TvN7,,,,,,"{""*"":{""read"":true},""role:Administrator"":{""read"":true,""write"":true}}",Painfully Shy,Tue Jan 14 2020 21:16:21 GMT-0500 (Eastern Standard Time),,Nosferatu,,2,,,,,,,,,,,39,,,,Tue Jan 14 2020 21:16:21 GMT-0500 (Eastern Standard Time),,,,,merits
mgtjnZcWXz,,,,,,"{""*"":{""read"":true},""role:Administrator"":{""read"":true,""write"":true}}",Curious,Tue Jan 14 2020 21:16:09 GMT-0500 (Eastern Standard Time),,,,,,,,,,,,,,,,,,,Tue Jan 14 2020 21:16:09 GMT-0500 (Eastern Standard Time),,,,,archetype_2
mjERuq1R2K,,,,,,"{""*"":{""read"":true},""role:Administrator"":{""read"":true,""write"":true}}",Concealable,Tue Jan 14 2020 21:16:31 GMT-0500 (Eastern Standard Time),,,Melee,,Ranged,,Armor,General,,,,,,,,,,,Tue Jan 14 2020 21:16:31 GMT-0500 (Eastern Standard Time),,,,,wta_item_traits
mjq3Fr9qCt,,,,,,"{""*"":{""read"":true},""role:Administrator"":{""read"":true,""write"":true}}",Teacher,Tue Jan 14 2020 21:16:11 GMT-0500 (Eastern Standard Time),,,,,,,,,,,,,,,,,,,Tue Jan 14 2020 21:16:11 GMT-0500 (Eastern Standard Time),,,,,archetypes_2
mmACK0H5jg,,,,,,"{""*"":{""read"":true},""role:Administrator"":{""read"":true,""write"":true}}",Song of Heros,Tue Jan 14 2020 21:16:29 GMT-0500 (Eastern Standard Time),,,,2,,,,,,,,,Appearance,,,No,Philodox,General,Tue Jan 14 2020 21:16:29 GMT-0500 (Eastern Standard Time),Galliard,,,,wta_gifts
mnxyvKscAP,,,,,,"{""*"":{""read"":true},""role:Administrator"":{""read"":true,""write"":true}}",Umbral Aptitude,Tue Jan 14 2020 21:16:32 GMT-0500 (Eastern Standard Time),,,,2,,,,,,,,,,,,,,General,Tue Jan 14 2020 21:16:32 GMT-0500 (Eastern Standard Time),,,,,wta_merits
moYl7IrQu0,,,,,,"{""*"":{""read"":true},""role:Administrator"":{""read"":true,""write"":true}}",Street gangs,Sat Feb 14 2026 18:08:11 GMT-0500 (Eastern Standard Time),1,,,,,,,,,,,,,,,,,,Tue Jan 14 2020 21:16:19 GMT-0500 (Eastern Standard Time),,,,,influence_elite_specializations
msA6iOihFr,,,,,,"{""*"":{""read"":true},""role:Administrator"":{""read"":true,""write"":true}}",Brujah: True Brujah,Sun Mar 01 2020 22:37:45 GMT-0500 (Eastern Standard Time),1,,,,,,,,,,,,,,,,,,Tue Jan 14 2020 21:16:20 GMT-0500 (Eastern Standard Time),,,,,lore_specializations
mvaTSZtgnW,,requires_specialization,,,,"{""*"":{""read"":true},""role:Administrator"":{""read"":true,""write"":true}}",Allergy Common,Tue Jan 14 2020 21:16:27 GMT-0500 (Eastern Standard Time),,requires_specialization,,2,,,,,,,,,,,,,,,Tue Jan 14 2020 21:16:27 GMT-0500 (Eastern Standard Time),,,,,wta_flaws
mwhD0jGEko,,,,,,"{""*"":{""read"":true},""role:Administrator"":{""read"":true,""write"":true}}",Jack Be Nimble,Tue Jan 14 2020 21:16:21 GMT-0500 (Eastern Standard Time),,ToreadorIshtarri,,1,,,,,,,,,,,40,,,,Tue Jan 14 2020 21:16:21 GMT-0500 (Eastern Standard Time),,,,,merits
mxj2f6b4I9,,,,,,"{""*"":{""read"":true},""role:Administrator"":{""read"":true,""write"":true}}",Wild One,Tue Jan 14 2020 21:16:22 GMT-0500 (Eastern Standard Time),,,,1,,Gain a +1 bonus to Brawl and Drive test pools and a +2 to defense test pools against formal title holders of the Camarilla and Sabbat.,,,,,,,,,,,,Anarch,Tue Jan 14 2020 21:16:22 GMT-0500 (Eastern Standard Time),,,,,merits
mz6rye0rH3,,,,,,"{""*"":{""read"":true},""role:Administrator"":{""read"":true,""write"":true}}",Resilient Skin,Tue Jan 14 2020 21:16:15 GMT-0500 (Eastern Standard Time),,,,3,,,,,,,,,,,,,,,Tue Jan 14 2020 21:16:15 GMT-0500 (Eastern Standard Time),,,,,ctdbs_merits
n1pTzn1m7W,,,,,,"{""*"":{""read"":true},""role:Administrator"":{""read"":true,""write"":true}}",Location,Tue Jan 14 2020 21:16:33 GMT-0500 (Eastern Standard Time),,,,,,,,,,,,,,,,,,,Tue Jan 14 2020 21:16:33 GMT-0500 (Eastern Standard Time),,,,,wta_territory_specializations
n2wWxsUtJG,,,,,,"{""*"":{""read"":true},""role:Administrator"":{""read"":true,""write"":true}}",Nosferatu,Tue Aug 31 2021 02:28:48 GMT-0400 (Eastern Daylight Time),,,,,,,,,,,,,,,,,,,Tue Jan 14 2020 21:16:11 GMT-0500 (Eastern Standard Time),,,,,clans
n54fZ76MIK,,,,,,"{""*"":{""read"":true},""role:Administrator"":{""read"":true,""write"":true}}",Silver Fangs,Tue Jan 14 2020 21:16:17 GMT-0500 (Eastern Standard Time),,,,,,,,,,,,,,,,,,,Tue Jan 14 2020 21:16:17 GMT-0500 (Eastern Standard Time),,,,,extra_affinity_links
n6quv5OFLo,,,,,,"{""*"":{""read"":true},""role:Administrator"":{""read"":true,""write"":true}}",Nictuku,Sat Feb 14 2026 18:17:01 GMT-0500 (Eastern Standard Time),,,,,,,,,,,,,,,,,,,Sun Jan 26 2020 15:26:44 GMT-0500 (Eastern Standard Time),,,,,sects
nA4XAq7PEj,,,,,,"{""*"":{""read"":true},""role:Administrator"":{""read"":true,""write"":true}}",Hidden Killer,Tue Jan 14 2020 21:16:29 GMT-0500 (Eastern Standard Time),,,,2,,,,,,,,,Intelligence,,,No,Red Talonss,Tribal,Tue Jan 14 2020 21:16:29 GMT-0500 (Eastern Standard Time),,,,,wta_gifts
nBIAB1p4Nn,,Followers of Set,,,,"{""*"":{""read"":true},""role:Administrator"":{""read"":true,""write"":true}}",Personal Cult,Tue Jan 14 2020 21:16:21 GMT-0500 (Eastern Standard Time),,,,1,,"Gain 5 free dots in Haven, Herd or Resources. Gain a temple that is considered holy ground. If the character spends 3 Blood and rests the day in the temple, heal 2 aggravated instead of 1.",,,,,,,,,,,,Clan,Tue Jan 14 2020 21:16:21 GMT-0500 (Eastern Standard Time),,,,,merits
nDbCWZrRD0,,,,,,"{""*"":{""read"":true},""role:Administrator"":{""read"":true,""write"":true}}",Protean: Earth Control,Tue Jan 14 2020 21:16:17 GMT-0500 (Eastern Standard Time),,,,,,,,,,,,,,,,,,,Tue Jan 14 2020 21:16:17 GMT-0500 (Eastern Standard Time),,,,,elder_disciplines
nJq5ZLHqPn,,,,,,"{""*"":{""read"":true},""role:Administrator"":{""read"":true,""write"":true}}",Intimidation,Tue Jan 14 2020 21:16:23 GMT-0500 (Eastern Standard Time),0,,,,,,,,,,,,,,unknown,,,,Tue Jan 14 2020 21:16:23 GMT-0500 (Eastern Standard Time),,,,,skills
nKHa7J6FwD,,,,,,"{""*"":{""read"":true},""role:Administrator"":{""read"":true,""write"":true}}",Flexible Morals,Tue Jan 14 2020 21:16:21 GMT-0500 (Eastern Standard Time),,Lasombra ,,3,,,,,,,,,,,35,,,,Tue Jan 14 2020 21:16:21 GMT-0500 (Eastern Standard Time),,,,,merits
nKbbqy6ZiW,,,,,,"{""*"":{""read"":true},""role:Administrator"":{""read"":true,""write"":true}}",Mutable Husk,Tue Jan 14 2020 21:16:15 GMT-0500 (Eastern Standard Time),,,,2,,,,,,,,,,,,,,,Tue Jan 14 2020 21:16:15 GMT-0500 (Eastern Standard Time),,,,,ctdbs_merits
nLVhByb8Ug,,,,,,"{""*"":{""read"":true},""role:Administrator"":{""read"":true,""write"":true}}",House Aesin,Tue Jan 14 2020 21:16:15 GMT-0500 (Eastern Standard Time),,,,,,,,,,,,,,,,,,,Tue Jan 14 2020 21:16:15 GMT-0500 (Eastern Standard Time),,,,,ctdbs_noble_houses
nPsdjtiRZf,,Tremere,,,,"{""*"":{""read"":true},""role:Administrator"":{""read"":true,""write"":true}}",Countermagic,Sat Mar 07 2020 10:08:00 GMT-0500 (Eastern Standard Time),,,,3,,Gain +3 to test pools resisting Thaumaturgy. Use standard action and 1 blood to dispel magic on a person (Mental+Occult vs. target's Mental+Willpower). If successful all Thaum powers on the target end and items go defunct for an hour. Same action and Blood for an area (Mental+Occult vs. 12) to dispel all ritual within 5 steps.,,,,,,,,,,,,Clan,Tue Jan 14 2020 21:16:20 GMT-0500 (Eastern Standard Time),,,,,merits
nVU6sqMNd4,,,,,,"{""*"":{""read"":true},""role:Administrator"":{""read"":true,""write"":true}}",Falcon's Grasp,Tue Jan 14 2020 21:16:28 GMT-0500 (Eastern Standard Time),,,,1,,,,,,,,,Manipulation,,,No,Silver Fangs,Tribal,Tue Jan 14 2020 21:16:28 GMT-0500 (Eastern Standard Time),,,,,wta_gifts
nWrAVGM6Xf,,,,,,"{""*"":{""read"":true},""role:Administrator"":{""read"":true,""write"":true}}",Social Butterfly,Tue Jan 14 2020 21:16:15 GMT-0500 (Eastern Standard Time),,,,2,,,,,,,,,,,,,,,Tue Jan 14 2020 21:16:15 GMT-0500 (Eastern Standard Time),,,,,ctdbs_merits
ncSmsDxEBn,,Get of Fenris,,,,"{""*"":{""read"":true},""role:Administrator"":{""read"":true,""write"":true}}",Skaldi's Resolve,Tue Jan 14 2020 21:16:32 GMT-0500 (Eastern Standard Time),,,,1,,,,,,,,,,,,,,Tribal,Tue Jan 14 2020 21:16:32 GMT-0500 (Eastern Standard Time),,,,,wta_merits
neCn3R8PTW,,,,,,"{""*"":{""read"":true},""role:Administrator"":{""read"":true,""write"":true}}",Nuwisha,Tue Jan 14 2020 21:16:17 GMT-0500 (Eastern Standard Time),,,,,,,,,,,,,,,,,,,Tue Jan 14 2020 21:16:17 GMT-0500 (Eastern Standard Time),,,,,extra_affinity_links
nfm4NSl9Lf,,,,,,"{""*"":{""read"":true},""role:Administrator"":{""read"":true,""write"":true}}",Bully,Tue Jan 14 2020 21:16:09 GMT-0500 (Eastern Standard Time),,,,,,,,,,,,,,,,,,,Tue Jan 14 2020 21:16:09 GMT-0500 (Eastern Standard Time),,,,,archetype_2
nh0XI1jsgB,,,,,,"{""*"":{""read"":true},""role:Administrator"":{""read"":true,""write"":true}}",Freak,Tue Jan 14 2020 21:16:10 GMT-0500 (Eastern Standard Time),,,,,,,,,,,,,,,,,,,Tue Jan 14 2020 21:16:10 GMT-0500 (Eastern Standard Time),,,,,archetype_2s
niPpkFxfWI,,,,,,"{""*"":{""read"":true},""role:Administrator"":{""read"":true,""write"":true}}",Hunted,Tue Jan 14 2020 21:16:18 GMT-0500 (Eastern Standard Time),,,,4,,"Must spend 2 downtime actions a month just to avoid the individuals who want character's Final Death. If character doesn't spend the actions, enters game w/ Healthy wound track full of aggravated damage.",,,,,,,,,,,,General,Tue Jan 14 2020 21:16:18 GMT-0500 (Eastern Standard Time),,,,,flaws
njDgB4xD1G,,,,,,"{""*"":{""read"":true},""role:Administrator"":{""read"":true,""write"":true}}",Corvus Magnus,Tue Jan 14 2020 21:16:27 GMT-0500 (Eastern Standard Time),,,,,,Aggravted Claw & Peck(Bite) attacks; +2 Brawl and Dodge attacks; Flight at 6 steps; use tools,,,,,,,Stamina: +3 wound levels; 1 in each category,,,,,Corax,Tue Jan 14 2020 21:16:27 GMT-0500 (Eastern Standard Time),,,,,wta_forms
nqFrowGOt3,,,,,,"{""*"":{""read"":true},""role:Administrator"":{""read"":true,""write"":true}}",Invoke Delirium,Tue Jan 14 2020 21:16:29 GMT-0500 (Eastern Standard Time),,,,2,,,,,,,,,Appearance,,,Yes,Ragabash,General,Tue Jan 14 2020 21:16:29 GMT-0500 (Eastern Standard Time),Ahroun,,,,wta_gifts
nsJxSFWieR,,,,,,"{""*"":{""read"":true},""role:Administrator"":{""read"":true,""write"":true}}",Independent Alliance,Sun Mar 01 2020 22:37:45 GMT-0500 (Eastern Standard Time),1,,,,,,,,,,,,,,,,,,Tue Jan 14 2020 21:16:20 GMT-0500 (Eastern Standard Time),,,,,lore_specializations
ntyV6Gr6NE,,,,,,"{""*"":{""read"":true},""role:Administrator"":{""read"":true,""write"":true}}",Bloodline: Carpathian,Tue Jan 14 2020 21:16:20 GMT-0500 (Eastern Standard Time),,,,3,,,,,,,,,,,,,,,Tue Jan 14 2020 21:16:20 GMT-0500 (Eastern Standard Time),,,,,merits
nuMNXWtjUF,,,,,,"{""*"":{""read"":true},""role:Administrator"":{""read"":true,""write"":true}}",Songs Beyond Mortal Ken,Tue Jan 14 2020 21:16:22 GMT-0500 (Eastern Standard Time),,Daughters of Cacophony,,3,,,,,,,,,,,54,,,,Tue Jan 14 2020 21:16:22 GMT-0500 (Eastern Standard Time),,,,,merits
nv9nzsrtG3,,,,,,"{""*"":{""read"":true},""role:Administrator"":{""read"":true,""write"":true}}",Protector,Tue Jan 14 2020 21:16:10 GMT-0500 (Eastern Standard Time),,,,,,,,,,,,,,,,,,,Tue Jan 14 2020 21:16:10 GMT-0500 (Eastern Standard Time),,,,,archetype_2s
nyuAECU2NN,,Salubri,,,,"{""*"":{""read"":true},""role:Administrator"":{""read"":true,""write"":true}}",Righteous Fury,Tue Jan 14 2020 21:16:21 GMT-0500 (Eastern Standard Time),,,,1,,"Gain +3 to Brawl and Melee pools when targeting characters who possesses demonic powers, infernal merits or investments, or Daimoinon. Gain +1 to Brawl and Melee pools when targeting diablerists or Tremere.",,,,,,,,,,,,Clan,Tue Jan 14 2020 21:16:21 GMT-0500 (Eastern Standard Time),,,,,merits
nzrfwIKPnl,,,,,,"{""*"":{""read"":true},""role:Administrator"":{""read"":true,""write"":true}}",Clawstorm,Tue Jan 14 2020 21:16:28 GMT-0500 (Eastern Standard Time),,,,4,,,,,,,,,Wits,,,No,Bastet,Fera,Tue Jan 14 2020 21:16:28 GMT-0500 (Eastern Standard Time),,,,,wta_gifts
o0FJWLiFhF,,,,,,"{""*"":{""read"":true},""role:Administrator"":{""read"":true,""write"":true}}",Thaumaturgy: Innocence of the Child's Heart,Tue Jan 14 2020 21:16:23 GMT-0500 (Eastern Standard Time),,,,4,,,,,,,,,,,,,,,Tue Jan 14 2020 21:16:23 GMT-0500 (Eastern Standard Time),,,,,rituals
o1AiWfwvGV,,,,,,"{""*"":{""read"":true},""role:Administrator"":{""read"":true,""write"":true}}",Bloodline: Healer,Tue Jan 14 2020 21:16:20 GMT-0500 (Eastern Standard Time),,,,3,,,,,,,,,,,,,,,Tue Jan 14 2020 21:16:20 GMT-0500 (Eastern Standard Time),,,,,merits
o5ywySUrKs,,,,,,"{""*"":{""read"":true},""role:Administrator"":{""read"":true,""write"":true}}",Urdu,Sat Feb 14 2026 18:11:48 GMT-0500 (Eastern Standard Time),1,,,,,,,,,,,,,,,,,,Tue Jan 14 2020 21:16:19 GMT-0500 (Eastern Standard Time),,,,,linguistics_specializations
oAYXapvgCI,,Fianna,,,,"{""*"":{""read"":true},""role:Administrator"":{""read"":true,""write"":true}}",Essence of Stag,Tue Jan 14 2020 21:16:31 GMT-0500 (Eastern Standard Time),,,,1,,,,,,,,,,,,,,Tribal,Tue Jan 14 2020 21:16:31 GMT-0500 (Eastern Standard Time),,,,,wta_merits
oAsTE3Tqoi,,requires_specialization,,,,"{""*"":{""read"":true},""role:Administrator"":{""read"":true,""write"":true}}",Custom,Sun Mar 01 2020 22:37:45 GMT-0500 (Eastern Standard Time),0,,,,,,,,,,,,,,,,,,Tue Jan 14 2020 21:16:19 GMT-0500 (Eastern Standard Time),,,,,lore_specializations
oB5IDN7gH8,,,,,,"{""*"":{""read"":true},""role:Administrator"":{""read"":true,""write"":true}}",Ravnos,Sun Mar 01 2020 22:37:46 GMT-0500 (Eastern Standard Time),1,,,,,,,,,,,,,,,,,,Tue Jan 14 2020 21:16:20 GMT-0500 (Eastern Standard Time),,,,,lore_specializations
oC96g1ZpoD,,Neonate,,,,"{""*"":{""read"":true},""role:Administrator"":{""read"":true,""write"":true}}",Thin Blooded,Tue Jan 14 2020 21:16:19 GMT-0500 (Eastern Standard Time),,,,3,,Neonate is of the 14th or 15th Generation and always Caitiff.,,,,,,,,,,,,General,Tue Jan 14 2020 21:16:19 GMT-0500 (Eastern Standard Time),,,,,flaws
oCQRiIdm8z,,,,,,"{""*"":{""read"":true},""role:Administrator"":{""read"":true,""write"":true}}",Weakness of Steel,Tue Jan 14 2020 21:16:25 GMT-0500 (Eastern Standard Time),,,,,,,,,,,,,,,,,,,Tue Jan 14 2020 21:16:25 GMT-0500 (Eastern Standard Time),,,,,techniques
oDYsdu3MGs,,,,,,"{""*"":{""read"":true},""role:Administrator"":{""read"":true,""write"":true}}",Indomitable Anchor,Tue Jan 14 2020 21:16:13 GMT-0500 (Eastern Standard Time),,,,1,,,,,,,,,,,,,,,Tue Jan 14 2020 21:16:13 GMT-0500 (Eastern Standard Time),,,,,ctdbs_merits
oEgnFKskJ4,,,,,,"{""*"":{""read"":true},""role:Administrator"":{""read"":true,""write"":true}}",Spirit Knife,Tue Jan 14 2020 21:16:30 GMT-0500 (Eastern Standard Time),,,,3,,,,,,,,,Perception,,,No,Theurge,General,Tue Jan 14 2020 21:16:30 GMT-0500 (Eastern Standard Time),Metis,,,,wta_gifts
oEsg7IWSMB,,,,,,"{""*"":{""read"":true},""role:Administrator"":{""read"":true,""write"":true}}",Arcane,Tue Jan 14 2020 21:16:13 GMT-0500 (Eastern Standard Time),,,,1,,,,,,,,,,,,,,,Tue Jan 14 2020 21:16:13 GMT-0500 (Eastern Standard Time),,,,,ctdbs_merits
oF8R3lVt7a,,,,,,"{""*"":{""read"":true},""role:Administrator"":{""read"":true,""write"":true}}",Pierced Veil,Tue Jan 14 2020 21:16:27 GMT-0500 (Eastern Standard Time),,,,4,,,,,,,,,,,,,,,Tue Jan 14 2020 21:16:27 GMT-0500 (Eastern Standard Time),,,,,wta_flaws
oHj99eciXW,,,,,,"{""*"":{""read"":true},""role:Administrator"":{""read"":true,""write"":true}}",Thaumaturgy: Recure of the Homeland,Tue Jan 14 2020 21:16:23 GMT-0500 (Eastern Standard Time),,,,2,,,,,,,,,,,,,,,Tue Jan 14 2020 21:16:23 GMT-0500 (Eastern Standard Time),,,,,rituals
oI9bJEVtaw,,,,,,"{""*"":{""read"":true},""role:Administrator"":{""read"":true,""write"":true}}",Blessing of the Gorgons,Tue Jan 14 2020 21:16:20 GMT-0500 (Eastern Standard Time),,CappadocianLamia,,3,,,,,,,,,,,48,,,,Tue Jan 14 2020 21:16:20 GMT-0500 (Eastern Standard Time),,,,,merits
oInwhmN8Dj,,,,,,"{""*"":{""read"":true},""role:Administrator"":{""read"":true,""write"":true}}",Champion,Tue Jan 14 2020 21:16:32 GMT-0500 (Eastern Standard Time),1,,,,,,,,,,,,,,,,,,Tue Jan 14 2020 21:16:32 GMT-0500 (Eastern Standard Time),,,,,wta_monikers
oJQVjEl8CD,,,,,,"{""*"":{""read"":true},""role:Administrator"":{""read"":true,""write"":true}}",Knowledge is a Sword,Tue Jan 14 2020 21:16:21 GMT-0500 (Eastern Standard Time),,TzimisceCarpathians,,1,,,,,,,,,,,43,,,,Tue Jan 14 2020 21:16:21 GMT-0500 (Eastern Standard Time),,,,,merits
oN8w0tsmsH,,,,,,"{""*"":{""read"":true},""role:Administrator"":{""read"":true,""write"":true}}",Bloodline: True Brujah,Tue Jan 14 2020 21:16:20 GMT-0500 (Eastern Standard Time),,,,4,,,,,,,,,,,,,,,Tue Jan 14 2020 21:16:20 GMT-0500 (Eastern Standard Time),,,,,merits
oO7kFgGF3s,,,,,,"{""*"":{""read"":true},""role:Administrator"":{""read"":true,""write"":true}}",Ghost in the Machine,Tue Jan 14 2020 21:16:28 GMT-0500 (Eastern Standard Time),,,,2,,,,,,,,,Perception,,,No,Glass Walkers,Tribal,Tue Jan 14 2020 21:16:28 GMT-0500 (Eastern Standard Time),,,,,wta_gifts
oPblpIlErG,,,,,,"{""*"":{""read"":true},""role:Administrator"":{""read"":true,""write"":true}}",Blind the Sun,Tue Jan 14 2020 21:16:24 GMT-0500 (Eastern Standard Time),,,,,,,,,,,,,,,,,,,Tue Jan 14 2020 21:16:24 GMT-0500 (Eastern Standard Time),,,,,techniques
oQfHUtUCaM,,,,,,"{""*"":{""read"":true},""role:Administrator"":{""read"":true,""write"":true}}",Shadow,Tue Jan 14 2020 21:16:12 GMT-0500 (Eastern Standard Time),3,,,,,,,,,,,,,,,,,,Tue Jan 14 2020 21:16:12 GMT-0500 (Eastern Standard Time),,,,,ctdbs_fealty_courts
oQm0VEbHCR,,,,,,"{""*"":{""read"":true},""role:Administrator"":{""read"":true,""write"":true}}",Brutal,Tue Jan 14 2020 21:16:26 GMT-0500 (Eastern Standard Time),,,,2,Talen,,,,,,,,,,,,,,Tue Jan 14 2020 21:16:26 GMT-0500 (Eastern Standard Time),,,,,wta_fetish_traits
oRDW2WFDpF,,,,,,"{""*"":{""read"":true},""role:Administrator"":{""read"":true,""write"":true}}",Penitent,Tue Jan 14 2020 21:16:10 GMT-0500 (Eastern Standard Time),,,,,,,,,,,,,,,,,,,Tue Jan 14 2020 21:16:10 GMT-0500 (Eastern Standard Time),,,,,archetypes
oSF5FcczlX,,,,,,"{""*"":{""read"":true},""role:Administrator"":{""read"":true,""write"":true}}",Rapid Reload,Tue Jan 14 2020 21:16:31 GMT-0500 (Eastern Standard Time),,,,,Ranged,,,,,,,,,,,,,,Tue Jan 14 2020 21:16:31 GMT-0500 (Eastern Standard Time),,,,,wta_item_traits
oSiLQkstF9,,,Sabbat,,,"{""*"":{""read"":true},""role:Administrator"":{""read"":true,""write"":true}}",Consecrated,Thu Feb 13 2020 22:50:13 GMT-0500 (Eastern Standard Time),,,,,,,,,,,,,,,,,,Fleeting,Tue Jan 14 2020 21:16:23 GMT-0500 (Eastern Standard Time),,,,,status_traits
oT1wgxiQES,,,,,,"{""*"":{""read"":true},""role:Administrator"":{""read"":true,""write"":true}}",Oakenshield,Tue Jan 14 2020 21:16:11 GMT-0500 (Eastern Standard Time),6,,,,,,,,,,,,,,,,,,Tue Jan 14 2020 21:16:11 GMT-0500 (Eastern Standard Time),,,,,ctdbs_arts_affinities_links
oU6V8rZWQA,,,,,,"{""*"":{""read"":true},""role:Administrator"":{""read"":true,""write"":true}}",Thaumaturgy: Banish Big Brother,Tue Jan 14 2020 21:16:22 GMT-0500 (Eastern Standard Time),,,,2,,,,,,,,,,,,,,,Tue Jan 14 2020 21:16:22 GMT-0500 (Eastern Standard Time),,,,,rituals
oVhd298wob,,requires_specialization,,,,"{""*"":{""read"":true},""role:Administrator"":{""read"":true,""write"":true}}",Shared Haven,Sun Jan 26 2020 15:30:12 GMT-0500 (Eastern Standard Time),0,,,,,,,,,,,,,,102,,,,Sun Jan 26 2020 15:30:12 GMT-0500 (Eastern Standard Time),,,,,backgrounds
oW5YJ6XhKU,,Corax,,,,"{""*"":{""read"":true},""role:Administrator"":{""read"":true,""write"":true}}",Hermetic Order of the Swift Light,Tue Jan 14 2020 21:16:26 GMT-0500 (Eastern Standard Time),,,,,,,,,,,,,,,,,,,Tue Jan 14 2020 21:16:26 GMT-0500 (Eastern Standard Time),,,,,wta_camps
oWpsxvQSmA,,,,,,"{""*"":{""read"":true},""role:Administrator"":{""read"":true,""write"":true}}",Conjure Tulpa Object,Tue Jan 14 2020 21:16:28 GMT-0500 (Eastern Standard Time),,,,1,,,,,,,,,Wits,,,No,Theurge,General,Tue Jan 14 2020 21:16:28 GMT-0500 (Eastern Standard Time),Homid,,,,wta_gifts
oZYGae2nUw,,Toreador,,,,"{""*"":{""read"":true},""role:Administrator"":{""read"":true,""write"":true}}",Absent Sway,Sat Mar 07 2020 10:07:06 GMT-0500 (Eastern Standard Time),,,,2,,Allows character to create art or performance that invokes a specific emotion. Viewers who wish to ignore or run counter to the emotion may spend 1 Willpower to ignore for an hour.,,,,,,,,,,,,Clan,Tue Jan 14 2020 21:16:20 GMT-0500 (Eastern Standard Time),,,,,merits
oaYknIv3tq,,Black Furies,,,,"{""*"":{""read"":true},""role:Administrator"":{""read"":true,""write"":true}}",Arrows of Artemis,Tue Jan 14 2020 21:16:31 GMT-0500 (Eastern Standard Time),,,,2,,,,,,,,,,,,,,Tribal,Tue Jan 14 2020 21:16:31 GMT-0500 (Eastern Standard Time),,,,,wta_merits
ocH9gOBQOE,,,,,,"{""*"":{""read"":true},""role:Administrator"":{""read"":true,""write"":true}}",Tainted Rank,Tue Jan 14 2020 21:16:27 GMT-0500 (Eastern Standard Time),,,,3,,,,,,,,,,,,,,,Tue Jan 14 2020 21:16:27 GMT-0500 (Eastern Standard Time),,,,,wta_flaws
odf8FuOVFp,,,,,,"{""*"":{""read"":true},""role:Administrator"":{""read"":true,""write"":true}}",Type-A Personality,Tue Jan 14 2020 21:16:11 GMT-0500 (Eastern Standard Time),,,,,,,,,,,,,,,,,,,Tue Jan 14 2020 21:16:11 GMT-0500 (Eastern Standard Time),,,,,archetypes_2
onL4FP0MF2,,,,,,"{""*"":{""read"":true},""role:Administrator"":{""read"":true,""write"":true}}",Exceptional,Tue Jan 14 2020 21:16:26 GMT-0500 (Eastern Standard Time),,,,2,,,Fetish,Weapon,,,,,,,,,,,Tue Jan 14 2020 21:16:26 GMT-0500 (Eastern Standard Time),,,,,wta_fetish_traits
ontLBWcn8V,,,,,,"{""*"":{""read"":true},""role:Administrator"":{""read"":true,""write"":true}}",Fragile Bones,Tue Jan 14 2020 21:16:12 GMT-0500 (Eastern Standard Time),,,,4,,,,,,,,,,,,,,,Tue Jan 14 2020 21:16:12 GMT-0500 (Eastern Standard Time),,,,,ctdbs_flaws
op1YqqAgNu,,,,,,"{""*"":{""read"":true},""role:Administrator"":{""read"":true,""write"":true}}",Inaccessible,Tue Jan 14 2020 21:16:12 GMT-0500 (Eastern Standard Time),,,,,,,,,,,,,,,,,,,Tue Jan 14 2020 21:16:12 GMT-0500 (Eastern Standard Time),,,,,ctdbs_holdings_specializations
oqd3bEbAmx,,,,,,"{""*"":{""read"":true},""role:Administrator"":{""read"":true,""write"":true}}",Death's Paramour,Tue Jan 14 2020 21:16:13 GMT-0500 (Eastern Standard Time),,,,2,,,,,,,,,,,,,,,Tue Jan 14 2020 21:16:13 GMT-0500 (Eastern Standard Time),,,,,ctdbs_merits
oruECg4JdX,,,,,,"{""*"":{""read"":true},""role:Administrator"":{""read"":true,""write"":true}}",Gangrel: Ahrimanes,Sun Mar 01 2020 22:37:45 GMT-0500 (Eastern Standard Time),1,,,,,,,,,,,,,,,,,,Tue Jan 14 2020 21:16:20 GMT-0500 (Eastern Standard Time),,,,,lore_specializations
otpNyAPekX,,,,,,"{""*"":{""read"":true},""role:Administrator"":{""read"":true,""write"":true}}",Urban Ward,Tue Jan 14 2020 21:16:30 GMT-0500 (Eastern Standard Time),,,,1,,,,,,,,,Perception,,,No,Bone Gnawers,Tribal,Tue Jan 14 2020 21:16:30 GMT-0500 (Eastern Standard Time),,,,,wta_gifts
oujzAEBwPs,,,,,,"{""*"":{""read"":true},""role:Administrator"":{""read"":true,""write"":true}}",House Liam,Tue Jan 14 2020 21:16:16 GMT-0500 (Eastern Standard Time),,,,,,,,,,,,,,,,,,,Tue Jan 14 2020 21:16:16 GMT-0500 (Eastern Standard Time),,,,,ctdbs_noble_houses
oypLrIsCmO,,,,,,"{""*"":{""read"":true},""role:Administrator"":{""read"":true,""write"":true}}",Spirit Ward,Tue Jan 14 2020 21:16:30 GMT-0500 (Eastern Standard Time),,,,2,,,,,,,,,Manipulation,,,No,Theurge,General,Tue Jan 14 2020 21:16:30 GMT-0500 (Eastern Standard Time),Galliard,,,,wta_gifts
p0hiEKPLsE,,,,,,"{""*"":{""read"":true},""role:Administrator"":{""read"":true,""write"":true}}",Aesthetic,Tue Jan 14 2020 21:16:26 GMT-0500 (Eastern Standard Time),,,Cantrip,1,,,,,,,,,,,,,,,Tue Jan 14 2020 21:16:26 GMT-0500 (Eastern Standard Time),,,,,wta_fetish_traits
p3GRkc7Gr1,,,,,,"{""*"":{""read"":true},""role:Administrator"":{""read"":true,""write"":true}}",Ethereal Grace,Tue Jan 14 2020 21:16:13 GMT-0500 (Eastern Standard Time),,,,1,,,,,,,,,,,,,,,Tue Jan 14 2020 21:16:13 GMT-0500 (Eastern Standard Time),,,,,ctdbs_merits
p5VJx4XHwZ,,Lasombra,,,,"{""*"":{""read"":true},""role:Administrator"":{""read"":true,""write"":true}}",Angelic Visage,Tue Jan 14 2020 21:16:20 GMT-0500 (Eastern Standard Time),,,,1,,Gain Social attribute focus Charisma in addition to normal attribute focus. Gain alien beauty rather than a monstrous visage w/ low Humanity or Path.,,,,,,,,,,,,Clan,Tue Jan 14 2020 21:16:20 GMT-0500 (Eastern Standard Time),,,,,merits
p6CczRsoim,,,,,,"{""*"":{""read"":true},""role:Administrator"":{""read"":true,""write"":true}}",Vicissitude: Breath of the Dragon,Tue Jan 14 2020 21:16:17 GMT-0500 (Eastern Standard Time),,,,,,,,,,,,,,,,,,,Tue Jan 14 2020 21:16:17 GMT-0500 (Eastern Standard Time),,,,,elder_disciplines
p6lzIMr882,,,Anarch,,,"{""*"":{""read"":true},""role:Administrator"":{""read"":true,""write"":true}}",Loser,Thu Feb 13 2020 22:50:14 GMT-0500 (Eastern Standard Time),,,,,,,,,,,,,,,,,,Negative,Tue Jan 14 2020 21:16:23 GMT-0500 (Eastern Standard Time),,,,,status_traits
p6vKeSCxZc,,Red Talons,,,,"{""*"":{""read"":true},""role:Administrator"":{""read"":true,""write"":true}}",Nature Knows Best,Tue Jan 14 2020 21:16:32 GMT-0500 (Eastern Standard Time),,,,2,,,,,,,,,,,,,,Tribal,Tue Jan 14 2020 21:16:32 GMT-0500 (Eastern Standard Time),,,,,wta_merits
p7cHHPqyap,,requires_specialization,,,,"{""*"":{""read"":true},""role:Administrator"":{""read"":true,""write"":true}}",Derangement,Tue Jan 14 2020 21:16:18 GMT-0500 (Eastern Standard Time),,,,2,,,,,,,,,,,,,,General,Tue Jan 14 2020 21:16:18 GMT-0500 (Eastern Standard Time),,,,,flaws
p8OIe2TmDi,,,,,,"{""*"":{""read"":true},""role:Administrator"":{""read"":true,""write"":true}}",Repelled by Religion,Tue Jan 14 2020 21:16:19 GMT-0500 (Eastern Standard Time),,,,3,,"Cannot directly harm or effect with powers a mortal who formally presents a symbol of their faith, take 1 normal damage per turn in physical contact with a holy symbol, and if forced onto holy ground suffer 3 unsoakable agg per turn. Cannot be taken by Baali or Baali Bloodlines.",,,,,,,,,,,,General,Tue Jan 14 2020 21:16:19 GMT-0500 (Eastern Standard Time),,,,,flaws
p8rzIh9Kpr,,,,,,"{""*"":{""read"":true},""role:Administrator"":{""read"":true,""write"":true}}",Occult,Tue Jan 14 2020 21:16:19 GMT-0500 (Eastern Standard Time),7,,,,,,,,,,,,,,,,,,Tue Jan 14 2020 21:16:19 GMT-0500 (Eastern Standard Time),,,,,haven_specializations
p9J18HfqbF,,,Independent Alliance,,,"{""*"":{""read"":true},""role:Administrator"":{""read"":true,""write"":true}}",Black-Balled,Thu Feb 13 2020 22:50:16 GMT-0500 (Eastern Standard Time),,,,,,,,,,,,,,,,,,Negative,Thu Feb 13 2020 22:50:16 GMT-0500 (Eastern Standard Time),,,,,status_traits
pBP5YYwhF7,,,,,,"{""*"":{""read"":true},""role:Administrator"":{""read"":true,""write"":true}}",Competitor,Tue Jan 14 2020 21:16:10 GMT-0500 (Eastern Standard Time),,,,,,,,,,,,,,,,,,,Tue Jan 14 2020 21:16:10 GMT-0500 (Eastern Standard Time),,,,,archetypes
pCa3HT66fW,,,,,,"{""*"":{""read"":true},""role:Administrator"":{""read"":true,""write"":true}}",Strength of Madness,Tue Jan 14 2020 21:16:22 GMT-0500 (Eastern Standard Time),,Malkavian,,1,,,,,,,,,,,36,,,,Tue Jan 14 2020 21:16:22 GMT-0500 (Eastern Standard Time),,,,,merits
pEcCUYH1h4,,,,,,"{""*"":{""read"":true},""role:Administrator"":{""read"":true,""write"":true}}",Literature,Tue Jan 14 2020 21:16:09 GMT-0500 (Eastern Standard Time),1,,,,,,,,,,,,,,,,,,Tue Jan 14 2020 21:16:09 GMT-0500 (Eastern Standard Time),,,,,academics_specializations
pJUS3QE5tm,,,,,,"{""*"":{""read"":true},""role:Administrator"":{""read"":true,""write"":true}}",Visceratika: Bulwark,Tue Jan 14 2020 21:16:17 GMT-0500 (Eastern Standard Time),,,,,,,,,,,,,,,,,,,Tue Jan 14 2020 21:16:17 GMT-0500 (Eastern Standard Time),,,,,elder_disciplines
pKeIU2XV0S,,,,,,"{""*"":{""read"":true},""role:Administrator"":{""read"":true,""write"":true}}",Rationalist,Tue Jan 14 2020 21:16:11 GMT-0500 (Eastern Standard Time),,,,,,,,,,,,,,,,,,,Tue Jan 14 2020 21:16:11 GMT-0500 (Eastern Standard Time),,,,,archetypes_2
pL6zM6WkCF,,,,,,"{""*"":{""read"":true},""role:Administrator"":{""read"":true,""write"":true}}",Unflappable,Tue Jan 14 2020 21:16:11 GMT-0500 (Eastern Standard Time),,,,,,,,,,,,,,,,,,,Tue Jan 14 2020 21:16:11 GMT-0500 (Eastern Standard Time),,,,,archetypes_2
pLi9KbRgMs,,,,,,"{""*"":{""read"":true},""role:Administrator"":{""read"":true,""write"":true}}",Potence,Tue Jan 14 2020 21:16:18 GMT-0500 (Eastern Standard Time),,,,,,,,,,,,,,,,,,,Tue Jan 14 2020 21:16:18 GMT-0500 (Eastern Standard Time),,,,,extra_in_clan_disciplines
pNoTxl2cHk,,Uktena,,,,"{""*"":{""read"":true},""role:Administrator"":{""read"":true,""write"":true}}",Keeper of the Old Ways,Tue Jan 14 2020 21:16:31 GMT-0500 (Eastern Standard Time),,requires_specialization,,1,,,,,,,,,,,,,,Tribal,Tue Jan 14 2020 21:16:31 GMT-0500 (Eastern Standard Time),,,,,wta_merits
pQBbj3y34q,,,,,,"{""*"":{""read"":true},""role:Administrator"":{""read"":true,""write"":true}}",Salubri,Tue Aug 31 2021 02:28:48 GMT-0400 (Eastern Daylight Time),,,,,,,,,,,,,,,,,,,Tue Jan 14 2020 21:16:11 GMT-0500 (Eastern Standard Time),,,,,clans
pUDIidegDR,,Stargazers,,,,"{""*"":{""read"":true},""role:Administrator"":{""read"":true,""write"":true}}",The Sacred Thread,Tue Jan 14 2020 21:16:26 GMT-0500 (Eastern Standard Time),,,,,,,,,,,,,,,,,,,Tue Jan 14 2020 21:16:26 GMT-0500 (Eastern Standard Time),,,,,wta_camps
pUPN08DGOr,,,Anarch,,,"{""*"":{""read"":true},""role:Administrator"":{""read"":true,""write"":true}}",Hardcore,Thu Feb 13 2020 22:50:13 GMT-0500 (Eastern Standard Time),,,,,,,,,,,,,,,,,,Fleeting,Tue Jan 14 2020 21:16:23 GMT-0500 (Eastern Standard Time),,,,,status_traits
pUWCtLTtGy,,,,,,"{""*"":{""read"":true},""role:Administrator"":{""read"":true,""write"":true}}",Traditionalist,Tue Jan 14 2020 21:16:10 GMT-0500 (Eastern Standard Time),,,,,,,,,,,,,,,,,,,Tue Jan 14 2020 21:16:10 GMT-0500 (Eastern Standard Time),,,,,archetype_2s
pVUM1kefKV,,Brujah,,,,"{""*"":{""read"":true},""role:Administrator"":{""read"":true,""write"":true}}",Scourge of Alecto,Tue Jan 14 2020 21:16:22 GMT-0500 (Eastern Standard Time),,,,3,,"When target spends Willpower to resist your Awe or Majesty, they suffer 1 unsoakable Aggravated.",,,,,,,,,,,,Clan,Tue Jan 14 2020 21:16:22 GMT-0500 (Eastern Standard Time),,,,,merits
paLcwTEl2W,,,,,,"{""*"":{""read"":true},""role:Administrator"":{""read"":true,""write"":true}}",War Party,Tue Jan 14 2020 21:16:23 GMT-0500 (Eastern Standard Time),,,,,,,,,,,,,,,,,,Auctoritas,Tue Jan 14 2020 21:16:23 GMT-0500 (Eastern Standard Time),,,,,sabbat_rituals
pbAjKhae3b,,,,,,"{""*"":{""read"":true},""role:Administrator"":{""read"":true,""write"":true}}",Blood,Tue Jan 14 2020 21:16:22 GMT-0500 (Eastern Standard Time),1,,,,,,,,,,,,,,,,,,Tue Jan 14 2020 21:16:22 GMT-0500 (Eastern Standard Time),,,,,paths
pcrrQEicVj,,,,,,"{""*"":{""read"":true},""role:Administrator"":{""read"":true,""write"":true}}",Take a Bullet,Tue Jan 14 2020 21:16:30 GMT-0500 (Eastern Standard Time),,,,3,,,,,,,,,Charisma,,,No,Children of Gaia,Tribal,Tue Jan 14 2020 21:16:30 GMT-0500 (Eastern Standard Time),,,,,wta_gifts
pfsWWBW7b5,,,,,,"{""*"":{""read"":true},""role:Administrator"":{""read"":true,""write"":true}}",Shedding the Snake's Skin,Tue Jan 14 2020 21:16:22 GMT-0500 (Eastern Standard Time),,Followers of Set,,2,,,,,,,,,,,27,,,,Tue Jan 14 2020 21:16:22 GMT-0500 (Eastern Standard Time),,,,,merits
pj1cEnes2s,,,,,,"{""*"":{""read"":true},""role:Administrator"":{""read"":true,""write"":true}}",Eerie,Tue Jan 14 2020 21:16:26 GMT-0500 (Eastern Standard Time),,,Cantrip,1,,,,,,,,,,,,,,,Tue Jan 14 2020 21:16:26 GMT-0500 (Eastern Standard Time),,,,,wta_fetish_traits
pnhNUgmJrB,,,,,,"{""*"":{""read"":true},""role:Administrator"":{""read"":true,""write"":true}}",Valeren,Wed Sep 01 2021 19:15:32 GMT-0400 (Eastern Daylight Time),,,,,,,,,,,,,,,,,,,Tue Jan 14 2020 21:16:16 GMT-0500 (Eastern Standard Time),,,,,disciplines
poJ5bVpG7N,,,,,,"{""*"":{""read"":true},""role:Administrator"":{""read"":true,""write"":true}}",Tzimisce: Koldun,Sun Mar 01 2020 22:37:46 GMT-0500 (Eastern Standard Time),1,,,,,,,,,,,,,,,,,,Tue Jan 14 2020 21:16:20 GMT-0500 (Eastern Standard Time),,,,,lore_specializations
poUfESmxY7,,,,,,"{""*"":{""read"":true},""role:Administrator"":{""read"":true,""write"":true}}",Spirit Pathways,Tue Jan 14 2020 21:16:15 GMT-0500 (Eastern Standard Time),,,,1,,,,,,,,,,,,,,,Tue Jan 14 2020 21:16:15 GMT-0500 (Eastern Standard Time),,,,,ctdbs_merits
pomTyTnVsY,,,,No,,"{""*"":{""read"":true},""role:Administrator"":{""read"":true,""write"":true}}",Addiction (Hallucinogen),Tue Jan 14 2020 21:16:27 GMT-0500 (Eastern Standard Time),,,,2,,,,,,,,,,,,,,,Tue Jan 14 2020 21:16:27 GMT-0500 (Eastern Standard Time),,,,,wta_flaws
pquUNQcXsg,,,,,,"{""*"":{""read"":true},""role:Administrator"":{""read"":true,""write"":true}}",Cultured,Tue Jan 14 2020 21:16:10 GMT-0500 (Eastern Standard Time),,,,,,,,,,,,,,,,,,,Tue Jan 14 2020 21:16:10 GMT-0500 (Eastern Standard Time),,,,,archetypes_2
pwCTPpGJmk,,,Camarilla,,,"{""*"":{""read"":true},""role:Administrator"":{""read"":true,""write"":true}}",Privileged,Thu Feb 13 2020 22:50:15 GMT-0500 (Eastern Standard Time),,,,,,,,,,,,,,,,,,Abiding,Tue Jan 14 2020 21:16:23 GMT-0500 (Eastern Standard Time),,,,,status_traits
q1GpqFXIwp,,requires_specialization,,,,"{""*"":{""read"":true},""role:Administrator"":{""read"":true,""write"":true}}",Custom,Tue Jan 14 2020 21:16:09 GMT-0500 (Eastern Standard Time),0,,,,,,,,,,,,,,,,,,Tue Jan 14 2020 21:16:09 GMT-0500 (Eastern Standard Time),,,,,allies_specializations
q1Q0NoZXCw,,,,,,"{""*"":{""read"":true},""role:Administrator"":{""read"":true,""write"":true}}",Naming,Tue Jan 14 2020 21:16:11 GMT-0500 (Eastern Standard Time),5,,,,,,,,,,,,,,,,,,Tue Jan 14 2020 21:16:11 GMT-0500 (Eastern Standard Time),,,,,ctdbs_arts_affinities_links
q1UE9QadgI,,,,,,"{""*"":{""read"":true},""role:Administrator"":{""read"":true,""write"":true}}",Animal Ways,Tue Jan 14 2020 21:16:27 GMT-0500 (Eastern Standard Time),,,,2,,,,,,,,,,,,,,,Tue Jan 14 2020 21:16:27 GMT-0500 (Eastern Standard Time),,,,,wta_flaws
q3P3Ve0Alq,,,,,,"{""*"":{""read"":true},""role:Administrator"":{""read"":true,""write"":true}}",Ambassador,Sun Feb 15 2026 13:14:10 GMT-0500 (Eastern Standard Time),,,,,,,,,,,,,,,,,,Anarch,Tue Jan 14 2020 21:16:25 GMT-0500 (Eastern Standard Time),,,,,titles
q49lo3aBsY,,,,,,"{""*"":{""read"":true},""role:Administrator"":{""read"":true,""write"":true}}",Daughters of Cacophony,Sun Mar 01 2020 22:37:45 GMT-0500 (Eastern Standard Time),1,,,,,,,,,,,,,,,,,,Tue Jan 14 2020 21:16:20 GMT-0500 (Eastern Standard Time),,,,,lore_specializations
q5eQPRo6fw,,,,No,,"{""*"":{""read"":true},""role:Administrator"":{""read"":true,""write"":true}}",Fetishes,Tue Jan 14 2020 21:16:25 GMT-0500 (Eastern Standard Time),,,,,,,,,,,,,,No,,,,,Tue Jan 14 2020 21:16:25 GMT-0500 (Eastern Standard Time),,,,,wta_backgrounds
q8GkxZRPRB,,,,,,"{""*"":{""read"":true},""role:Administrator"":{""read"":true,""write"":true}}",Additional Uncommon Discipline,Tue Jan 14 2020 21:16:20 GMT-0500 (Eastern Standard Time),,,,5,,Opens up List 2 for an additional Discipline slot.,,,,,,,,,,,,General,Tue Jan 14 2020 21:16:20 GMT-0500 (Eastern Standard Time),,,,,merits
q8NCDjew94,,,,,,"{""*"":{""read"":true},""role:Administrator"":{""read"":true,""write"":true}}",Dreaming Realm Affinity,Tue Jan 14 2020 21:16:13 GMT-0500 (Eastern Standard Time),,,,3,,,,,,,,,,,,,,,Tue Jan 14 2020 21:16:13 GMT-0500 (Eastern Standard Time),,,,,ctdbs_merits
q9FZVzh2hS,,,,,,"{""*"":{""read"":true},""role:Administrator"":{""read"":true,""write"":true}}",Anarch,Sun Mar 01 2020 22:37:45 GMT-0500 (Eastern Standard Time),1,,,,,,,,,,,,,,,,,,Tue Jan 14 2020 21:16:19 GMT-0500 (Eastern Standard Time),,,,,lore_specializations
q9IDa2EyOz,,,,,,"{""*"":{""read"":true},""role:Administrator"":{""read"":true,""write"":true}}",Paws of the Newborn Cub,Tue Jan 14 2020 21:16:29 GMT-0500 (Eastern Standard Time),,,,5,,,,,,,,,Perception,,,Yes,Silver Fangs,Tribal,Tue Jan 14 2020 21:16:29 GMT-0500 (Eastern Standard Time),,,,,wta_gifts
qBOpbMLwOr,,,,,,"{""*"":{""read"":true},""role:Administrator"":{""read"":true,""write"":true}}",Instinctive Command,Tue Jan 14 2020 21:16:24 GMT-0500 (Eastern Standard Time),,,,,,,,,,,,,,,,,,,Tue Jan 14 2020 21:16:24 GMT-0500 (Eastern Standard Time),,,,,techniques
qBpt3hOVHD,,,,,,"{""*"":{""read"":true},""role:Administrator"":{""read"":true,""write"":true}}",Werewolves,Sun Mar 01 2020 22:37:46 GMT-0500 (Eastern Standard Time),1,,,,,,,,,,,,,,,,,,Tue Jan 14 2020 21:16:20 GMT-0500 (Eastern Standard Time),,,,,lore_specializations
qCsd4iB14Z,,,,,,"{""*"":{""read"":true},""role:Administrator"":{""read"":true,""write"":true}}",Marked for Death,Tue Jan 14 2020 21:16:29 GMT-0500 (Eastern Standard Time),,,,5,,,,,,,,,Wits,,,Yes,Ajaba,Fera,Tue Jan 14 2020 21:16:29 GMT-0500 (Eastern Standard Time),,,,,wta_gifts
qDDqlTL3pV,,,,,,"{""*"":{""read"":true},""role:Administrator"":{""read"":true,""write"":true}}",Entrophy's Curse,Tue Jan 14 2020 21:16:28 GMT-0500 (Eastern Standard Time),,,,4,,,,,,,,,Perception,,,Yes,Ananasi,Fera,Tue Jan 14 2020 21:16:28 GMT-0500 (Eastern Standard Time),,,,,wta_gifts
qEG5G95hYB,,,,,,"{""*"":{""read"":true},""role:Administrator"":{""read"":true,""write"":true}}",Dominate: Mass Manipulation,Tue Jan 14 2020 21:16:17 GMT-0500 (Eastern Standard Time),,,,,,,,,,,,,,,,,,,Tue Jan 14 2020 21:16:17 GMT-0500 (Eastern Standard Time),,,,,elder_disciplines
qGSwcvx2A3,,,,,,"{""*"":{""read"":true},""role:Administrator"":{""read"":true,""write"":true}}",Thaumaturgy: Path of Weather Mastery,Tue Jan 14 2020 21:16:18 GMT-0500 (Eastern Standard Time),,,,,,,,,,,,,,,,,,,Tue Jan 14 2020 21:16:18 GMT-0500 (Eastern Standard Time),,,,,extra_in_clan_disciplines
qHYSkkC651,,,,,,"{""*"":{""read"":true},""role:Administrator"":{""read"":true,""write"":true}}",One Eye,Tue Jan 14 2020 21:16:12 GMT-0500 (Eastern Standard Time),,,,3,,,,,,,,,,,,,,,Tue Jan 14 2020 21:16:12 GMT-0500 (Eastern Standard Time),,,,,ctdbs_flaws
qJWJdeQdBc,,Ventrue,,,,"{""*"":{""read"":true},""role:Administrator"":{""read"":true,""write"":true}}",Paragon,Tue Jan 14 2020 21:16:21 GMT-0500 (Eastern Standard Time),,,,3,,"Resources money x 2, +1 action per Influence controlled (Elite or Underworld), gain Retainer 6 (NPC Neonate Ventrue - choose 3 items from Haven, Herd, Influence (Elite or Underworld) or Resources; 3 dots in 1, 2 dots in other, 1 dot in last)",,,,,,,,,,,,Clan,Tue Jan 14 2020 21:16:21 GMT-0500 (Eastern Standard Time),,,,,merits
qJyxWcuhmT,,,,,,"{""*"":{""read"":true},""role:Administrator"":{""read"":true,""write"":true}}",Thaumaturgy: Eyes of the Night Hawk,Tue Jan 14 2020 21:16:23 GMT-0500 (Eastern Standard Time),,,,2,,,,,,,,,,,,,,,Tue Jan 14 2020 21:16:23 GMT-0500 (Eastern Standard Time),,,,,rituals
qKq1QXviwZ,,,Anarch,,,"{""*"":{""read"":true},""role:Administrator"":{""read"":true,""write"":true}}",Cherry,Thu Feb 13 2020 22:50:12 GMT-0500 (Eastern Standard Time),,,,,,,,,,,,,,,,,,Negative,Tue Jan 14 2020 21:16:23 GMT-0500 (Eastern Standard Time),,,,,status_traits
qO2p2fCucV,,,,,,"{""*"":{""read"":true},""role:Administrator"":{""read"":true,""write"":true}}",Dance of the Heavens,Tue Jan 14 2020 21:16:28 GMT-0500 (Eastern Standard Time),,,,3,,,,,,,,,Wits,,,No,Stargazers,Tribal,Tue Jan 14 2020 21:16:28 GMT-0500 (Eastern Standard Time),,,,,wta_gifts
qRgrVtesd7,,,,,,"{""*"":{""read"":true},""role:Administrator"":{""read"":true,""write"":true}}",Video game companies,Sat Feb 14 2026 18:10:12 GMT-0500 (Eastern Standard Time),1,,,,,,,,,,,,,,,,,,Tue Jan 14 2020 21:16:19 GMT-0500 (Eastern Standard Time),,,,,influence_underworld_specializations
qRzSZpGvDC,,requires_specialization,,,,"{""*"":{""read"":true},""role:Administrator"":{""read"":true,""write"":true}}",Custom,Sat Feb 14 2026 18:08:11 GMT-0500 (Eastern Standard Time),0,,,,,,,,,,,,,,,,,,Tue Jan 14 2020 21:16:19 GMT-0500 (Eastern Standard Time),,,,,influence_elite_specializations
qX0x0K97ck,,,,,,"{""*"":{""read"":true},""role:Administrator"":{""read"":true,""write"":true}}",Sight of Hidden Places,Tue Jan 14 2020 21:16:29 GMT-0500 (Eastern Standard Time),,,,1,,,,,,,,,Perception,,,No,Uktena,Tribal,Tue Jan 14 2020 21:16:29 GMT-0500 (Eastern Standard Time),,,,,wta_gifts
qZX4bgMoJT,,,,,,"{""*"":{""read"":true},""role:Administrator"":{""read"":true,""write"":true}}",Bitten,Tue Jan 14 2020 21:16:27 GMT-0500 (Eastern Standard Time),,,,2,,,,,,,,,,,,,,,Tue Jan 14 2020 21:16:27 GMT-0500 (Eastern Standard Time),,,,,wta_flaws
qc5691Pyuw,,,,,,"{""*"":{""read"":true},""role:Administrator"":{""read"":true,""write"":true}}",Prop,Tue Jan 14 2020 21:16:16 GMT-0500 (Eastern Standard Time),5,,,,,,,,,,,,,,,,,,Tue Jan 14 2020 21:16:16 GMT-0500 (Eastern Standard Time),,,,,ctdbs_realms
qdbTuz1EMI,,,,,,"{""*"":{""read"":true},""role:Administrator"":{""read"":true,""write"":true}}",Conveying,Tue Jan 14 2020 21:16:26 GMT-0500 (Eastern Standard Time),,,,1,Talen,,Fetish,,,,,,,,,,,,Tue Jan 14 2020 21:16:26 GMT-0500 (Eastern Standard Time),,,,,wta_fetish_traits
qiDggITeX9,,,,,,"{""*"":{""read"":true},""role:Administrator"":{""read"":true,""write"":true}}",Stargazers,Tue Jan 14 2020 21:16:33 GMT-0500 (Eastern Standard Time),11,,The Sacred Thread,,The Zephyer,-1 Innate Renown  Penalty,The Jade Covenant,,,,,,,,,,,,Tue Jan 14 2020 21:16:33 GMT-0500 (Eastern Standard Time),,,,,wta_tribes
qiMvK65BO2,,,,,,"{""*"":{""read"":true},""role:Administrator"":{""read"":true,""write"":true}}",Vanishing Act,Tue Jan 14 2020 21:16:24 GMT-0500 (Eastern Standard Time),,,,,,,,,,,,,,,,,,,Tue Jan 14 2020 21:16:24 GMT-0500 (Eastern Standard Time),,,,,techniques
qkzRhvZ0Sl,,,,,,"{""*"":{""read"":true},""role:Administrator"":{""read"":true,""write"":true}}",Alchemical Attunement,Tue Jan 14 2020 21:16:24 GMT-0500 (Eastern Standard Time),,,,,,,,,,,,,,,,,,,Tue Jan 14 2020 21:16:24 GMT-0500 (Eastern Standard Time),,,,,techniques
qmGGlfsQBF,,,,,,"{""*"":{""read"":true},""role:Administrator"":{""read"":true,""write"":true}}",Pied Piper,Tue Jan 14 2020 21:16:18 GMT-0500 (Eastern Standard Time),,,,1,,"Animals (specific type chosen when flaw is taken) flock to character, seeing through supernatural concealment.",,,,,,,,,,,,General,Tue Jan 14 2020 21:16:18 GMT-0500 (Eastern Standard Time),,,,,flaws
qqxxWfGGHA,,,,No,,"{""*"":{""read"":true},""role:Administrator"":{""read"":true,""write"":true}}",Resources,Tue Jan 14 2020 21:16:25 GMT-0500 (Eastern Standard Time),,,,,,,,,,,,,,No,,,,,Tue Jan 14 2020 21:16:25 GMT-0500 (Eastern Standard Time),,,,,wta_backgrounds
qy1iOekyeF,,,,,,"{""*"":{""read"":true},""role:Administrator"":{""read"":true,""write"":true}}",Sovereign,Tue Jan 14 2020 21:16:12 GMT-0500 (Eastern Standard Time),11,,,,,,,,,,,,,,,,,,Tue Jan 14 2020 21:16:12 GMT-0500 (Eastern Standard Time),,,,,ctdbs_arts_affinities_links
r0Bs6UD7Nh,,,,,,"{""*"":{""read"":true},""role:Administrator"":{""read"":true,""write"":true}}",Full Body,Tue Jan 14 2020 21:16:26 GMT-0500 (Eastern Standard Time),,,,3,Talen,,Fetish,,,,,,,,,,,,Tue Jan 14 2020 21:16:26 GMT-0500 (Eastern Standard Time),,,,,wta_fetish_traits
r1kgF4ZX1S,,,,,,"{""*"":{""read"":true},""role:Administrator"":{""read"":true,""write"":true}}",Trouble Magnet,Tue Jan 14 2020 21:16:12 GMT-0500 (Eastern Standard Time),,,,1,,,,,,,,,,,,,,,Tue Jan 14 2020 21:16:12 GMT-0500 (Eastern Standard Time),,,,,ctdbs_flaws
r3aKcN4cHO,,,,,,"{""*"":{""read"":true},""role:Administrator"":{""read"":true,""write"":true}}",Penitent,Tue Jan 14 2020 21:16:10 GMT-0500 (Eastern Standard Time),,,,,,,,,,,,,,,,,,,Tue Jan 14 2020 21:16:10 GMT-0500 (Eastern Standard Time),,,,,archetype_2s
r5Z3DEcCft,,Red Talons,,,,"{""*"":{""read"":true},""role:Administrator"":{""read"":true,""write"":true}}",Warders of the Land,Tue Jan 14 2020 21:16:26 GMT-0500 (Eastern Standard Time),,,,,,,,,,,,,,,,,,,Tue Jan 14 2020 21:16:26 GMT-0500 (Eastern Standard Time),,,,,wta_camps
r6dOSt5mgT,,,,,,"{""*"":{""read"":true},""role:Administrator"":{""read"":true,""write"":true}}",Celerity,Tue Jan 14 2020 21:16:17 GMT-0500 (Eastern Standard Time),,,,,,,,,,,,,,,,,,,Tue Jan 14 2020 21:16:17 GMT-0500 (Eastern Standard Time),,,,,extra_in_clan_disciplines
r9r4cUAG9E,,,,,,"{""*"":{""read"":true},""role:Administrator"":{""read"":true,""write"":true}}",Short Fuse,Tue Jan 14 2020 21:16:27 GMT-0500 (Eastern Standard Time),,,,2,,,,,,,,,,,,,,,Tue Jan 14 2020 21:16:27 GMT-0500 (Eastern Standard Time),,,,,wta_flaws
rAjIO6Cy34,,,,,,"{""*"":{""read"":true},""role:Administrator"":{""read"":true,""write"":true}}",Melpominee: Shattering Crescendo,Tue Jan 14 2020 21:16:17 GMT-0500 (Eastern Standard Time),,,,,,,,,,,,,,,,,,,Tue Jan 14 2020 21:16:17 GMT-0500 (Eastern Standard Time),,,,,elder_disciplines
rChPcQZafV,,,,,,"{""*"":{""read"":true},""role:Administrator"":{""read"":true,""write"":true}}",Social Nobility,Tue Jan 14 2020 21:16:22 GMT-0500 (Eastern Standard Time),,,,3,,"When someone satisfactorily repays the character a boon, can grant fleeting status of Gallant.",,,,,,,,,,,,Camarilla,Tue Jan 14 2020 21:16:22 GMT-0500 (Eastern Standard Time),,,,,merits
rDag1LPugQ,,,,,,"{""*"":{""read"":true},""role:Administrator"":{""read"":true,""write"":true}}",Nosferatu: Nictuku,Tue Aug 31 2021 02:28:48 GMT-0400 (Eastern Daylight Time),,,,,,,,,,,,,,,,,,,Sun Jan 19 2020 15:06:32 GMT-0500 (Eastern Standard Time),,,,,clans
rERSBxCrcy,,,,,,"{""*"":{""read"":true},""role:Administrator"":{""read"":true,""write"":true}}",Stylish,Tue Jan 14 2020 21:16:31 GMT-0500 (Eastern Standard Time),,,,,,,,General,,,,,,,,,,,Tue Jan 14 2020 21:16:31 GMT-0500 (Eastern Standard Time),,,,,wta_item_traits
rG7FJ3yIT2,,,,,,"{""*"":{""read"":true},""role:Administrator"":{""read"":true,""write"":true}}",Silent Striders,Tue Jan 14 2020 21:16:33 GMT-0500 (Eastern Standard Time),9,,Harbingers,,Wayfarers,Curse of Sutekh,Swords of Night,,,,,,,,,,,,Tue Jan 14 2020 21:16:33 GMT-0500 (Eastern Standard Time),,,,,wta_tribes
rHM7bc9yHv,,,,,,"{""*"":{""read"":true},""role:Administrator"":{""read"":true,""write"":true}}",Ventrue,Tue Aug 31 2021 02:28:48 GMT-0400 (Eastern Daylight Time),,,,,,,,,,,,,,,,,,,Tue Jan 14 2020 21:16:11 GMT-0500 (Eastern Standard Time),,,,,clans
rK6iZSL08g,,,,,,"{""*"":{""read"":true},""role:Administrator"":{""read"":true,""write"":true}}",Enigma,Tue Jan 14 2020 21:16:10 GMT-0500 (Eastern Standard Time),,,,,,,,,,,,,,,,,,,Tue Jan 14 2020 21:16:10 GMT-0500 (Eastern Standard Time),,,,,archetypes
rLWkOdqeMt,,,,,,"{""*"":{""read"":true},""role:Administrator"":{""read"":true,""write"":true}}",Mytherceria,Tue Jan 14 2020 21:16:17 GMT-0500 (Eastern Standard Time),,,,,,,,,,,,,,,,,,,Tue Jan 14 2020 21:16:17 GMT-0500 (Eastern Standard Time),,,,,extra_in_clan_disciplines
rLvmekCOlD,,Malkavian,,,,"{""*"":{""read"":true},""role:Administrator"":{""read"":true,""write"":true}}",Sophistry,Sat Mar 07 2020 10:06:02 GMT-0500 (Eastern Standard Time),,,,3,,"Once per game session, spend 1 Blood to auto-win or completely avoid a Physical, Social or Mental test that could result in injury.",,,,,,,,,,,,Clan,Tue Jan 14 2020 21:16:22 GMT-0500 (Eastern Standard Time),,,,,merits
rNN5o28Haw,,,,,,"{""*"":{""read"":true},""role:Administrator"":{""read"":true,""write"":true}}",Natural Linguist,Tue Jan 14 2020 21:16:15 GMT-0500 (Eastern Standard Time),,,,1,,,,,,,,,,,,,,,Tue Jan 14 2020 21:16:15 GMT-0500 (Eastern Standard Time),,,,,ctdbs_merits
rOEbxKNZLN,,,,,,"{""*"":{""read"":true},""role:Administrator"":{""read"":true,""write"":true}}",Loner,Tue Jan 14 2020 21:16:10 GMT-0500 (Eastern Standard Time),,,,,,,,,,,,,,,,,,,Tue Jan 14 2020 21:16:10 GMT-0500 (Eastern Standard Time),,,,,archetype_2s
rQOcRzKKtL,,,,,,"{""*"":{""read"":true},""role:Administrator"":{""read"":true,""write"":true}}",Wolf's Blood,Tue Jan 14 2020 21:16:25 GMT-0500 (Eastern Standard Time),,,,,,,,,,,,,,,,,,,Tue Jan 14 2020 21:16:25 GMT-0500 (Eastern Standard Time),,,,,techniques
rW9EF386uC,,,,,,"{""*"":{""read"":true},""role:Administrator"":{""read"":true,""write"":true}}",Knight Inquisitor,Sun Feb 15 2026 13:14:10 GMT-0500 (Eastern Standard Time),,,,,,,,,,,,,,,,,,Sabbat,Tue Jan 14 2020 21:16:25 GMT-0500 (Eastern Standard Time),,,,,titles
rY6fQXMAvd,,requires_specialization,,,,"{""*"":{""read"":true},""role:Administrator"":{""read"":true,""write"":true}}",Custom,Tue Jan 14 2020 21:16:11 GMT-0500 (Eastern Standard Time),0,,,,,,,,,,,,,,,,,,Tue Jan 14 2020 21:16:11 GMT-0500 (Eastern Standard Time),,,,,contacts_specializations
rZ1ZNHMZ8h,,,,,,"{""*"":{""read"":true},""role:Administrator"":{""read"":true,""write"":true}}",The Antiquarians,Tue Jan 14 2020 21:16:12 GMT-0500 (Eastern Standard Time),,,,,,,,,,,,,,,,,,,Tue Jan 14 2020 21:16:12 GMT-0500 (Eastern Standard Time),,,,,ctdbs_kith_group_types
rfYgDzjWzN,,,,,,"{""*"":{""read"":true},""role:Administrator"":{""read"":true,""write"":true}}",Spiritual Animist,Tue Jan 14 2020 21:16:22 GMT-0500 (Eastern Standard Time),,TzimisceKoldun,,3,,,,,,,,,,,44,,,,Tue Jan 14 2020 21:16:22 GMT-0500 (Eastern Standard Time),,,,,merits
riQaoT7mtw,,,,,,"{""*"":{""read"":true},""role:Administrator"":{""read"":true,""write"":true}}",Banal Connections,Tue Jan 14 2020 21:16:13 GMT-0500 (Eastern Standard Time),,,,2,,,,,,,,,,,,,,,Tue Jan 14 2020 21:16:13 GMT-0500 (Eastern Standard Time),,,,,ctdbs_merits
rpA7JkuLrW,,,,,,"{""*"":{""read"":true},""role:Administrator"":{""read"":true,""write"":true}}",Internet bloggers,Sat Feb 14 2026 18:08:11 GMT-0500 (Eastern Standard Time),1,,,,,,,,,,,,,,,,,,Tue Jan 14 2020 21:16:19 GMT-0500 (Eastern Standard Time),,,,,influence_elite_specializations
rscHyZ5n20,,,,,,"{""*"":{""read"":true},""role:Administrator"":{""read"":true,""write"":true}}",Anthros,Tue Jan 14 2020 21:16:27 GMT-0500 (Eastern Standard Time),,,,,,"Aggravated Claw attacks; +3 Brawl, Melee, Firearms; +2 Intimidation and Athletics skills; use tools",,,,,,,Strength: +5 Brawl vs. +3 Brawl,,,,,Ajaba,Tue Jan 14 2020 21:16:27 GMT-0500 (Eastern Standard Time),,,,,wta_forms
ru7Vavx6kq,,Gargoyles,,,,"{""*"":{""read"":true},""role:Administrator"":{""read"":true,""write"":true}}",Flight,Tue Jan 14 2020 21:16:21 GMT-0500 (Eastern Standard Time),,,,1,,Gain true flight at normal movement rates.,,,,,,,,,,,,Clan,Tue Jan 14 2020 21:16:21 GMT-0500 (Eastern Standard Time),,,,,merits
rxrzwsO7a9,,,,,,"{""*"":{""read"":true},""role:Administrator"":{""read"":true,""write"":true}}",The Bends,Tue Jan 14 2020 21:16:30 GMT-0500 (Eastern Standard Time),,,,4,,,,,,,,,Charisma,,,Yes,Rokea,Fera,Tue Jan 14 2020 21:16:30 GMT-0500 (Eastern Standard Time),,,,,wta_gifts
rzVkwSngj5,,,,,,"{""*"":{""read"":true},""role:Administrator"":{""read"":true,""write"":true}}",Armor Piercing,Tue Jan 14 2020 21:16:26 GMT-0500 (Eastern Standard Time),,,,2,Talen,,,,,,,,,,,,,,Tue Jan 14 2020 21:16:26 GMT-0500 (Eastern Standard Time),,,,,wta_fetish_traits
s3xJTMIFeA,,,,,,"{""*"":{""read"":true},""role:Administrator"":{""read"":true,""write"":true}}",Fortitude: Personal Armor,Tue Jan 14 2020 21:16:17 GMT-0500 (Eastern Standard Time),,,,,,,,,,,,,,,,,,,Tue Jan 14 2020 21:16:17 GMT-0500 (Eastern Standard Time),,,,,elder_disciplines
s5OoziYkle,,,,,,"{""*"":{""read"":true},""role:Administrator"":{""read"":true,""write"":true}}",Thaumaturgy: Path of Blood,Tue Jan 14 2020 21:16:18 GMT-0500 (Eastern Standard Time),,,,,,,,,,,,,,,,,,,Tue Jan 14 2020 21:16:18 GMT-0500 (Eastern Standard Time),,,,,extra_in_clan_disciplines
s5gNhanwKt,,,,,,"{""*"":{""read"":true},""role:Administrator"":{""read"":true,""write"":true}}",Terror of Tentacles,Tue Jan 14 2020 21:16:24 GMT-0500 (Eastern Standard Time),,,,,,,,,,,,,,,,,,,Tue Jan 14 2020 21:16:24 GMT-0500 (Eastern Standard Time),,,,,techniques
s6JJZEDxuQ,,,,,,"{""*"":{""read"":true},""role:Administrator"":{""read"":true,""write"":true}}",Bonecraft Prodigy,Tue Jan 14 2020 21:16:24 GMT-0500 (Eastern Standard Time),,,,,,,,,,,,,,,,,,,Tue Jan 14 2020 21:16:24 GMT-0500 (Eastern Standard Time),,,,,techniques
s6Qqu9LJo4,,,,,,"{""*"":{""read"":true},""role:Administrator"":{""read"":true,""write"":true}}",Obeah,Tue Jan 14 2020 21:16:18 GMT-0500 (Eastern Standard Time),,,,,,,,,,,,,,,,,,,Tue Jan 14 2020 21:16:18 GMT-0500 (Eastern Standard Time),,,,,extra_in_clan_disciplines
s74LgOExLU,,,,,,"{""*"":{""read"":true},""role:Administrator"":{""read"":true,""write"":true}}",Gaia's Vengeful Teeth,Tue Jan 14 2020 21:16:28 GMT-0500 (Eastern Standard Time),,,,5,,,,,,,,,Manipulation,,,Yes,Philodox,General,Tue Jan 14 2020 21:16:28 GMT-0500 (Eastern Standard Time),Homid,,,,wta_gifts
s9aL7qKzcc,,,,,,"{""*"":{""read"":true},""role:Administrator"":{""read"":true,""write"":true}}",Tech Junkie,Tue Jan 14 2020 21:16:22 GMT-0500 (Eastern Standard Time),,,,2,,Gain +2 bonus on Computers and Science test pools.,,,,,,,,,,,,Anarch,Tue Jan 14 2020 21:16:22 GMT-0500 (Eastern Standard Time),,,,,merits
sATR8mCNwu,,,,,,"{""*"":{""read"":true},""role:Administrator"":{""read"":true,""write"":true}}",Illiterate,Tue Jan 14 2020 21:16:12 GMT-0500 (Eastern Standard Time),,,,1,,,,,,,,,,,,,,,Tue Jan 14 2020 21:16:12 GMT-0500 (Eastern Standard Time),,,,,ctdbs_flaws
sBOQM03Ebk,,,,,,"{""*"":{""read"":true},""role:Administrator"":{""read"":true,""write"":true}}",Corax,Tue Jan 14 2020 21:16:26 GMT-0500 (Eastern Standard Time),,,Hermetic Order of the Swift Light,2,Chasers,Truth squawking; Weak against Gold ,Grey Hats,,,,,,,,,,,,Tue Jan 14 2020 21:16:26 GMT-0500 (Eastern Standard Time),,,,,wta_fera_descriptions
sBVGTikfKR,,,,,,"{""*"":{""read"":true},""role:Administrator"":{""read"":true,""write"":true}}",Television stations,Sat Feb 14 2026 18:10:12 GMT-0500 (Eastern Standard Time),1,,,,,,,,,,,,,,,,,,Tue Jan 14 2020 21:16:19 GMT-0500 (Eastern Standard Time),,,,,influence_underworld_specializations
sBZHa5BDUE,,Glass Walkers,,,,"{""*"":{""read"":true},""role:Administrator"":{""read"":true,""write"":true}}",Steel Fur,Tue Jan 14 2020 21:16:32 GMT-0500 (Eastern Standard Time),,requires_specialization,,3,,,,,,,,,,,,,,Tribal,Tue Jan 14 2020 21:16:32 GMT-0500 (Eastern Standard Time),,,,,wta_merits
sC2VivmFME,,,,,,"{""*"":{""read"":true},""role:Administrator"":{""read"":true,""write"":true}}",House Leanhaun,Tue Jan 14 2020 21:16:16 GMT-0500 (Eastern Standard Time),,,,,,,,,,,,,,,,,,,Tue Jan 14 2020 21:16:16 GMT-0500 (Eastern Standard Time),,,,,ctdbs_noble_houses
sE34M1wusE,,,,,,"{""*"":{""read"":true},""role:Administrator"":{""read"":true,""write"":true}}",Sanguine Indulgence,Sat Mar 07 2020 11:09:15 GMT-0500 (Eastern Standard Time),,Gangrel,,2,,,,,,,,,,,29-30,,,,Tue Jan 14 2020 21:16:22 GMT-0500 (Eastern Standard Time),,,,,merits
sJ447CSsCf,,,,,,"{""*"":{""read"":true},""role:Administrator"":{""read"":true,""write"":true}}",Brujah,Sun Mar 01 2020 22:37:45 GMT-0500 (Eastern Standard Time),1,,,,,,,,,,,,,,,,,,Tue Jan 14 2020 21:16:20 GMT-0500 (Eastern Standard Time),,,,,lore_specializations
sOU8t00Ucc,,Rokea,,,,"{""*"":{""read"":true},""role:Administrator"":{""read"":true,""write"":true}}",Leviathan,Tue Jan 14 2020 21:16:31 GMT-0500 (Eastern Standard Time),,,,3,,,,,,,,,,,,,,Fera,Tue Jan 14 2020 21:16:31 GMT-0500 (Eastern Standard Time),,,,,wta_merits
sVCkIwlj2V,,,,,,"{""*"":{""read"":true},""role:Administrator"":{""read"":true,""write"":true}}",Bastet,Tue Jan 14 2020 21:16:33 GMT-0500 (Eastern Standard Time),16,,,,,Obsessed with Lore,,,,,,,,,,,,,Tue Jan 14 2020 21:16:33 GMT-0500 (Eastern Standard Time),,,,,wta_tribes
sXNptCgu14,,,,,,"{""*"":{""read"":true},""role:Administrator"":{""read"":true,""write"":true}}",Feline,Tue Jan 14 2020 21:16:27 GMT-0500 (Eastern Standard Time),,,,,,Feline may vent rage quicker; gain bite attack; track by sent; cannot use tools,,,,,,,,,,,,Bastet,Tue Jan 14 2020 21:16:27 GMT-0500 (Eastern Standard Time),,,,,wta_forms
sZtnLSmQlD,,,,,,"{""*"":{""read"":true},""role:Administrator"":{""read"":true,""write"":true}}",The Blade Whisper,Tue Jan 14 2020 21:16:22 GMT-0500 (Eastern Standard Time),,Assamite,,1,,,,,,,,,,,23,,,,Tue Jan 14 2020 21:16:22 GMT-0500 (Eastern Standard Time),,,,,merits
saJpP0t7ns,,,,,,"{""*"":{""read"":true},""role:Administrator"":{""read"":true,""write"":true}}",Talismonger,Tue Jan 14 2020 21:16:22 GMT-0500 (Eastern Standard Time),,Bloodline: Sorcerer,,3,,,,,,,,,,,25,,,,Tue Jan 14 2020 21:16:22 GMT-0500 (Eastern Standard Time),,,,,merits
saUNJYFAnG,,,,,,"{""*"":{""read"":true},""role:Administrator"":{""read"":true,""write"":true}}",Necromancy: Mortis Path,Tue Jan 14 2020 21:16:18 GMT-0500 (Eastern Standard Time),,,,,,,,,,,,,,,,,,,Tue Jan 14 2020 21:16:18 GMT-0500 (Eastern Standard Time),,,,,extra_in_clan_disciplines
sb6yqMyCn2,,,,,,"{""*"":{""read"":true},""role:Administrator"":{""read"":true,""write"":true}}",Loophole,Tue Jan 14 2020 21:16:15 GMT-0500 (Eastern Standard Time),,,,1,,,,,,,,,,,,,,,Tue Jan 14 2020 21:16:15 GMT-0500 (Eastern Standard Time),,,,,ctdbs_merits
sbXyZuzOE6,,,,,,"{""*"":{""read"":true},""role:Administrator"":{""read"":true,""write"":true}}",Con Artist,Tue Jan 14 2020 21:16:10 GMT-0500 (Eastern Standard Time),,,,,,,,,,,,,,,,,,,Tue Jan 14 2020 21:16:10 GMT-0500 (Eastern Standard Time),,,,,archetypes
sdpJeB9QCF,,Kitsune,,,,"{""*"":{""read"":true},""role:Administrator"":{""read"":true,""write"":true}}",Rusty's Rumspringa ,Tue Jan 14 2020 21:16:26 GMT-0500 (Eastern Standard Time),,,,,,,,,,,,,,,,,,,Tue Jan 14 2020 21:16:26 GMT-0500 (Eastern Standard Time),,,,,wta_camps
sf5cOiYG7k,,,,,,"{""*"":{""read"":true},""role:Administrator"":{""read"":true,""write"":true}}",Fighter,Tue Jan 14 2020 21:16:09 GMT-0500 (Eastern Standard Time),,,,,,,,,,,,,,,,,,,Tue Jan 14 2020 21:16:09 GMT-0500 (Eastern Standard Time),,,,,archetype_2
sjS13nJeDC,,,,,,"{""*"":{""read"":true},""role:Administrator"":{""read"":true,""write"":true}}",Shadow Lords,Tue Jan 14 2020 21:16:33 GMT-0500 (Eastern Standard Time),8,,Children of the Crow,,Judges of Doom,Increased  Moniker penalties,Lords of the Summit,,,,,,,,,,,,Tue Jan 14 2020 21:16:33 GMT-0500 (Eastern Standard Time),,,,,wta_tribes
smI2UnJFk7,,Get of Fenris,,,,"{""*"":{""read"":true},""role:Administrator"":{""read"":true,""write"":true}}",The Valkyria of Freya,Tue Jan 14 2020 21:16:26 GMT-0500 (Eastern Standard Time),,,,,,,,,,,,,,,,,,,Tue Jan 14 2020 21:16:26 GMT-0500 (Eastern Standard Time),,,,,wta_camps
soHnlTyqTe,,,,,,"{""*"":{""read"":true},""role:Administrator"":{""read"":true,""write"":true}}",Messenger's Fortitude,Tue Jan 14 2020 21:16:29 GMT-0500 (Eastern Standard Time),,,,1,,,,,,,,,Intelligence,,,No,Silent Striders,Tribal,Tue Jan 14 2020 21:16:29 GMT-0500 (Eastern Standard Time),,,,,wta_gifts
srZsc3e8CW,,,,,,"{""*"":{""read"":true},""role:Administrator"":{""read"":true,""write"":true}}",Awaken Minor Spirit,Tue Jan 14 2020 21:16:28 GMT-0500 (Eastern Standard Time),,,,2,,,,,,,,,Intelligence,,,Yes,Theurge,General,Tue Jan 14 2020 21:16:28 GMT-0500 (Eastern Standard Time),Lupus,,,,wta_gifts
stOtfNBatS,,,,,,"{""*"":{""read"":true},""role:Administrator"":{""read"":true,""write"":true}}",Call of the Wyrm,Tue Jan 14 2020 21:16:28 GMT-0500 (Eastern Standard Time),,,,3,,,,,,,,,Charisma,,,Yes,Galliard,General,Tue Jan 14 2020 21:16:28 GMT-0500 (Eastern Standard Time),Metis,,,,wta_gifts
sv1V9oJVYH,,,,,,"{""*"":{""read"":true},""role:Administrator"":{""read"":true,""write"":true}}",Returning,Tue Jan 14 2020 21:16:26 GMT-0500 (Eastern Standard Time),,,,1,,,,Weapon,,,,,,,,,,,Tue Jan 14 2020 21:16:26 GMT-0500 (Eastern Standard Time),,,,,wta_fetish_traits
sxgA2rRMhR,,,,,,"{""*"":{""read"":true},""role:Administrator"":{""read"":true,""write"":true}}",Lesser Generation 1,Tue Jan 14 2020 21:16:18 GMT-0500 (Eastern Standard Time),,,,1,,"Neonate is of the 12th Generation, Ancilla is of the 10th Generation. Flaw cannot be taken by any Elders.",,,,,,,,,,,,General,Tue Jan 14 2020 21:16:18 GMT-0500 (Eastern Standard Time),,,,,flaws
t19T49ZD45,,,,,,"{""*"":{""read"":true},""role:Administrator"":{""read"":true,""write"":true}}",Path of Orion,Tue Jan 14 2020 21:16:21 GMT-0500 (Eastern Standard Time),,,,3,,,,,,,,,,,,,,Morality,Tue Jan 14 2020 21:16:21 GMT-0500 (Eastern Standard Time),,,,,merits
t3U1oGZhQH,,,,,,"{""*"":{""read"":true},""role:Administrator"":{""read"":true,""write"":true}}",Inoke Earth's Contract,Tue Jan 14 2020 21:16:29 GMT-0500 (Eastern Standard Time),,,,4,,,,,,,,,Wits,,,No,Philodox,General,Tue Jan 14 2020 21:16:29 GMT-0500 (Eastern Standard Time),Ahroun,,,,wta_gifts
t4ZdBF6TuG,,,,,,"{""*"":{""read"":true},""role:Administrator"":{""read"":true,""write"":true}}",Typhonic Beast,Tue Jan 14 2020 21:16:22 GMT-0500 (Eastern Standard Time),,Followers of SetViper,,3,,,,,,,,,,,28-29,,,,Tue Jan 14 2020 21:16:22 GMT-0500 (Eastern Standard Time),,,,,merits
t7kxHrCG1r,,,,,,"{""*"":{""read"":true},""role:Administrator"":{""read"":true,""write"":true}}",Motorcycles,Tue Jan 14 2020 21:16:16 GMT-0500 (Eastern Standard Time),1,,,,,,,,,,,,,,,,,,Tue Jan 14 2020 21:16:16 GMT-0500 (Eastern Standard Time),,,,,drive_specializations
t7mdsouhdG,,,,,,"{""*"":{""read"":true},""role:Administrator"":{""read"":true,""write"":true}}",Replenishment of the Flesh,Tue Jan 14 2020 21:16:29 GMT-0500 (Eastern Standard Time),,,,2,,,,,,,,,Manipulation,,,No,Ananasi,Fera,Tue Jan 14 2020 21:16:29 GMT-0500 (Eastern Standard Time),,,,,wta_gifts
t8wL6f9fH0,,,,,,"{""*"":{""read"":true},""role:Administrator"":{""read"":true,""write"":true}}",Protean: Shape Mastery,Tue Jan 14 2020 21:16:17 GMT-0500 (Eastern Standard Time),,,,,,,,,,,,,,,,,,,Tue Jan 14 2020 21:16:17 GMT-0500 (Eastern Standard Time),,,,,elder_disciplines
t9MuHDe2S4,,,,,,"{""*"":{""read"":true},""role:Administrator"":{""read"":true,""write"":true}}",Walking Dead,Tue Jan 14 2020 21:16:22 GMT-0500 (Eastern Standard Time),,CappadocianSamedi,,2,,,,,,,,,,,49,,,,Tue Jan 14 2020 21:16:22 GMT-0500 (Eastern Standard Time),,,,,merits
tAM56J4DWX,,,,,,"{""*"":{""read"":true},""role:Administrator"":{""read"":true,""write"":true}}",Insight,Tue Jan 14 2020 21:16:14 GMT-0500 (Eastern Standard Time),,,,2,,,,,,,,,,,,,,,Tue Jan 14 2020 21:16:14 GMT-0500 (Eastern Standard Time),,,,,ctdbs_merits
tC30lHQOYz,,,,,,"{""*"":{""read"":true},""role:Administrator"":{""read"":true,""write"":true}}",Guards,Tue Jan 14 2020 21:16:12 GMT-0500 (Eastern Standard Time),,,,,,,,,,,,,,,,,,,Tue Jan 14 2020 21:16:12 GMT-0500 (Eastern Standard Time),,,,,ctdbs_holdings_specializations
tC6GvUe88g,,Malkavian,,,,"{""*"":{""read"":true},""role:Administrator"":{""read"":true,""write"":true}}",Labyrinthine Mind,Sat Mar 07 2020 10:05:41 GMT-0500 (Eastern Standard Time),,,,2,,"Gain +3 to test pools resisting Dementation, Dominate, and Thaumaturgy: Path of Corruption. Anyone attempting to pull information from your mind gains 1 of your derangements for an hour.",,,,,,,,,,,,Clan,Tue Jan 14 2020 21:16:21 GMT-0500 (Eastern Standard Time),,,,,merits
tDCq3HyJt6,,Glass Walkers,,,,"{""*"":{""read"":true},""role:Administrator"":{""read"":true,""write"":true}}",Pulse of the City,Tue Jan 14 2020 21:16:32 GMT-0500 (Eastern Standard Time),,requires_specialization,,1,,,,,,,,,,,,,,Tribal,Tue Jan 14 2020 21:16:32 GMT-0500 (Eastern Standard Time),,,,,wta_merits
tDbYD5pMxj,,,,,,"{""*"":{""read"":true},""role:Administrator"":{""read"":true,""write"":true}}",Natural Weapons,Tue Jan 14 2020 21:16:32 GMT-0500 (Eastern Standard Time),,requires_specialization,,2,,,,,,,,,,,,,,General,Tue Jan 14 2020 21:16:32 GMT-0500 (Eastern Standard Time),,,,,wta_merits
tN6ySgU0qw,,,,,,"{""*"":{""read"":true},""role:Administrator"":{""read"":true,""write"":true}}",Cappadocians: Lamia,Tue Aug 31 2021 02:28:47 GMT-0400 (Eastern Daylight Time),,,,,,,,,,,,,,,,,,,Tue Jan 14 2020 21:16:11 GMT-0500 (Eastern Standard Time),,,,,clans
tVbxf4BSfu,,,,,,"{""*"":{""read"":true},""role:Administrator"":{""read"":true,""write"":true}}",Ajaba,Tue Jan 14 2020 21:16:17 GMT-0500 (Eastern Standard Time),,,,,,,,,,,,,,,,,,,Tue Jan 14 2020 21:16:17 GMT-0500 (Eastern Standard Time),,,,,extra_affinity_links
tViLzzy75K,,,,,,"{""*"":{""read"":true},""role:Administrator"":{""read"":true,""write"":true}}",Heart of Ice,Tue Jan 14 2020 21:16:29 GMT-0500 (Eastern Standard Time),,,,5,,,,,,,,,Perception,,,No,Wendigo,Tribal,Tue Jan 14 2020 21:16:29 GMT-0500 (Eastern Standard Time),,,,,wta_gifts
tW8Lk3gBEI,,,,,,"{""*"":{""read"":true},""role:Administrator"":{""read"":true,""write"":true}}",Not My Time,Tue Jan 14 2020 21:16:21 GMT-0500 (Eastern Standard Time),,Cappadocian,,3,,,,,,,,,,,48,,,,Tue Jan 14 2020 21:16:21 GMT-0500 (Eastern Standard Time),,,,,merits
tWfcyakOKG,,,,,,"{""*"":{""read"":true},""role:Administrator"":{""read"":true,""write"":true}}",Green Men,Tue Jan 14 2020 21:16:12 GMT-0500 (Eastern Standard Time),,,,,,,,,,,,,,,,,,,Tue Jan 14 2020 21:16:12 GMT-0500 (Eastern Standard Time),,,,,ctdbs_kith_group_types
tdd2UMa5Hy,,,,,,"{""*"":{""read"":true},""role:Administrator"":{""read"":true,""write"":true}}",Running the Gauntlet,Tue Jan 14 2020 21:16:23 GMT-0500 (Eastern Standard Time),,,,,,,,,,,,,,,,,,Ignoblis,Tue Jan 14 2020 21:16:23 GMT-0500 (Eastern Standard Time),,,,,sabbat_rituals
teJcvW8Zqw,,,,,,"{""*"":{""read"":true},""role:Administrator"":{""read"":true,""write"":true}}",Lupus,Tue Jan 14 2020 21:16:17 GMT-0500 (Eastern Standard Time),,,,,,,,,,,,,,,,,,,Tue Jan 14 2020 21:16:17 GMT-0500 (Eastern Standard Time),,,,,extra_affinity_links
teWYoHgnBM,,,,,,"{""*"":{""read"":true},""role:Administrator"":{""read"":true,""write"":true}}",Purifying,Tue Jan 14 2020 21:16:26 GMT-0500 (Eastern Standard Time),,,,1,Talen,,Fetish,,,,,,,,,,,,Tue Jan 14 2020 21:16:26 GMT-0500 (Eastern Standard Time),,,,,wta_fetish_traits
tevJTwOCem,,,,,,"{""*"":{""read"":true},""role:Administrator"":{""read"":true,""write"":true}}",Ancient Roots,Tue Jan 14 2020 21:16:13 GMT-0500 (Eastern Standard Time),,,,3,,,,,,,,,,,,,,,Tue Jan 14 2020 21:16:13 GMT-0500 (Eastern Standard Time),,,,,ctdbs_merits
tgzapAyz9X,,,,,,"{""*"":{""read"":true},""role:Administrator"":{""read"":true,""write"":true}}",Soldier,Thu Feb 13 2020 22:47:32 GMT-0500 (Eastern Standard Time),,,,,,,,,,,,,,,,,,Giovanni,Thu Feb 13 2020 22:47:32 GMT-0500 (Eastern Standard Time),,,,,titles
tjDlqUUbMi,,,,,,"{""*"":{""read"":true},""role:Administrator"":{""read"":true,""write"":true}}",Homid,Tue Jan 14 2020 21:16:27 GMT-0500 (Eastern Standard Time),,,,,,Homid breed may vent rage quicker; tool user,,,,,,,,,,,,Ratkin,Tue Jan 14 2020 21:16:27 GMT-0500 (Eastern Standard Time),,,,,wta_forms
tl6gmVipAx,,,,,,"{""*"":{""read"":true},""role:Administrator"":{""read"":true,""write"":true}}",Sign of the Wolf,Tue Jan 14 2020 21:16:27 GMT-0500 (Eastern Standard Time),,,,1,,,,,,,,,,,,,,,Tue Jan 14 2020 21:16:27 GMT-0500 (Eastern Standard Time),,,,,wta_flaws
tlvCnb0BHE,,,,,,"{""*"":{""read"":true},""role:Administrator"":{""read"":true,""write"":true}}",Protector,Tue Jan 14 2020 21:16:09 GMT-0500 (Eastern Standard Time),,,,,,,,,,,,,,,,,,,Tue Jan 14 2020 21:16:09 GMT-0500 (Eastern Standard Time),,,,,archetype_2
tmxRc38xDw,,,,,,"{""*"":{""read"":true},""role:Administrator"":{""read"":true,""write"":true}}",Arts,Tue Jan 14 2020 21:16:09 GMT-0500 (Eastern Standard Time),1,,,,,,,,,,,,,,,,,,Tue Jan 14 2020 21:16:09 GMT-0500 (Eastern Standard Time),,,,,academics_specializations
tnANE3S2qO,,,,,,"{""*"":{""read"":true},""role:Administrator"":{""read"":true,""write"":true}}",Computer,Tue Jan 14 2020 21:16:23 GMT-0500 (Eastern Standard Time),0,,,,,,,,,,,,,,unknown,,,,Tue Jan 14 2020 21:16:23 GMT-0500 (Eastern Standard Time),,,,,skills
tnYYcjfVSF,,,,,,"{""*"":{""read"":true},""role:Administrator"":{""read"":true,""write"":true}}",Martyr's Defiance ,Tue Jan 14 2020 21:16:24 GMT-0500 (Eastern Standard Time),,,,,,,,,,,,,,,,,,,Tue Jan 14 2020 21:16:24 GMT-0500 (Eastern Standard Time),,,,,techniques
toEqdtMa8l,,,,,,"{""*"":{""read"":true},""role:Administrator"":{""read"":true,""write"":true}}",Evil Eye,Tue Jan 14 2020 21:16:24 GMT-0500 (Eastern Standard Time),,,,,,,,,,,,,,,,,,,Tue Jan 14 2020 21:16:24 GMT-0500 (Eastern Standard Time),,,,,techniques
tqC2lkCKwh,,,,,,"{""*"":{""read"":true},""role:Administrator"":{""read"":true,""write"":true}}",Tranquil Soul,Tue Jan 14 2020 21:16:32 GMT-0500 (Eastern Standard Time),,,,2,,,,,,,,,,,,,,General,Tue Jan 14 2020 21:16:32 GMT-0500 (Eastern Standard Time),,,,,wta_merits
trHT6XBTOh,,,,,,"{""*"":{""read"":true},""role:Administrator"":{""read"":true,""write"":true}}",Hexing,Tue Jan 14 2020 21:16:26 GMT-0500 (Eastern Standard Time),,,Cantrip,1,,,,,,,,,,,,,,,Tue Jan 14 2020 21:16:26 GMT-0500 (Eastern Standard Time),,,,,wta_fetish_traits
tvTA1L76fB,,requires_specialization,,,,"{""*"":{""read"":true},""role:Administrator"":{""read"":true,""write"":true}}",Spirit Notoriety,Tue Jan 14 2020 21:16:27 GMT-0500 (Eastern Standard Time),,requires_specialization,,1,,,,,,,,,,,,,,,Tue Jan 14 2020 21:16:27 GMT-0500 (Eastern Standard Time),,,,,wta_flaws
tx9KnRQv9D,,,,,,"{""*"":{""read"":true},""role:Administrator"":{""read"":true,""write"":true}}",Presence,Tue Jan 14 2020 21:16:18 GMT-0500 (Eastern Standard Time),,,,,,,,,,,,,,,,,,,Tue Jan 14 2020 21:16:18 GMT-0500 (Eastern Standard Time),,,,,extra_in_clan_disciplines
txlg2dDMM9,,,,,,"{""*"":{""read"":true},""role:Administrator"":{""read"":true,""write"":true}}",Gallant,Tue Jan 14 2020 21:16:33 GMT-0500 (Eastern Standard Time),1,,,,,,,,,,,,,,,,,,Tue Jan 14 2020 21:16:33 GMT-0500 (Eastern Standard Time),,,,,wta_monikers
tzAmL74fnH,,,,,,"{""*"":{""read"":true},""role:Administrator"":{""read"":true,""write"":true}}",Thaumaturgy: Path of Technomancy,Sun Jan 26 2020 15:30:50 GMT-0500 (Eastern Standard Time),,,,,,,,,,,,,,,,,,,Tue Jan 14 2020 21:16:16 GMT-0500 (Eastern Standard Time),,,,,disciplines
u1QnVRJi8o,,,,,,"{""*"":{""read"":true},""role:Administrator"":{""read"":true,""write"":true}}",Pithus,Tue Jan 14 2020 21:16:28 GMT-0500 (Eastern Standard Time),,,,,,"Aggravted Claw & bite attacks; +2 Brawl, +1 Dodge, can climb vertical surfaces",,,,,,,Stamina: +3 wound levels; 1 in each category,,,,,Ananasi,Tue Jan 14 2020 21:16:28 GMT-0500 (Eastern Standard Time),,,,,wta_forms
u3Qym8muJC,,Neonate or Ancilla,,,,"{""*"":{""read"":true},""role:Administrator"":{""read"":true,""write"":true}}",Machiavellian Prodigy,Tue Jan 14 2020 21:16:21 GMT-0500 (Eastern Standard Time),,,,1,,Treated as one social class higher.,,,,,,,,,,,,Camarilla,Tue Jan 14 2020 21:16:21 GMT-0500 (Eastern Standard Time),,,,,merits
u5bhaApARn,,,,,,"{""*"":{""read"":true},""role:Administrator"":{""read"":true,""write"":true}}",Red Talons,Tue Jan 14 2020 21:16:17 GMT-0500 (Eastern Standard Time),,,,,,,,,,,,,,,,,,,Tue Jan 14 2020 21:16:17 GMT-0500 (Eastern Standard Time),,,,,extra_affinity_links
u75UmeCwIn,,,,,,"{""*"":{""read"":true},""role:Administrator"":{""read"":true,""write"":true}}",Path of Feral Heart,Tue Jan 14 2020 21:16:21 GMT-0500 (Eastern Standard Time),,,,3,,,,,,,,,,,,,,Morality,Tue Jan 14 2020 21:16:21 GMT-0500 (Eastern Standard Time),,,,,merits
u8EbkBBDrw,,,,,,"{""*"":{""read"":true},""role:Administrator"":{""read"":true,""write"":true}}",Low Pain Threshold,Tue Jan 14 2020 21:16:18 GMT-0500 (Eastern Standard Time),,,,3,,Lose one level in both the Injured and Incapacitated wound ranks.,,,,,,,,,,,,General,Tue Jan 14 2020 21:16:18 GMT-0500 (Eastern Standard Time),,,,,flaws
u8qGn4j5iP,,,,,,"{""*"":{""read"":true},""role:Administrator"":{""read"":true,""write"":true}}",Ballistic,Tue Jan 14 2020 21:16:26 GMT-0500 (Eastern Standard Time),,,,2,Talen,,,,,,,,,,,,,,Tue Jan 14 2020 21:16:26 GMT-0500 (Eastern Standard Time),,,,,wta_fetish_traits
uA8QrVpour,,,,,,"{""*"":{""read"":true},""role:Administrator"":{""read"":true,""write"":true}}",Call Upon the Changeling Soul,Tue Jan 14 2020 21:16:24 GMT-0500 (Eastern Standard Time),,,,,,,,,,,,,,,,,,,Tue Jan 14 2020 21:16:24 GMT-0500 (Eastern Standard Time),,,,,techniques
uDQUUevWWx,,,,,,"{""*"":{""read"":true},""role:Administrator"":{""read"":true,""write"":true}}",Poetic Heart,Tue Jan 14 2020 21:16:15 GMT-0500 (Eastern Standard Time),,,,2,,,,,,,,,,,,,,,Tue Jan 14 2020 21:16:15 GMT-0500 (Eastern Standard Time),,,,,ctdbs_merits
uFosJcAlPS,,,,,,"{""*"":{""read"":true},""role:Administrator"":{""read"":true,""write"":true}}",Visceratika: Furnace of Steel,Tue Jan 14 2020 21:16:17 GMT-0500 (Eastern Standard Time),,,,,,,,,,,,,,,,,,,Tue Jan 14 2020 21:16:17 GMT-0500 (Eastern Standard Time),,,,,elder_disciplines
uG3mFCAFFl,,,,,,"{""*"":{""read"":true},""role:Administrator"":{""read"":true,""write"":true}}",Enhanced Homid Form,Tue Jan 14 2020 21:16:31 GMT-0500 (Eastern Standard Time),,,,1,,,,,,,,,,,,,,General,Tue Jan 14 2020 21:16:31 GMT-0500 (Eastern Standard Time),,,,,wta_merits
uHFhHHLNK0,,Fianna,,,,"{""*"":{""read"":true},""role:Administrator"":{""read"":true,""write"":true}}",The Black Key,Tue Jan 14 2020 21:16:26 GMT-0500 (Eastern Standard Time),,,,,,,,,,,,,,,,,,,Tue Jan 14 2020 21:16:26 GMT-0500 (Eastern Standard Time),,,,,wta_camps
uHGoCPdvx2,,,General,,,"{""*"":{""read"":true},""role:Administrator"":{""read"":true,""write"":true}}",Favored,Thu Feb 13 2020 22:50:13 GMT-0500 (Eastern Standard Time),,,,,,,,,,,,,,,,,,Fleeting,Tue Jan 14 2020 21:16:23 GMT-0500 (Eastern Standard Time),,,,,status_traits
uHVp8R372C,,,,,,"{""*"":{""read"":true},""role:Administrator"":{""read"":true,""write"":true}}",Baleful,Tue Jan 14 2020 21:16:26 GMT-0500 (Eastern Standard Time),,,,3,,,Fetish,,,,,,,,,,,,Tue Jan 14 2020 21:16:26 GMT-0500 (Eastern Standard Time),,,,,wta_fetish_traits
uM0RVNvvEp,,,,,,"{""*"":{""read"":true},""role:Administrator"":{""read"":true,""write"":true}}",Natural Linguist,Tue Jan 14 2020 21:16:32 GMT-0500 (Eastern Standard Time),,requires_specialization,,1,,,,,,,,,,,,,,General,Tue Jan 14 2020 21:16:32 GMT-0500 (Eastern Standard Time),,,,,wta_merits
uQTVDGGbOg,,,,,,"{""*"":{""read"":true},""role:Administrator"":{""read"":true,""write"":true}}",Toreador: Ishtarri,Tue Aug 31 2021 02:28:48 GMT-0400 (Eastern Daylight Time),,,,,,,,,,,,,,,,,,,Tue Jan 14 2020 21:16:11 GMT-0500 (Eastern Standard Time),,,,,clans
uTOYNF4Fri,,,,,,"{""*"":{""read"":true},""role:Administrator"":{""read"":true,""write"":true}}",Treasures,Tue Jan 14 2020 21:16:12 GMT-0500 (Eastern Standard Time),,,,,,,,,,,,,,,,,,,Tue Jan 14 2020 21:16:12 GMT-0500 (Eastern Standard Time),,,,,ctdbs_backgrounds
uTZvTqK1DR,,,,,,"{""*"":{""read"":true},""role:Administrator"":{""read"":true,""write"":true}}",Revelry,Tue Jan 14 2020 21:16:11 GMT-0500 (Eastern Standard Time),8,,,,,,,,,,,,,,,,,,Tue Jan 14 2020 21:16:11 GMT-0500 (Eastern Standard Time),,,,,ctdbs_arts
uU3rWYcE0u,,,,,,"{""*"":{""read"":true},""role:Administrator"":{""read"":true,""write"":true}}",Hard of Hearing,Tue Jan 14 2020 21:16:27 GMT-0500 (Eastern Standard Time),,,,2,,,,,,,,,,,,,,,Tue Jan 14 2020 21:16:27 GMT-0500 (Eastern Standard Time),,,,,wta_flaws
uVQSP4Tco8,,,,,,"{""*"":{""read"":true},""role:Administrator"":{""read"":true,""write"":true}}",Conformist,Tue Jan 14 2020 21:16:10 GMT-0500 (Eastern Standard Time),,,,,,,,,,,,,,,,,,,Tue Jan 14 2020 21:16:10 GMT-0500 (Eastern Standard Time),,,,,archetypes
uWyAjjEWhE,,,,,,"{""*"":{""read"":true},""role:Administrator"":{""read"":true,""write"":true}}",Venomous Beast,Tue Jan 14 2020 21:16:24 GMT-0500 (Eastern Standard Time),,,,,,,,,,,,,,,,,,,Tue Jan 14 2020 21:16:24 GMT-0500 (Eastern Standard Time),,,,,techniques
uZXFXFEUaQ,,,,,,"{""*"":{""read"":true},""role:Administrator"":{""read"":true,""write"":true}}",Skill Aptitude,Tue Jan 14 2020 21:16:33 GMT-0500 (Eastern Standard Time),,,,,,,,,,,,,,,,,,,Tue Jan 14 2020 21:16:33 GMT-0500 (Eastern Standard Time),,,,,wta_totem_bonus_traits
ua4eFqGdI5,,,,,,"{""*"":{""read"":true},""role:Administrator"":{""read"":true,""write"":true}}",Path of Lilith,Tue Jan 14 2020 21:16:21 GMT-0500 (Eastern Standard Time),,,,3,,,,,,,,,,,,,,Morality,Tue Jan 14 2020 21:16:21 GMT-0500 (Eastern Standard Time),,,,,merits
uanpwAcBUS,,,,,,"{""*"":{""read"":true},""role:Administrator"":{""read"":true,""write"":true}}",The Horde,Tue Jan 14 2020 21:16:12 GMT-0500 (Eastern Standard Time),,,,,,,,,,,,,,,,,,,Tue Jan 14 2020 21:16:12 GMT-0500 (Eastern Standard Time),,,,,ctdbs_kith_group_types
ud6J9RhgKm,,,,,,"{""*"":{""read"":true},""role:Administrator"":{""read"":true,""write"":true}}",Thaumaturgy: Path of Weather Mastery,Sun Jan 26 2020 15:30:50 GMT-0500 (Eastern Standard Time),,,,,,,,,,,,,,,,,,,Tue Jan 14 2020 21:16:16 GMT-0500 (Eastern Standard Time),,,,,disciplines
ufFDblnZai,,,,,,"{""*"":{""read"":true},""role:Administrator"":{""read"":true,""write"":true}}",Animal Swarm,Tue Jan 14 2020 21:16:24 GMT-0500 (Eastern Standard Time),,,,,,,,,,,,,,,,,,,Tue Jan 14 2020 21:16:24 GMT-0500 (Eastern Standard Time),,,,,techniques
ufVZsa1XLd,,,,,,"{""*"":{""read"":true},""role:Administrator"":{""read"":true,""write"":true}}",Resplendence of Supple Form,Tue Jan 14 2020 21:16:24 GMT-0500 (Eastern Standard Time),,,,,,,,,,,,,,,,,,,Tue Jan 14 2020 21:16:24 GMT-0500 (Eastern Standard Time),,,,,techniques
ugnUR4EmWI,,,,,,"{""*"":{""read"":true},""role:Administrator"":{""read"":true,""write"":true}}",Steel mill workers,Sat Feb 14 2026 18:08:11 GMT-0500 (Eastern Standard Time),1,,,,,,,,,,,,,,,,,,Tue Jan 14 2020 21:16:19 GMT-0500 (Eastern Standard Time),,,,,influence_elite_specializations
uhdMkVtw9p,,Wendigo,,,,"{""*"":{""read"":true},""role:Administrator"":{""read"":true,""write"":true}}",Avatar of Wendigo,Tue Jan 14 2020 21:16:31 GMT-0500 (Eastern Standard Time),,,,3,,,,,,,,,,,,,,Tribal,Tue Jan 14 2020 21:16:31 GMT-0500 (Eastern Standard Time),,,,,wta_merits
uihozDmMeO,,,,,,"{""*"":{""read"":true},""role:Administrator"":{""read"":true,""write"":true}}",Nature's Insight,Tue Jan 14 2020 21:16:15 GMT-0500 (Eastern Standard Time),,,,3,,,,,,,,,,,,,,,Tue Jan 14 2020 21:16:15 GMT-0500 (Eastern Standard Time),,,,,ctdbs_merits
ujWbpnXKOs,,,,,,"{""*"":{""read"":true},""role:Administrator"":{""read"":true,""write"":true}}",Soul Economy,Tue Jan 14 2020 21:16:22 GMT-0500 (Eastern Standard Time),,Giovanni,,3,,,,,,,,,,,33,,,,Tue Jan 14 2020 21:16:22 GMT-0500 (Eastern Standard Time),,,,,merits
ulh9Vo2lhv,,,,,,"{""*"":{""read"":true},""role:Administrator"":{""read"":true,""write"":true}}",Whip,Sun Feb 15 2026 13:14:11 GMT-0500 (Eastern Standard Time),,,,,,,,,,,,,,,,,,Camarilla,Tue Jan 14 2020 21:16:25 GMT-0500 (Eastern Standard Time),,,,,titles
ulzEaC7lE7,,,,,,"{""*"":{""read"":true},""role:Administrator"":{""read"":true,""write"":true}}",Rare Clan,Tue Jan 14 2020 21:16:21 GMT-0500 (Eastern Standard Time),,,,4,,,,,,,,,,,,,,,Tue Jan 14 2020 21:16:21 GMT-0500 (Eastern Standard Time),,,,,merits
umCmLxBHPB,,,,,,"{""*"":{""read"":true},""role:Administrator"":{""read"":true,""write"":true}}",Galliard,Tue Jan 14 2020 21:16:17 GMT-0500 (Eastern Standard Time),,,,,,,,,,,,,,,,,,,Tue Jan 14 2020 21:16:17 GMT-0500 (Eastern Standard Time),,,,,extra_affinity_links
uoI0C9f7oV,,Neonate,,,,"{""*"":{""read"":true},""role:Administrator"":{""read"":true,""write"":true}}",Weak Stomach,Tue Jan 14 2020 21:16:19 GMT-0500 (Eastern Standard Time),,,,3,,Calculate Blood pool as if has -1 Generation. Neonates reduce Blood pool by 2 Blood.,,,,,,,,,,,,General,Tue Jan 14 2020 21:16:19 GMT-0500 (Eastern Standard Time),,,,,flaws
upRORABGfF,,,,,,"{""*"":{""read"":true},""role:Administrator"":{""read"":true,""write"":true}}",Sambuhenge,Tue Jan 14 2020 21:16:28 GMT-0500 (Eastern Standard Time),,,,,,"+1 Athletics, Brawl, Melee, & Firearms, +2 Dodge, Gain Appearance focus; May gail tail",,,,,,,Dexterity: +2 Stealth,,,,,Kitsune,Tue Jan 14 2020 21:16:28 GMT-0500 (Eastern Standard Time),,,,,wta_forms
upcOYMj6WD,,Red Talons,,,,"{""*"":{""read"":true},""role:Administrator"":{""read"":true,""write"":true}}",Gorge,Tue Jan 14 2020 21:16:31 GMT-0500 (Eastern Standard Time),,,,3,,,,,,,,,,,,,,Tribal,Tue Jan 14 2020 21:16:31 GMT-0500 (Eastern Standard Time),,,,,wta_merits
urmcL53nSU,,,,,,"{""*"":{""read"":true},""role:Administrator"":{""read"":true,""write"":true}}",Followers of Set: Tlacique,Tue Aug 31 2021 02:28:48 GMT-0400 (Eastern Daylight Time),,,,,,,,,,,,,,,,,,,Tue Jan 14 2020 21:16:11 GMT-0500 (Eastern Standard Time),,,,,clans
utVS42MNsF,,,,,,"{""*"":{""read"":true},""role:Administrator"":{""read"":true,""write"":true}}",Fixed-wing Planes,Tue Jan 14 2020 21:16:16 GMT-0500 (Eastern Standard Time),1,,,,,,,,,,,,,,,,,,Tue Jan 14 2020 21:16:16 GMT-0500 (Eastern Standard Time),,,,,drive_specializations
uttq321jrL,,,,,,"{""*"":{""read"":true},""role:Administrator"":{""read"":true,""write"":true}}",Protector,Tue Jan 14 2020 21:16:11 GMT-0500 (Eastern Standard Time),,,,,,,,,,,,,,,,,,,Tue Jan 14 2020 21:16:11 GMT-0500 (Eastern Standard Time),,,,,archetypes_2
uvINtC2CPi,,,,,,"{""*"":{""read"":true},""role:Administrator"":{""read"":true,""write"":true}}",Penitent,Tue Jan 14 2020 21:16:11 GMT-0500 (Eastern Standard Time),,,,,,,,,,,,,,,,,,,Tue Jan 14 2020 21:16:11 GMT-0500 (Eastern Standard Time),,,,,archetypes_2
uvjz4IPBJ1,,,,,,"{""*"":{""read"":true},""role:Administrator"":{""read"":true,""write"":true}}",Followers of Set: Vipers,Sun Mar 01 2020 22:37:45 GMT-0500 (Eastern Standard Time),1,,,,,,,,,,,,,,,,,,Tue Jan 14 2020 21:16:20 GMT-0500 (Eastern Standard Time),,,,,lore_specializations
uwlgynBmVs,,,,,,"{""*"":{""read"":true},""role:Administrator"":{""read"":true,""write"":true}}",Harpyia,Tue Jan 14 2020 21:16:27 GMT-0500 (Eastern Standard Time),,,,,,"Aggravated Claw attacks; +2 Dodge skill, +1 Brawl, Melee, Firearms; Double movement; Use tools",,,,,,,Dexterity: +3 Dodge vs. +2 Dodge,,,,,Corax,Tue Jan 14 2020 21:16:27 GMT-0500 (Eastern Standard Time),,,,,wta_forms
uwpigc3Tzc,,,,,,"{""*"":{""read"":true},""role:Administrator"":{""read"":true,""write"":true}}",Sacrificial Rites,Tue Jan 14 2020 21:16:23 GMT-0500 (Eastern Standard Time),,,,,,,,,,,,,,,,,,Ignoblis,Tue Jan 14 2020 21:16:23 GMT-0500 (Eastern Standard Time),,,,,sabbat_rituals
uxLYVRm5zk,,,General,,,"{""*"":{""read"":true},""role:Administrator"":{""read"":true,""write"":true}}",Prominent,Thu Feb 13 2020 22:50:15 GMT-0500 (Eastern Standard Time),,,,,,,,,,,,,,,,,,Abiding,Tue Jan 14 2020 21:16:24 GMT-0500 (Eastern Standard Time),,,,,status_traits
uxOgl9K3UA,,,,,,"{""*"":{""read"":true},""role:Administrator"":{""read"":true,""write"":true}}",Amnesia,Tue Jan 14 2020 21:16:27 GMT-0500 (Eastern Standard Time),,,,1,,,,,,,,,,,,,,,Tue Jan 14 2020 21:16:27 GMT-0500 (Eastern Standard Time),,,,,wta_flaws
uxaZNH47Zw,,,,,,"{""*"":{""read"":true},""role:Administrator"":{""read"":true,""write"":true}}",Beacon of the Unholy,Tue Jan 14 2020 21:16:18 GMT-0500 (Eastern Standard Time),,,,3,,"Radiate conspicuous evil. Devout mortals and hunters with True Faith recognize as a vampire. Any time character uses the 4th dot or higher of a Discipline, aura shows infernal taint. Cannot enter sacred sites. Powers of Faith (True Faith, Salubri) deal +1 point of damage.",,,,,,,,,,,,General,Tue Jan 14 2020 21:16:18 GMT-0500 (Eastern Standard Time),,,,,flaws
uzniT1nYlC,,,,,,"{""*"":{""read"":true},""role:Administrator"":{""read"":true,""write"":true}}",Defense of the Hearth,Tue Jan 14 2020 21:16:28 GMT-0500 (Eastern Standard Time),,,,4,,,,,,,,,Appearance,,,No,Theurge,General,Tue Jan 14 2020 21:16:28 GMT-0500 (Eastern Standard Time),Galliard,,Metis,,wta_gifts
v0ETgEr1jn,,,,,,"{""*"":{""read"":true},""role:Administrator"":{""read"":true,""write"":true}}",Hierophant,Sun Feb 15 2026 13:14:10 GMT-0500 (Eastern Standard Time),,,,,,,,,,,,,,,,,,Followers of Set,Tue Jan 14 2020 21:16:25 GMT-0500 (Eastern Standard Time),,,,,titles
v13jsljIZh,,,,,,"{""*"":{""read"":true},""role:Administrator"":{""read"":true,""write"":true}}",Permanent Wound,Tue Jan 14 2020 21:16:12 GMT-0500 (Eastern Standard Time),,,,3,,,,,,,,,,,,,,,Tue Jan 14 2020 21:16:12 GMT-0500 (Eastern Standard Time),,,,,ctdbs_flaws
v1pdTwWI0v,,Children of Gaia,,,,"{""*"":{""read"":true},""role:Administrator"":{""read"":true,""write"":true}}",Unto My Last Breath,Tue Jan 14 2020 21:16:32 GMT-0500 (Eastern Standard Time),,,,2,,,,,,,,,,,,,,Tribal,Tue Jan 14 2020 21:16:32 GMT-0500 (Eastern Standard Time),,,,,wta_merits
v2i6rMExef,,,,,,"{""*"":{""read"":true},""role:Administrator"":{""read"":true,""write"":true}}",Judge,Tue Jan 14 2020 21:16:09 GMT-0500 (Eastern Standard Time),,,,,,,,,,,,,,,,,,,Tue Jan 14 2020 21:16:09 GMT-0500 (Eastern Standard Time),,,,,archetype_2
v5RUCbvdP9,,,General,,,"{""*"":{""read"":true},""role:Administrator"":{""read"":true,""write"":true}}",Commander,Thu Feb 13 2020 22:50:12 GMT-0500 (Eastern Standard Time),,,,,,,,,,,,,,,,,,Abiding,Tue Jan 14 2020 21:16:23 GMT-0500 (Eastern Standard Time),,,,,status_traits
v6OFDBi1xX,,,,,,"{""*"":{""read"":true},""role:Administrator"":{""read"":true,""write"":true}}",Persuasion,Tue Jan 14 2020 21:16:29 GMT-0500 (Eastern Standard Time),,,,1,,,,,,,,,Manipulation,,,Yes,Ragabash,General,Tue Jan 14 2020 21:16:29 GMT-0500 (Eastern Standard Time),Homid,,,,wta_gifts
v7lC1LupmZ,,,,,,"{""*"":{""read"":true},""role:Administrator"":{""read"":true,""write"":true}}",Teacher,Tue Jan 14 2020 21:16:10 GMT-0500 (Eastern Standard Time),,,,,,,,,,,,,,,,,,,Tue Jan 14 2020 21:16:10 GMT-0500 (Eastern Standard Time),,,,,archetype_2
v825cKdOhr,,,,,,"{""*"":{""read"":true},""role:Administrator"":{""read"":true,""write"":true}}",Dark Fate,Tue Jan 14 2020 21:16:18 GMT-0500 (Eastern Standard Time),,,,5,,"If the character falls into torpor or is staked, they instead meet Final Death.",,,,,,,,,,,,General,Tue Jan 14 2020 21:16:18 GMT-0500 (Eastern Standard Time),,,,,flaws
v8Ch4YVklV,,,,,,"{""*"":{""read"":true},""role:Administrator"":{""read"":true,""write"":true}}",Curious,Tue Jan 14 2020 21:16:10 GMT-0500 (Eastern Standard Time),,,,,,,,,,,,,,,,,,,Tue Jan 14 2020 21:16:10 GMT-0500 (Eastern Standard Time),,,,,archetypes_2
vA4C6GWnj6,,,,,,"{""*"":{""read"":true},""role:Administrator"":{""read"":true,""write"":true}}",Painful,Tue Jan 14 2020 21:16:26 GMT-0500 (Eastern Standard Time),,,,2,,,,Weapon,,,,,,,,,,,Tue Jan 14 2020 21:16:26 GMT-0500 (Eastern Standard Time),,,,,wta_fetish_traits
vAqAwSJPdC,,,,,,"{""*"":{""read"":true},""role:Administrator"":{""read"":true,""write"":true}}",Tremere: Telyav,Tue Aug 31 2021 02:28:48 GMT-0400 (Eastern Daylight Time),,,,,,,,,,,,,,,,,,,Tue Jan 14 2020 21:16:11 GMT-0500 (Eastern Standard Time),,,,,clans
vBWGTBnDPk,,,,,,"{""*"":{""read"":true},""role:Administrator"":{""read"":true,""write"":true}}",Obfuscate: Cache,Tue Jan 14 2020 21:16:17 GMT-0500 (Eastern Standard Time),,,,,,,,,,,,,,,,,,,Tue Jan 14 2020 21:16:17 GMT-0500 (Eastern Standard Time),,,,,elder_disciplines
vEtutmVYqN,,,,,,"{""*"":{""read"":true},""role:Administrator"":{""read"":true,""write"":true}}",Sturdy,Tue Jan 14 2020 21:16:31 GMT-0500 (Eastern Standard Time),,,,,,,,General,,,,,,,,,,,Tue Jan 14 2020 21:16:31 GMT-0500 (Eastern Standard Time),,,,,wta_item_traits
vFUL7vo2wi,,,,,,"{""*"":{""read"":true},""role:Administrator"":{""read"":true,""write"":true}}",Moral Compass,Tue Jan 14 2020 21:16:21 GMT-0500 (Eastern Standard Time),,,,1,,"Once per game per target, counsel a vampire who lost a degeneration test for 10 minutes and they can reattempt that lost test.",,,,,,,,,,,,Anarch,Tue Jan 14 2020 21:16:21 GMT-0500 (Eastern Standard Time),,,,,merits
vGVbey2Huz,,,,,,"{""*"":{""read"":true},""role:Administrator"":{""read"":true,""write"":true}}",Ritual Fluency,Tue Jan 14 2020 21:16:21 GMT-0500 (Eastern Standard Time),,TremereTelyav,,2,,,,,,,,,,,42,,,,Tue Jan 14 2020 21:16:21 GMT-0500 (Eastern Standard Time),,,,,merits
vGZCM7FGxa,,,,,,"{""*"":{""read"":true},""role:Administrator"":{""read"":true,""write"":true}}",Assamite: Vizier,Sun Mar 01 2020 22:37:45 GMT-0500 (Eastern Standard Time),1,,,,,,,,,,,,,,,,,,Tue Jan 14 2020 21:16:19 GMT-0500 (Eastern Standard Time),,,,,lore_specializations
vMocGVD6iN,,,,,,"{""*"":{""read"":true},""role:Administrator"":{""read"":true,""write"":true}}",Wendigo,Tue Jan 14 2020 21:16:33 GMT-0500 (Eastern Standard Time),13,,Warpath,,The Ghost Dance,+1 Seethe Trait for Frenzy,The Sacred Hoop,,,,,,,,,,,,Tue Jan 14 2020 21:16:33 GMT-0500 (Eastern Standard Time),,,,,wta_tribes
vNCM3BaWvA,,,,,,"{""*"":{""read"":true},""role:Administrator"":{""read"":true,""write"":true}}",Loner,Tue Jan 14 2020 21:16:09 GMT-0500 (Eastern Standard Time),,,,,,,,,,,,,,,,,,,Tue Jan 14 2020 21:16:09 GMT-0500 (Eastern Standard Time),,,,,archetype_2
vRIBGOaKsN,,Nuwisha,,,,"{""*"":{""read"":true},""role:Administrator"":{""read"":true,""write"":true}}",Button Button,Tue Jan 14 2020 21:16:31 GMT-0500 (Eastern Standard Time),,,,3,,,,,,,,,,,,,,Fera,Tue Jan 14 2020 21:16:31 GMT-0500 (Eastern Standard Time),,,,,wta_merits
vTdnj46QNh,,,,,,"{""*"":{""read"":true},""role:Administrator"":{""read"":true,""write"":true}}",Rugged,Tue Jan 14 2020 21:16:32 GMT-0500 (Eastern Standard Time),,,,3,,,,,,,,,,,,,,General,Tue Jan 14 2020 21:16:32 GMT-0500 (Eastern Standard Time),,,,,wta_merits
vURoHRL0Gq,,,,,,"{""*"":{""read"":true},""role:Administrator"":{""read"":true,""write"":true}}",Ursus,Tue Jan 14 2020 21:16:28 GMT-0500 (Eastern Standard Time),,,,,,Track via scent; can bite w/o grapple; +2 Athletics 7 Brawl; Decrease rage,,,,,,,,,,,,Gurahl,Tue Jan 14 2020 21:16:28 GMT-0500 (Eastern Standard Time),,,,,wta_forms
vVEG7QBJRQ,,,,,,"{""*"":{""read"":true},""role:Administrator"":{""read"":true,""write"":true}}",Ritual Master,Tue Jan 14 2020 21:16:22 GMT-0500 (Eastern Standard Time),,Giovanni,,1,,,,,,,,,,,33,,,,Tue Jan 14 2020 21:16:22 GMT-0500 (Eastern Standard Time),,,,,merits
vWyCxvtG3t,,,,,,"{""*"":{""read"":true},""role:Administrator"":{""read"":true,""write"":true}}",Paper Butterfly,Tue Jan 14 2020 21:16:29 GMT-0500 (Eastern Standard Time),,,,1,,,,,,,,,Manipulation,,,No,Stargazers,Tribal,Tue Jan 14 2020 21:16:29 GMT-0500 (Eastern Standard Time),,,,,wta_gifts
vZqg73Eqjn,,,,,,"{""*"":{""read"":true},""role:Administrator"":{""read"":true,""write"":true}}",Loose Cannon,Tue Jan 14 2020 21:16:10 GMT-0500 (Eastern Standard Time),,,,,,,,,,,,,,,,,,,Tue Jan 14 2020 21:16:10 GMT-0500 (Eastern Standard Time),,,,,archetypes_2
vb8l5LUypD,,,,,,"{""*"":{""read"":true},""role:Administrator"":{""read"":true,""write"":true}}",Addiction,Tue Jan 14 2020 21:16:12 GMT-0500 (Eastern Standard Time),,,,2,,,,,,,,,,,,,,,Tue Jan 14 2020 21:16:12 GMT-0500 (Eastern Standard Time),,,,,ctdbs_flaws
vbTU0lulDG,,,,,,"{""*"":{""read"":true},""role:Administrator"":{""read"":true,""write"":true}}",Slow Reactions,Tue Jan 14 2020 21:16:19 GMT-0500 (Eastern Standard Time),,,,3,,Initiative is reduced by 5.,,,,,,,,,,,,General,Tue Jan 14 2020 21:16:19 GMT-0500 (Eastern Standard Time),,,,,flaws
vcG1o5hVfu,,,,,,"{""*"":{""read"":true},""role:Administrator"":{""read"":true,""write"":true}}",Royalty,Tue Jan 14 2020 21:16:10 GMT-0500 (Eastern Standard Time),,,,,,,,,,,,,,,,,,,Tue Jan 14 2020 21:16:10 GMT-0500 (Eastern Standard Time),,,,,archetype_2s
vdkT9004FE,,Followers of Set: Vipers,,,,"{""*"":{""read"":true},""role:Administrator"":{""read"":true,""write"":true}}",Path of Typhon-Set,Tue Jan 14 2020 21:16:21 GMT-0500 (Eastern Standard Time),,,,3,,,,,,,,,,,,,,Morality,Tue Jan 14 2020 21:16:21 GMT-0500 (Eastern Standard Time),,,,,merits
vfWUMgyFOG,,,,,,"{""*"":{""read"":true},""role:Administrator"":{""read"":true,""write"":true}}",Teamsters,Sat Feb 14 2026 18:10:12 GMT-0500 (Eastern Standard Time),1,,,,,,,,,,,,,,,,,,Tue Jan 14 2020 21:16:19 GMT-0500 (Eastern Standard Time),,,,,influence_underworld_specializations
vhLpc0AWxZ,,,,,,"{""*"":{""read"":true},""role:Administrator"":{""read"":true,""write"":true}}",Primal Grace,Tue Jan 14 2020 21:16:24 GMT-0500 (Eastern Standard Time),,,,,,,,,,,,,,,,,,,Tue Jan 14 2020 21:16:24 GMT-0500 (Eastern Standard Time),,,,,techniques
vj9Ky9Jxfd,,,,,,"{""*"":{""read"":true},""role:Administrator"":{""read"":true,""write"":true}}",Rationalist,Tue Jan 14 2020 21:16:09 GMT-0500 (Eastern Standard Time),,,,,,,,,,,,,,,,,,,Tue Jan 14 2020 21:16:09 GMT-0500 (Eastern Standard Time),,,,,archetype_2
vk8HA0VaKP,,,,,,"{""*"":{""read"":true},""role:Administrator"":{""read"":true,""write"":true}}",Gangrel: Noiad,Tue Aug 31 2021 02:28:48 GMT-0400 (Eastern Daylight Time),,,,,,,,,,,,,,,,,,,Tue Jan 14 2020 21:16:11 GMT-0500 (Eastern Standard Time),,,,,clans
vqKVwhgrf9,,,,,,"{""*"":{""read"":true},""role:Administrator"":{""read"":true,""write"":true}}",Soothsay,Tue Jan 14 2020 21:16:11 GMT-0500 (Eastern Standard Time),10,,,,,,,,,,,,,,,,,,Tue Jan 14 2020 21:16:11 GMT-0500 (Eastern Standard Time),,,,,ctdbs_arts
vqq4eYYWy2,,,,,,"{""*"":{""read"":true},""role:Administrator"":{""read"":true,""write"":true}}",Dam the Heartflood,Tue Jan 14 2020 21:16:28 GMT-0500 (Eastern Standard Time),,,,2,,,,,,,,,Intelligence,,,Yes,Silent Striders,Tribal,Tue Jan 14 2020 21:16:28 GMT-0500 (Eastern Standard Time),,,,,wta_gifts
vrVJUh8FPG,,Ajaba,,,,"{""*"":{""read"":true},""role:Administrator"":{""read"":true,""write"":true}}",Ridicule,Tue Jan 14 2020 21:16:32 GMT-0500 (Eastern Standard Time),,,,1,,,,,,,,,,,,,,Fera,Tue Jan 14 2020 21:16:32 GMT-0500 (Eastern Standard Time),,,,,wta_merits
vtAaXmeHqJ,,,,,,"{""*"":{""read"":true},""role:Administrator"":{""read"":true,""write"":true}}",Translocation,Tue Jan 14 2020 21:16:24 GMT-0500 (Eastern Standard Time),,,,,,,,,,,,,,,,,,,Tue Jan 14 2020 21:16:24 GMT-0500 (Eastern Standard Time),,,,,techniques
vyrMRoMjEb,,,,,,"{""*"":{""read"":true},""role:Administrator"":{""read"":true,""write"":true}}",Morticians,Sat Feb 14 2026 18:10:12 GMT-0500 (Eastern Standard Time),1,,,,,,,,,,,,,,,,,,Tue Jan 14 2020 21:16:19 GMT-0500 (Eastern Standard Time),,,,,influence_underworld_specializations
w0UJGxKJlm,,,,,,"{""*"":{""read"":true},""role:Administrator"":{""read"":true,""write"":true}}",The Joyful Release,Tue Jan 14 2020 21:16:30 GMT-0500 (Eastern Standard Time),,,,1,,,,,,,,,Wits,,,No,Kitsune,Fera,Tue Jan 14 2020 21:16:30 GMT-0500 (Eastern Standard Time),,,,,wta_gifts
w10WCdJkqO,,Silent Striders,,,,"{""*"":{""read"":true},""role:Administrator"":{""read"":true,""write"":true}}",Swords of Night,Tue Jan 14 2020 21:16:26 GMT-0500 (Eastern Standard Time),,,,,,,,,,,,,,,,,,,Tue Jan 14 2020 21:16:26 GMT-0500 (Eastern Standard Time),,,,,wta_camps
w21xmoH3Wu,,,,,,"{""*"":{""read"":true},""role:Administrator"":{""read"":true,""write"":true}}",Docile,Tue Jan 14 2020 21:16:27 GMT-0500 (Eastern Standard Time),,,,3,,,,,,,,,,,,,,,Tue Jan 14 2020 21:16:27 GMT-0500 (Eastern Standard Time),,,,,wta_flaws
w7HyouRtJa,,,,,,"{""*"":{""read"":true},""role:Administrator"":{""read"":true,""write"":true}}",Healthy,Tue Jan 14 2020 21:16:19 GMT-0500 (Eastern Standard Time),0,,,,,,,,,,,,,,,,,,Tue Jan 14 2020 21:16:19 GMT-0500 (Eastern Standard Time),,,,,health_levels
wAyByYvN0M,,,,,,"{""*"":{""read"":true},""role:Administrator"":{""read"":true,""write"":true}}",Bone Gnawers,Tue Jan 14 2020 21:16:33 GMT-0500 (Eastern Standard Time),2,,The Swarm,,The Hood,Omega of the Nation,Road Warders,,,,,,,,,,,,Tue Jan 14 2020 21:16:33 GMT-0500 (Eastern Standard Time),,,,,wta_tribes
wBwv1f1Lkc,,,,,,"{""*"":{""read"":true},""role:Administrator"":{""read"":true,""write"":true}}",Tzimisce: Carpathian,Sun Mar 01 2020 22:37:46 GMT-0500 (Eastern Standard Time),1,,,,,,,,,,,,,,,,,,Tue Jan 14 2020 21:16:20 GMT-0500 (Eastern Standard Time),,,,,lore_specializations
wD1OzQU8mE,,,,,,"{""*"":{""read"":true},""role:Administrator"":{""read"":true,""write"":true}}",Thaumaturgy: Paper Flesh,Tue Jan 14 2020 21:16:23 GMT-0500 (Eastern Standard Time),,,,5,,,,,,,,,,,,,,,Tue Jan 14 2020 21:16:23 GMT-0500 (Eastern Standard Time),,,,,rituals
wD83XPpz7H,,,,,,"{""*"":{""read"":true},""role:Administrator"":{""read"":true,""write"":true}}",Disabling,Tue Jan 14 2020 21:16:31 GMT-0500 (Eastern Standard Time),,,Melee,,,,,,,,,,,,,,,,Tue Jan 14 2020 21:16:31 GMT-0500 (Eastern Standard Time),,,,,wta_item_traits
wEplK7c64B,,,,,,"{""*"":{""read"":true},""role:Administrator"":{""read"":true,""write"":true}}",Guardian Lion,Tue Jan 14 2020 21:16:24 GMT-0500 (Eastern Standard Time),,,,,,,,,,,,,,,,,,,Tue Jan 14 2020 21:16:24 GMT-0500 (Eastern Standard Time),,,,,techniques
wH7WgC9BtQ,,,,,,"{""*"":{""read"":true},""role:Administrator"":{""read"":true,""write"":true}}",Visceratika,Sun Jan 26 2020 15:30:50 GMT-0500 (Eastern Standard Time),,,,,,,,,,,,,,,,,,,Tue Jan 14 2020 21:16:16 GMT-0500 (Eastern Standard Time),,,,,disciplines
wMErGlEtWX,,,,,,"{""*"":{""read"":true},""role:Administrator"":{""read"":true,""write"":true}}",Camp Defector,Tue Jan 14 2020 21:16:31 GMT-0500 (Eastern Standard Time),,requires_specialization,,1,,,,,,,,,,,,,,General,Tue Jan 14 2020 21:16:31 GMT-0500 (Eastern Standard Time),,,,,wta_merits
wMJH2ky2B1,,,,,,"{""*"":{""read"":true},""role:Administrator"":{""read"":true,""write"":true}}",Allies,Sun Jan 26 2020 15:30:12 GMT-0500 (Eastern Standard Time),0,,,,,,,,,,,,,,98,,,,Tue Jan 14 2020 21:16:11 GMT-0500 (Eastern Standard Time),,,,,backgrounds
wOEBHZqLCI,,,,,,"{""*"":{""read"":true},""role:Administrator"":{""read"":true,""write"":true}}",Methuselah's Thirst,Tue Jan 14 2020 21:16:18 GMT-0500 (Eastern Standard Time),,,,4,,"Enters game with half Blood pool, no amount of downtimes can increase this. May feed to full only on other Vampires and cannot benefit from Herd.",,,,,,,,,,,,General,Tue Jan 14 2020 21:16:18 GMT-0500 (Eastern Standard Time),,,,,flaws
wUGLFAVN70,,Ratkin,,,,"{""*"":{""read"":true},""role:Administrator"":{""read"":true,""write"":true}}",Munchmausen,Tue Jan 14 2020 21:16:26 GMT-0500 (Eastern Standard Time),,,,,,,,,,,,,,,,,,,Tue Jan 14 2020 21:16:26 GMT-0500 (Eastern Standard Time),,,,,wta_camps
wUvUuVHegP,,,,,,"{""*"":{""read"":true},""role:Administrator"":{""read"":true,""write"":true}}",Executioner,Tue Jan 14 2020 21:16:21 GMT-0500 (Eastern Standard Time),,,,1,,Gain +1 to pools involving Intimidation and Streetwise.,,,,,,,,,,,,Sabbat,Tue Jan 14 2020 21:16:21 GMT-0500 (Eastern Standard Time),,,,,merits
wVBG3S8g1K,,,,,,"{""*"":{""read"":true},""role:Administrator"":{""read"":true,""write"":true}}",Time,Tue Jan 14 2020 21:16:16 GMT-0500 (Eastern Standard Time),7,,,,,,,,,,,,,,,,,,Tue Jan 14 2020 21:16:16 GMT-0500 (Eastern Standard Time),,,,,ctdbs_realms
wW6BerRN1V,,,,,,"{""*"":{""read"":true},""role:Administrator"":{""read"":true,""write"":true}}",Eater of the Dead,Tue Jan 14 2020 21:16:28 GMT-0500 (Eastern Standard Time),,,,2,,,,,,,,,Perception,,,No,Corax,Fera,Tue Jan 14 2020 21:16:28 GMT-0500 (Eastern Standard Time),,,,,wta_gifts
wWbIp8Zabh,,,,,,"{""*"":{""read"":true},""role:Administrator"":{""read"":true,""write"":true}}",Whispers from Beyond,Tue Jan 14 2020 21:16:22 GMT-0500 (Eastern Standard Time),,CappadocianSamedi,,1,,,,,,,,,,,48-49,,,,Tue Jan 14 2020 21:16:22 GMT-0500 (Eastern Standard Time),,,,,merits
wWgurCK8zK,,,,,,"{""*"":{""read"":true},""role:Administrator"":{""read"":true,""write"":true}}",Chimerical Templar,Tue Jan 14 2020 21:16:20 GMT-0500 (Eastern Standard Time),,RavnosBrahman,,2,,,,,,,,,,,51,,,,Tue Jan 14 2020 21:16:20 GMT-0500 (Eastern Standard Time),,,,,merits
wXkHXAjadT,,,,,,"{""*"":{""read"":true},""role:Administrator"":{""read"":true,""write"":true}}",Concordat of Stars,Tue Jan 14 2020 21:16:26 GMT-0500 (Eastern Standard Time),,,,,,,,,,,,,,,,,,,Tue Jan 14 2020 21:16:26 GMT-0500 (Eastern Standard Time),,,,,wta_factions
wZ1jvumsIV,,,,,,"{""*"":{""read"":true},""role:Administrator"":{""read"":true,""write"":true}}",Nighmare Musk,Tue Jan 14 2020 21:16:12 GMT-0500 (Eastern Standard Time),,,,3,,,,,,,,,,,,,,,Tue Jan 14 2020 21:16:12 GMT-0500 (Eastern Standard Time),,,,,ctdbs_flaws
wZzqitZgNI,,,,,,"{""*"":{""read"":true},""role:Administrator"":{""read"":true,""write"":true}}",Brujah,Tue Aug 31 2021 02:28:47 GMT-0400 (Eastern Daylight Time),,,,,,,,,,,,,,,,,,,Tue Jan 14 2020 21:16:11 GMT-0500 (Eastern Standard Time),,,,,clans
waioIMaB7O,,,,,,"{""*"":{""read"":true},""role:Administrator"":{""read"":true,""write"":true}}",Teacher,Tue Jan 14 2020 21:16:10 GMT-0500 (Eastern Standard Time),,,,,,,,,,,,,,,,,,,Tue Jan 14 2020 21:16:10 GMT-0500 (Eastern Standard Time),,,,,archetype_2s
wbycSQfKRs,,,,,,"{""*"":{""read"":true},""role:Administrator"":{""read"":true,""write"":true}}",Cars,Tue Jan 14 2020 21:16:16 GMT-0500 (Eastern Standard Time),1,,,,,,,,,,,,,,,,,,Tue Jan 14 2020 21:16:16 GMT-0500 (Eastern Standard Time),,,,,drive_specializations
we9RsBLhe6,,,,,,"{""*"":{""read"":true},""role:Administrator"":{""read"":true,""write"":true}}",Razor Feathers,Tue Jan 14 2020 21:16:29 GMT-0500 (Eastern Standard Time),,,,3,,,,,,,,,Intelligence,,,No,Corax,Fera,Tue Jan 14 2020 21:16:29 GMT-0500 (Eastern Standard Time),,,,,wta_gifts
wgFvl04s9L,,,,,,"{""*"":{""read"":true},""role:Administrator"":{""read"":true,""write"":true}}",Don,Sun Feb 15 2026 13:14:10 GMT-0500 (Eastern Standard Time),,,,,,,,,,,,,,,,,,Giovanni,Tue Jan 14 2020 21:16:25 GMT-0500 (Eastern Standard Time),,,,,titles
whcFYrBJHP,,,,,,"{""*"":{""read"":true},""role:Administrator"":{""read"":true,""write"":true}}",Dona,Sun Feb 15 2026 13:14:10 GMT-0500 (Eastern Standard Time),,,,,,,,,,,,,,,,,,Giovanni,Tue Jan 14 2020 21:16:25 GMT-0500 (Eastern Standard Time),,,,,titles
wkZjd1WTPl,,,,,,"{""*"":{""read"":true},""role:Administrator"":{""read"":true,""write"":true}}",Rend Flesh,Tue Jan 14 2020 21:16:24 GMT-0500 (Eastern Standard Time),,,,,,,,,,,,,,,,,,,Tue Jan 14 2020 21:16:24 GMT-0500 (Eastern Standard Time),,,,,techniques
wmgWtQhmrO,,,,,,"{""*"":{""read"":true},""role:Administrator"":{""read"":true,""write"":true}}",Might of Thor,Tue Jan 14 2020 21:16:29 GMT-0500 (Eastern Standard Time),,,,5,,,,,,,,,Charisma,,,No,Get of Fenris,Tribal,Tue Jan 14 2020 21:16:29 GMT-0500 (Eastern Standard Time),,,,,wta_gifts
wnNItiErDi,,,,,,"{""*"":{""read"":true},""role:Administrator"":{""read"":true,""write"":true}}",Humanity,Tue Jan 14 2020 21:16:22 GMT-0500 (Eastern Standard Time),0,,,,,,,,,,,,,,,,,,Tue Jan 14 2020 21:16:22 GMT-0500 (Eastern Standard Time),,,,,paths
wqaI4MoboS,,,,,,"{""*"":{""read"":true},""role:Administrator"":{""read"":true,""write"":true}}",Baali,Sun Mar 01 2020 22:37:45 GMT-0500 (Eastern Standard Time),1,,,,,,,,,,,,,,,,,,Tue Jan 14 2020 21:16:19 GMT-0500 (Eastern Standard Time),,,,,lore_specializations
wrD68HIHQR,,Daughters of Cacophony,,,,"{""*"":{""read"":true},""role:Administrator"":{""read"":true,""write"":true}}",Soaring Octaves,Tue Jan 14 2020 21:16:22 GMT-0500 (Eastern Standard Time),,,,3,,Can use Entrancement by direct sound of voice alone.,,,,,,,,,,,,Clan,Tue Jan 14 2020 21:16:22 GMT-0500 (Eastern Standard Time),,,,,merits
wtbo6975Lj,,Followers of Set,,,,"{""*"":{""read"":true},""role:Administrator"":{""read"":true,""write"":true}}",Addictive Blood,Sat Mar 07 2020 10:04:21 GMT-0500 (Eastern Standard Time),,,,2,,One taste of character's blood is addictive. Creature must spend 1 Willpower to resist drinking a second time for 10 minutes. Must resist in this way 4 times to break the addiction.,,,,,,,,,,,,Clan,Tue Jan 14 2020 21:16:20 GMT-0500 (Eastern Standard Time),,,,,merits
wuO9kj4psf,,,,,,"{""*"":{""read"":true},""role:Administrator"":{""read"":true,""write"":true}}",Baali,Tue Jan 14 2020 21:16:20 GMT-0500 (Eastern Standard Time),,Baali,,1,,,,,,,,,,,46-47,,,,Tue Jan 14 2020 21:16:20 GMT-0500 (Eastern Standard Time),,,,,merits
wxiviEKXaD,,Brujah,,,,"{""*"":{""read"":true},""role:Administrator"":{""read"":true,""write"":true}}",Brotherhood,Tue Jan 14 2020 21:16:20 GMT-0500 (Eastern Standard Time),,,,1,,"Gain +2 to Brawl, Melee and Ranged attacks when attacking someone targeted by another Brujah.",,,,,,,,,,,,Clan,Tue Jan 14 2020 21:16:20 GMT-0500 (Eastern Standard Time),,,,,merits
x4h41WWbUp,,,,,,"{""*"":{""read"":true},""role:Administrator"":{""read"":true,""write"":true}}",Troublemaker,Fri Sep 05 2025 22:55:26 GMT-0400 (Eastern Daylight Time),,,,,,,,,,,,,,,,,,,Tue Jan 14 2020 21:16:10 GMT-0500 (Eastern Standard Time),,,,,archetypes
x7iCncKYFP,,,,,,"{""*"":{""read"":true},""role:Administrator"":{""read"":true,""write"":true}}",Spirit Infamy,Tue Jan 14 2020 21:16:27 GMT-0500 (Eastern Standard Time),,,,4,,,,,,,,,,,,,,,Tue Jan 14 2020 21:16:27 GMT-0500 (Eastern Standard Time),,,,,wta_flaws
xAOpvGdyxS,,,,,,"{""*"":{""read"":true},""role:Administrator"":{""read"":true,""write"":true}}",Slippery Customer,Tue Jan 14 2020 21:16:22 GMT-0500 (Eastern Standard Time),,,,2,,Gain +3 to Dodge based test pools.,,,,,,,,,,,,General,Tue Jan 14 2020 21:16:22 GMT-0500 (Eastern Standard Time),,,,,merits
xAbHXYNZIt,,,,,,"{""*"":{""read"":true},""role:Administrator"":{""read"":true,""write"":true}}",Redcap,Tue Jan 14 2020 21:16:13 GMT-0500 (Eastern Standard Time),7,,,,,,,,,,,,,,,,,,Tue Jan 14 2020 21:16:13 GMT-0500 (Eastern Standard Time),,,,,ctdbs_kiths
xAnCfdFLwV,,,,,,"{""*"":{""read"":true},""role:Administrator"":{""read"":true,""write"":true}}",Sokto,Tue Jan 14 2020 21:16:28 GMT-0500 (Eastern Standard Time),,,,,,Aggravated Claw attacks; +3 Dodge skill; Use tools,,,,,,,Dexterity: +5 Dodge vs. +3 Dodge,,,,,Bastet,Tue Jan 14 2020 21:16:28 GMT-0500 (Eastern Standard Time),,,,,wta_forms
xDJ2uVSMT3,,,,,,"{""*"":{""read"":true},""role:Administrator"":{""read"":true,""write"":true}}",Direct the Storm,Tue Jan 14 2020 21:16:28 GMT-0500 (Eastern Standard Time),,,,3,,,,,,,,,Wits,,,Yes,Shadow Lords,Tribal,Tue Jan 14 2020 21:16:28 GMT-0500 (Eastern Standard Time),,,,,wta_gifts
xDlCSouLQr,,,,,,"{""*"":{""read"":true},""role:Administrator"":{""read"":true,""write"":true}}",Efficient Learner,Tue Jan 14 2020 21:16:21 GMT-0500 (Eastern Standard Time),,,,2,,Instructor for a Discipline is not required to spend a Willpower to teach. Downtimes are not required to learn.,,,,,,,,,,,,General,Tue Jan 14 2020 21:16:21 GMT-0500 (Eastern Standard Time),,,,,merits
xDq0l5FWKF,,,,,,"{""*"":{""read"":true},""role:Administrator"":{""read"":true,""write"":true}}",The Book of Going Forth by Night,Tue Jan 14 2020 21:16:25 GMT-0500 (Eastern Standard Time),7,,,,,,,,,,,,,,,,,,Tue Jan 14 2020 21:16:25 GMT-0500 (Eastern Standard Time),,,,,vampiric_texts
xDqedQuot8,,,,,,"{""*"":{""read"":true},""role:Administrator"":{""read"":true,""write"":true}}",Arabic,Sat Feb 14 2026 18:11:48 GMT-0500 (Eastern Standard Time),1,,,,,,,,,,,,,,,,,,Tue Jan 14 2020 21:16:19 GMT-0500 (Eastern Standard Time),,,,,linguistics_specializations
xEEqP5unhx,,,,,,"{""*"":{""read"":true},""role:Administrator"":{""read"":true,""write"":true}}",Bloodline: Ananke,Tue Jan 14 2020 21:16:20 GMT-0500 (Eastern Standard Time),,,,2,,,,,,,,,,,,,,,Tue Jan 14 2020 21:16:20 GMT-0500 (Eastern Standard Time),,,,,merits
xElq8N0ARv,,,,,,"{""*"":{""read"":true},""role:Administrator"":{""read"":true,""write"":true}}",Survivor,Tue Jan 14 2020 21:16:11 GMT-0500 (Eastern Standard Time),,,,,,,,,,,,,,,,,,,Tue Jan 14 2020 21:16:11 GMT-0500 (Eastern Standard Time),,,,,archetypes_2
xFxdDGv2xK,,Giovanni,,,,"{""*"":{""read"":true},""role:Administrator"":{""read"":true,""write"":true}}",Mook,Tue Jan 14 2020 21:16:21 GMT-0500 (Eastern Standard Time),,,,2,,Can learn Celerity and Fortitude w/o a teacher. Must still pay out of Clan costs.,,,,,,,,,,,,Clan,Tue Jan 14 2020 21:16:21 GMT-0500 (Eastern Standard Time),,,,,merits
xJqML1krKj,,,,,,"{""*"":{""read"":true},""role:Administrator"":{""read"":true,""write"":true}}",Faerie Eternity,Tue Jan 14 2020 21:16:13 GMT-0500 (Eastern Standard Time),,,,1,,,,,,,,,,,,,,,Tue Jan 14 2020 21:16:13 GMT-0500 (Eastern Standard Time),,,,,ctdbs_merits
xKHUfCCFNJ,,Giovanni,,,,"{""*"":{""read"":true},""role:Administrator"":{""read"":true,""write"":true}}",Path of Death and the Soul,Tue Jan 14 2020 21:16:21 GMT-0500 (Eastern Standard Time),,,,3,,,,,,,,,,,,,,Morality,Tue Jan 14 2020 21:16:21 GMT-0500 (Eastern Standard Time),,,,,merits
xMmVgkKEt4,,,,,,"{""*"":{""read"":true},""role:Administrator"":{""read"":true,""write"":true}}",Hindi,Sat Feb 14 2026 18:11:48 GMT-0500 (Eastern Standard Time),1,,,,,,,,,,,,,,,,,,Tue Jan 14 2020 21:16:19 GMT-0500 (Eastern Standard Time),,,,,linguistics_specializations
xP69unbGG2,,,,,,"{""*"":{""read"":true},""role:Administrator"":{""read"":true,""write"":true}}",Artist,Tue Jan 14 2020 21:16:10 GMT-0500 (Eastern Standard Time),,,,,,,,,,,,,,,,,,,Tue Jan 14 2020 21:16:10 GMT-0500 (Eastern Standard Time),,,,,archetype_2s
xPEwdPCdHO,,,,,,"{""*"":{""read"":true},""role:Administrator"":{""read"":true,""write"":true}}",Enigma,Tue Jan 14 2020 21:16:10 GMT-0500 (Eastern Standard Time),,,,,,,,,,,,,,,,,,,Tue Jan 14 2020 21:16:10 GMT-0500 (Eastern Standard Time),,,,,archetype_2s
xPSbukoDbl,,,,,,"{""*"":{""read"":true},""role:Administrator"":{""read"":true,""write"":true}}",Glabro,Tue Jan 14 2020 21:16:27 GMT-0500 (Eastern Standard Time),,,,,,"+1 Athletics, Brawl, Melee, & Firearms, +2 Dodge;",,,,,,,Dexterity: +2 Stealth,,,,,Ratkin,Tue Jan 14 2020 21:16:27 GMT-0500 (Eastern Standard Time),,,,,wta_forms
xQn23r13qA,,,,,,"{""*"":{""read"":true},""role:Administrator"":{""read"":true,""write"":true}}",Serpentis,Sun Jan 26 2020 15:30:50 GMT-0500 (Eastern Standard Time),,,,,,,,,,,,,,,,,,,Tue Jan 14 2020 21:16:16 GMT-0500 (Eastern Standard Time),,,,,disciplines
xSFz2ufGXR,,,,,,"{""*"":{""read"":true},""role:Administrator"":{""read"":true,""write"":true}}",Spirit Magnet,Tue Jan 14 2020 21:16:32 GMT-0500 (Eastern Standard Time),,,,1,,,,,,,,,,,,,,General,Tue Jan 14 2020 21:16:32 GMT-0500 (Eastern Standard Time),,,,,wta_merits
xSgB9si87a,,,,,,"{""*"":{""read"":true},""role:Administrator"":{""read"":true,""write"":true}}",Unyielding,Tue Jan 14 2020 21:16:22 GMT-0500 (Eastern Standard Time),,,,4,,Increases maximum permanent Willpower to 7.,,,,,,,,,,,,General,Tue Jan 14 2020 21:16:22 GMT-0500 (Eastern Standard Time),,,,,merits
xZymyChEFV,,,,,,"{""*"":{""read"":true},""role:Administrator"":{""read"":true,""write"":true}}",Ventrue: Crusader,Sun Mar 01 2020 22:37:46 GMT-0500 (Eastern Standard Time),1,,,,,,,,,,,,,,,,,,Tue Jan 14 2020 21:16:20 GMT-0500 (Eastern Standard Time),,,,,lore_specializations
xaWZV2lOeP,,,,,,"{""*"":{""read"":true},""role:Administrator"":{""read"":true,""write"":true}}",Mother's Touch,Tue Jan 14 2020 21:16:29 GMT-0500 (Eastern Standard Time),,,,1,,,,,,,,,Intelligence,,,No,Theurge,General,Tue Jan 14 2020 21:16:29 GMT-0500 (Eastern Standard Time),Galliard,,,,wta_gifts
xdzzbmzoE2,,,,,,"{""*"":{""read"":true},""role:Administrator"":{""read"":true,""write"":true}}","Quick Hands, Quick Work",Tue Jan 14 2020 21:16:24 GMT-0500 (Eastern Standard Time),,,,,,,,,,,,,,,,,,,Tue Jan 14 2020 21:16:24 GMT-0500 (Eastern Standard Time),,,,,techniques
xf7kjBbVHB,,,,,,"{""*"":{""read"":true},""role:Administrator"":{""read"":true,""write"":true}}",Blood in the Water,Tue Jan 14 2020 21:16:20 GMT-0500 (Eastern Standard Time),,GangrelNoiad,,2,,,,,,,,,,,32-33,,,,Tue Jan 14 2020 21:16:20 GMT-0500 (Eastern Standard Time),,,,,merits
xgbn9i0RFl,,,,,,"{""*"":{""read"":true},""role:Administrator"":{""read"":true,""write"":true}}",Video game companies,Sat Feb 14 2026 18:08:11 GMT-0500 (Eastern Standard Time),1,,,,,,,,,,,,,,,,,,Tue Jan 14 2020 21:16:19 GMT-0500 (Eastern Standard Time),,,,,influence_elite_specializations
xh0opQjgU5,,,,,,"{""*"":{""read"":true},""role:Administrator"":{""read"":true,""write"":true}}",Mortician's Secret,Tue Jan 14 2020 21:16:24 GMT-0500 (Eastern Standard Time),,,,,,,,,,,,,,,,,,,Tue Jan 14 2020 21:16:24 GMT-0500 (Eastern Standard Time),,,,,techniques
xlwzs37Cvj,,,,,,"{""*"":{""read"":true},""role:Administrator"":{""read"":true,""write"":true}}",Curmudgeon,Tue Jan 14 2020 21:16:10 GMT-0500 (Eastern Standard Time),,,,,,,,,,,,,,,,,,,Tue Jan 14 2020 21:16:10 GMT-0500 (Eastern Standard Time),,,,,archetypes
xodU2DDK9w,,,,,,"{""*"":{""read"":true},""role:Administrator"":{""read"":true,""write"":true}}",Ancestral Incarnation,Tue Jan 14 2020 21:16:28 GMT-0500 (Eastern Standard Time),,,,5,,,,,,,,,Intelligence,,,No,Stargazers,Tribal,Tue Jan 14 2020 21:16:28 GMT-0500 (Eastern Standard Time),,,,,wta_gifts
xqhjQJL9Z0,,,,,,"{""*"":{""read"":true},""role:Administrator"":{""read"":true,""write"":true}}",Necromancy: Sepulchral Beacon,Tue Jan 14 2020 21:16:22 GMT-0500 (Eastern Standard Time),,,,2,,,,,,,,,,,,,,,Tue Jan 14 2020 21:16:22 GMT-0500 (Eastern Standard Time),,,,,rituals
xqwJ9UfQIx,,,,,,"{""*"":{""read"":true},""role:Administrator"":{""read"":true,""write"":true}}",Trials of Blood,Tue Jan 14 2020 21:16:22 GMT-0500 (Eastern Standard Time),,Bloodline: Vizier,,3,,,,,,,,,,,24,,,,Tue Jan 14 2020 21:16:22 GMT-0500 (Eastern Standard Time),,,,,merits
xrE5lTlVpy,,,,,,"{""*"":{""read"":true},""role:Administrator"":{""read"":true,""write"":true}}",Volatile,Tue Jan 14 2020 21:16:22 GMT-0500 (Eastern Standard Time),,,,1,,"Once per combat, gain a Willpower when entering frenzy.",,,,,,,,,,,,Sabbat,Tue Jan 14 2020 21:16:22 GMT-0500 (Eastern Standard Time),,,,,merits
xtVOsTVkd6,,,,No,,"{""*"":{""read"":true},""role:Administrator"":{""read"":true,""write"":true}}",Restricted Character,Tue Jan 14 2020 21:16:32 GMT-0500 (Eastern Standard Time),,,,6,,,,,,,,,,,,,,General,Tue Jan 14 2020 21:16:32 GMT-0500 (Eastern Standard Time),,,,,wta_merits
y0FmLluTRY,,Ravnos,,,,"{""*"":{""read"":true},""role:Administrator"":{""read"":true,""write"":true}}",Waking Dream,Tue Jan 14 2020 21:16:22 GMT-0500 (Eastern Standard Time),,,,1,,"Once per game session, utilize a simple chimerical illusion as if were real (stairs, knife, lever, etc.) for one full turn. Cannot be used to help or harm another character.",,,,,,,,,,,,Clan,Tue Jan 14 2020 21:16:22 GMT-0500 (Eastern Standard Time),,,,,merits
y15QlwHVsP,,,,,,"{""*"":{""read"":true},""role:Administrator"":{""read"":true,""write"":true}}",Irad's Will,Tue Jan 14 2020 21:16:23 GMT-0500 (Eastern Standard Time),,,,,,,,,,,,,,,,,,Faction,Tue Jan 14 2020 21:16:23 GMT-0500 (Eastern Standard Time),,Ultra-Conservative,,,sabbat_rituals
y5blywGB6a,,,,,,"{""*"":{""read"":true},""role:Administrator"":{""read"":true,""write"":true}}",Awaken Major Spirit,Tue Jan 14 2020 21:16:28 GMT-0500 (Eastern Standard Time),,,,4,,,,,,,,,Intelligence,,,yes,Theurge,General,Tue Jan 14 2020 21:16:28 GMT-0500 (Eastern Standard Time),Philodox,,,,wta_gifts
y7BbDNAh5G,,,,,,"{""*"":{""read"":true},""role:Administrator"":{""read"":true,""write"":true}}",Seasonal,Tue Jan 14 2020 21:16:33 GMT-0500 (Eastern Standard Time),,,,,,,,,,,,,,,,,,,Tue Jan 14 2020 21:16:33 GMT-0500 (Eastern Standard Time),,,,,wta_rites
y8pypzkwW3,,,,,,"{""*"":{""read"":true},""role:Administrator"":{""read"":true,""write"":true}}",Leader,Tue Jan 14 2020 21:16:10 GMT-0500 (Eastern Standard Time),,,,,,,,,,,,,,,,,,,Tue Jan 14 2020 21:16:10 GMT-0500 (Eastern Standard Time),,,,,archetypes
yAMqv1qKq0,,,,,,"{""*"":{""read"":true},""role:Administrator"":{""read"":true,""write"":true}}",Incapacitated,Tue Jan 14 2020 21:16:19 GMT-0500 (Eastern Standard Time),2,,,,,,,,,,,,,,,,,,Tue Jan 14 2020 21:16:19 GMT-0500 (Eastern Standard Time),,,,,health_levels
yASjAV2DFr,,,,,,"{""*"":{""read"":true},""role:Administrator"":{""read"":true,""write"":true}}",Stamina,Tue Jan 14 2020 21:16:19 GMT-0500 (Eastern Standard Time),2,,,,,,,,,,,,,,,,,,Tue Jan 14 2020 21:16:19 GMT-0500 (Eastern Standard Time),,,,,focus_physicals
yBOj3S8Ckl,,,,,,"{""*"":{""read"":true},""role:Administrator"":{""read"":true,""write"":true}}",Armor of Darkness,Tue Jan 14 2020 21:16:24 GMT-0500 (Eastern Standard Time),,,,,,,,,,,,,,,,,,,Tue Jan 14 2020 21:16:24 GMT-0500 (Eastern Standard Time),,,,,techniques
yBYBo9xBIX,,Kitsune,,,,"{""*"":{""read"":true},""role:Administrator"":{""read"":true,""write"":true}}",Nine-Tails,Tue Jan 14 2020 21:16:32 GMT-0500 (Eastern Standard Time),,requires_specialization,,2,,,,,,,,,,,,,,Fera,Tue Jan 14 2020 21:16:32 GMT-0500 (Eastern Standard Time),,,,,wta_merits
yEM6JX12Bv,,,,,,"{""*"":{""read"":true},""role:Administrator"":{""read"":true,""write"":true}}",Hunted,Tue Jan 14 2020 21:16:27 GMT-0500 (Eastern Standard Time),,,,4,,,,,,,,,,,,,,,Tue Jan 14 2020 21:16:27 GMT-0500 (Eastern Standard Time),,,,,wta_flaws
yFyPgS0AHc,,,,,,"{""*"":{""read"":true},""role:Administrator"":{""read"":true,""write"":true}}",Baron,Sun Feb 15 2026 13:14:10 GMT-0500 (Eastern Standard Time),,,,,,,,,,,,,,,,,,Anarch,Tue Jan 14 2020 21:16:25 GMT-0500 (Eastern Standard Time),,,,,titles
yN4KU8O7DZ,,,,,,"{""*"":{""read"":true},""role:Administrator"":{""read"":true,""write"":true}}",Chemistry,Tue Jan 14 2020 21:16:09 GMT-0500 (Eastern Standard Time),1,,,,,,,,,,,,,,,,,,Tue Jan 14 2020 21:16:09 GMT-0500 (Eastern Standard Time),,,,,academics_specializations
yNFwYIZOnK,,,Independent Alliance,,,"{""*"":{""read"":true},""role:Administrator"":{""read"":true,""write"":true}}",Controller,Thu Feb 13 2020 22:50:17 GMT-0500 (Eastern Standard Time),,,,,,,,,,,,,,,,,,Negative,Thu Feb 13 2020 22:50:17 GMT-0500 (Eastern Standard Time),,,,,status_traits
yNTOOwN1LO,,,,,,"{""*"":{""read"":true},""role:Administrator"":{""read"":true,""write"":true}}",Dull ,Tue Jan 14 2020 21:16:27 GMT-0500 (Eastern Standard Time),,,,2,,,,,,,,,,,,,,,Tue Jan 14 2020 21:16:27 GMT-0500 (Eastern Standard Time),,,,,wta_flaws
yNuc2APTsn,,,,,,"{""*"":{""read"":true},""role:Administrator"":{""read"":true,""write"":true}}",Spirit's Gaze,Tue Jan 14 2020 21:16:30 GMT-0500 (Eastern Standard Time),,,,3,,,,,,,,,Perception,,,No,Ragabash,General,Tue Jan 14 2020 21:16:30 GMT-0500 (Eastern Standard Time),Philodox,,,,wta_gifts
yOKqcsnGuB,,,,,,"{""*"":{""read"":true},""role:Administrator"":{""read"":true,""write"":true}}",Sage of the Spirits,Tue Jan 14 2020 21:16:22 GMT-0500 (Eastern Standard Time),,GangrelAhrimanes,,3,,,,,,,,,,,30-31,,,,Tue Jan 14 2020 21:16:22 GMT-0500 (Eastern Standard Time),,,,,merits
yQDlcaMzfH,,,,,,"{""*"":{""read"":true},""role:Administrator"":{""read"":true,""write"":true}}",Caern,Tue Jan 14 2020 21:16:33 GMT-0500 (Eastern Standard Time),,,,,,,,,,,,,,,,,,,Tue Jan 14 2020 21:16:33 GMT-0500 (Eastern Standard Time),,,,,wta_rites
yRklGq6pI9,,,,,,"{""*"":{""read"":true},""role:Administrator"":{""read"":true,""write"":true}}",Code of Honor,Tue Jan 14 2020 21:16:20 GMT-0500 (Eastern Standard Time),,,,2,,"Once per hour, gain a +2 wild card bonus to resist Social or Mental power use with the intent to force character to violate Personal Code of Ethics.",,,,,,,,,,,,General,Tue Jan 14 2020 21:16:20 GMT-0500 (Eastern Standard Time),,,,,merits
ySXEm6qhhV,,Nuwisha,,,,"{""*"":{""read"":true},""role:Administrator"":{""read"":true,""write"":true}}",Intrepid Explorer,Tue Jan 14 2020 21:16:31 GMT-0500 (Eastern Standard Time),,requires_specialization,,2,,,,,,,,,,,,,,Fera,Tue Jan 14 2020 21:16:31 GMT-0500 (Eastern Standard Time),,,,,wta_merits
yWpwf4oaLU,,Ananasi,,,,"{""*"":{""read"":true},""role:Administrator"":{""read"":true,""write"":true}}",Hatar,Tue Jan 14 2020 21:16:26 GMT-0500 (Eastern Standard Time),,,,,,,,,,,,,,,,,,,Tue Jan 14 2020 21:16:26 GMT-0500 (Eastern Standard Time),,,,,wta_camps
yXe02v4VWF,,,,,,"{""*"":{""read"":true},""role:Administrator"":{""read"":true,""write"":true}}",The Book of Nod,Tue Jan 14 2020 21:16:25 GMT-0500 (Eastern Standard Time),0,,,,,,,,,,,,,,,,,,Tue Jan 14 2020 21:16:25 GMT-0500 (Eastern Standard Time),,,,,vampiric_texts
yY4TzvOIb2,,,,,,"{""*"":{""read"":true},""role:Administrator"":{""read"":true,""write"":true}}",Manipulation,Tue Jan 14 2020 21:16:19 GMT-0500 (Eastern Standard Time),1,,,,,,,,,,,,,,,,,,Tue Jan 14 2020 21:16:19 GMT-0500 (Eastern Standard Time),,,,,focus_socials
yYiavY6Bor,,,,,,"{""*"":{""read"":true},""role:Administrator"":{""read"":true,""write"":true}}",Crippled,Tue Jan 14 2020 21:16:27 GMT-0500 (Eastern Standard Time),,,,5,,,,,,,,,,,,,,,Tue Jan 14 2020 21:16:27 GMT-0500 (Eastern Standard Time),,,,,wta_flaws
ycN8k2zKY4,,,,,,"{""*"":{""read"":true},""role:Administrator"":{""read"":true,""write"":true}}",Thaumaturgy: Shaft of Belated Quiescence,Tue Jan 14 2020 21:16:23 GMT-0500 (Eastern Standard Time),,,,3,,,,,,,,,,,,,,,Tue Jan 14 2020 21:16:23 GMT-0500 (Eastern Standard Time),,,,,rituals
ydFZ6Ym859,,,,,,"{""*"":{""read"":true},""role:Administrator"":{""read"":true,""write"":true}}",Helping Hand,Tue Jan 14 2020 21:16:33 GMT-0500 (Eastern Standard Time),,,,,,,,,,,,,,,,,,,Tue Jan 14 2020 21:16:33 GMT-0500 (Eastern Standard Time),,,,,wta_totem_bonus_traits
ydwJh9zZCl,,,,,,"{""*"":{""read"":true},""role:Administrator"":{""read"":true,""write"":true}}",Accused of Heresy,Tue Jan 14 2020 21:16:18 GMT-0500 (Eastern Standard Time),,,,2,,Treated as one social class lower. Neonates gain the Greater Status Ban applied to Caitiff. (Max Fleeting 1),,,,,,,,,,,,Camarilla,Tue Jan 14 2020 21:16:18 GMT-0500 (Eastern Standard Time),,,,,flaws
yeAhJwTs6m,,,,,,"{""*"":{""read"":true},""role:Administrator"":{""read"":true,""write"":true}}",Child,Tue Jan 14 2020 21:16:10 GMT-0500 (Eastern Standard Time),,,,,,,,,,,,,,,,,,,Tue Jan 14 2020 21:16:10 GMT-0500 (Eastern Standard Time),,,,,archetypes
yeykFb9SiZ,,,General,,,"{""*"":{""read"":true},""role:Administrator"":{""read"":true,""write"":true}}",Defender,Thu Feb 13 2020 22:50:13 GMT-0500 (Eastern Standard Time),,,,,,,,,,,,,,,,,,Fleeting,Tue Jan 14 2020 21:16:23 GMT-0500 (Eastern Standard Time),,,,,status_traits
yfHvYIHDl4,,,,,,"{""*"":{""read"":true},""role:Administrator"":{""read"":true,""write"":true}}",Necromancy: Ash Path,Tue Jan 14 2020 21:16:17 GMT-0500 (Eastern Standard Time),,,,,,,,,,,,,,,,,,,Tue Jan 14 2020 21:16:17 GMT-0500 (Eastern Standard Time),,,,,extra_in_clan_disciplines
yh5cKMdVtG,,,,,,"{""*"":{""read"":true},""role:Administrator"":{""read"":true,""write"":true}}",Radiant Gaze,Tue Jan 14 2020 21:16:24 GMT-0500 (Eastern Standard Time),,,,,,,,,,,,,,,,,,,Tue Jan 14 2020 21:16:24 GMT-0500 (Eastern Standard Time),,,,,techniques
ykmmFeK9ax,,,,,,"{""*"":{""read"":true},""role:Administrator"":{""read"":true,""write"":true}}",Thieving Talons of the Magpie,Tue Jan 14 2020 21:16:30 GMT-0500 (Eastern Standard Time),,,,5,,,,,,,,,Wits,,,Yes,Ragabash,General,Tue Jan 14 2020 21:16:30 GMT-0500 (Eastern Standard Time),Lupus,,,,wta_gifts
ypSKUmnS4n,,,,,,"{""*"":{""read"":true},""role:Administrator"":{""read"":true,""write"":true}}",Introvert,Tue Jan 14 2020 21:16:09 GMT-0500 (Eastern Standard Time),,,,,,,,,,,,,,,,,,,Tue Jan 14 2020 21:16:09 GMT-0500 (Eastern Standard Time),,,,,archetype_2
ypYJ1CXkQx,,,,,,"{""*"":{""read"":true},""role:Administrator"":{""read"":true,""write"":true}}",Thaumaturgy: Detect the Hidden Observer,Tue Jan 14 2020 21:16:23 GMT-0500 (Eastern Standard Time),,,,3,,,,,,,,,,,,,,,Tue Jan 14 2020 21:16:23 GMT-0500 (Eastern Standard Time),,,,,rituals
yqyH2qOiHZ,,,,,,"{""*"":{""read"":true},""role:Administrator"":{""read"":true,""write"":true}}",Fearful Blow,Tue Jan 14 2020 21:16:24 GMT-0500 (Eastern Standard Time),,,,,,,,,,,,,,,,,,,Tue Jan 14 2020 21:16:24 GMT-0500 (Eastern Standard Time),,,,,techniques
ytVzf1wNRE,,,,,,"{""*"":{""read"":true},""role:Administrator"":{""read"":true,""write"":true}}",Occult,Tue Jan 14 2020 21:16:23 GMT-0500 (Eastern Standard Time),0,,,,,,,,,,,,,,unknown,,,,Tue Jan 14 2020 21:16:23 GMT-0500 (Eastern Standard Time),,,,,skills
ytv4Szzdfy,,,,,,"{""*"":{""read"":true},""role:Administrator"":{""read"":true,""write"":true}}",Crinos,Tue Jan 14 2020 21:16:27 GMT-0500 (Eastern Standard Time),,,,,,Aggravted Claw & Bite attacks; +4 Brawl and Melee attacks +1 bite; use custom tools,,,,,,,Strength: +6 Brawl & Melee,,,,,Ajaba,Tue Jan 14 2020 21:16:27 GMT-0500 (Eastern Standard Time),,,,,wta_forms
yu6IhcAHet,,,,,,"{""*"":{""read"":true},""role:Administrator"":{""read"":true,""write"":true}}",Assamite: Sorcerer,Sun Mar 01 2020 22:37:45 GMT-0500 (Eastern Standard Time),1,,,,,,,,,,,,,,,,,,Tue Jan 14 2020 21:16:19 GMT-0500 (Eastern Standard Time),,,,,lore_specializations
yvj5CchSSe,,,,,,"{""*"":{""read"":true},""role:Administrator"":{""read"":true,""write"":true}}",Fist of Stone,Tue Jan 14 2020 21:16:24 GMT-0500 (Eastern Standard Time),,,,,,,,,,,,,,,,,,,Tue Jan 14 2020 21:16:24 GMT-0500 (Eastern Standard Time),,,,,techniques
yxT4xbAL7m,,,,,,"{""*"":{""read"":true},""role:Administrator"":{""read"":true,""write"":true}}",Homid,Tue Jan 14 2020 21:16:27 GMT-0500 (Eastern Standard Time),,,,,,Tool user (No rage to vent),,,,,,,,,,,,Ananasi,Tue Jan 14 2020 21:16:27 GMT-0500 (Eastern Standard Time),,,,,wta_forms
yz6nWJBpeB,,,,,,"{""*"":{""read"":true},""role:Administrator"":{""read"":true,""write"":true}}",Shady Dealings,Tue Jan 14 2020 21:16:22 GMT-0500 (Eastern Standard Time),,Ravnos,,2,,,,,,,,,,,50,,,,Tue Jan 14 2020 21:16:22 GMT-0500 (Eastern Standard Time),,,,,merits
yzNyClxBi2,,,,,,"{""*"":{""read"":true},""role:Administrator"":{""read"":true,""write"":true}}",Perfect Passage,Tue Jan 14 2020 21:16:29 GMT-0500 (Eastern Standard Time),,,,3,,,,,,,,,Perception,,,No,Bastet,Fera,Tue Jan 14 2020 21:16:29 GMT-0500 (Eastern Standard Time),,,,,wta_gifts
z4QDAj6CX2,,,,,,"{""*"":{""read"":true},""role:Administrator"":{""read"":true,""write"":true}}",Infamous Brood,Tue Jan 14 2020 21:16:18 GMT-0500 (Eastern Standard Time),,,,3,,"Any officer of character's sect can spend any status trait (abiding, innate, fleeting) to give character the Warned status trait.",,,,,,,,,,,,General,Tue Jan 14 2020 21:16:18 GMT-0500 (Eastern Standard Time),,,,,flaws
z6f7xaE1ho,,,,,,"{""*"":{""read"":true},""role:Administrator"":{""read"":true,""write"":true}}",Impaling,Tue Jan 14 2020 21:16:31 GMT-0500 (Eastern Standard Time),,,Melee,,,,,,,,,,,,,,,,Tue Jan 14 2020 21:16:31 GMT-0500 (Eastern Standard Time),,,,,wta_item_traits
z8GEzqtdFZ,,,,,,"{""*"":{""read"":true},""role:Administrator"":{""read"":true,""write"":true}}",Coward,Tue Jan 14 2020 21:16:33 GMT-0500 (Eastern Standard Time),1,,,,,,,,,,,,,,,,,,Tue Jan 14 2020 21:16:33 GMT-0500 (Eastern Standard Time),,,,,wta_monikers
z8YDXi1rWg,,,,No,,"{""*"":{""read"":true},""role:Administrator"":{""read"":true,""write"":true}}",Addiction (Amphetamine),Tue Jan 14 2020 21:16:27 GMT-0500 (Eastern Standard Time),,,,2,,,,,,,,,,,,,,,Tue Jan 14 2020 21:16:27 GMT-0500 (Eastern Standard Time),,,,,wta_flaws
zB9PPQR3df,,,,,,"{""*"":{""read"":true},""role:Administrator"":{""read"":true,""write"":true}}",Wyld at Heart,Tue Jan 14 2020 21:16:32 GMT-0500 (Eastern Standard Time),,,,3,,,,,,,,,,,,,,General,Tue Jan 14 2020 21:16:32 GMT-0500 (Eastern Standard Time),,,,,wta_merits
zDPfJdw2Hq,,,,,,"{""*"":{""read"":true},""role:Administrator"":{""read"":true,""write"":true}}",Circle of Scheherazade,Tue Jan 14 2020 21:16:12 GMT-0500 (Eastern Standard Time),,,,,,,,,,,,,,,,,,,Tue Jan 14 2020 21:16:12 GMT-0500 (Eastern Standard Time),,,,,ctdbs_kith_group_types
zEYeOaIsJt,,,,,,"{""*"":{""read"":true},""role:Administrator"":{""read"":true,""write"":true}}",Alternate Identity,Tue Jan 14 2020 21:16:12 GMT-0500 (Eastern Standard Time),,,,,,,,,,,,,,,,,,,Tue Jan 14 2020 21:16:12 GMT-0500 (Eastern Standard Time),,,,,ctdbs_backgrounds
zFXbatlKBE,,,,,,"{""*"":{""read"":true},""role:Administrator"":{""read"":true,""write"":true}}",Priest,Sun Feb 15 2026 13:14:10 GMT-0500 (Eastern Standard Time),,,,,,,,,,,,,,,,,,Sabbat,Tue Jan 14 2020 21:16:25 GMT-0500 (Eastern Standard Time),,,,,titles
zJLJ8JzUe8,,,,,,"{""*"":{""read"":true},""role:Administrator"":{""read"":true,""write"":true}}",Immortal Beauty,Tue Jan 14 2020 21:16:21 GMT-0500 (Eastern Standard Time),,Toreador,,1,,,,,,,,,,,39,,,,Tue Jan 14 2020 21:16:21 GMT-0500 (Eastern Standard Time),,,,,merits
zMOC91uSBs,,Fianna,,,,"{""*"":{""read"":true},""role:Administrator"":{""read"":true,""write"":true}}",Child of Tir na nOg,Tue Jan 14 2020 21:16:31 GMT-0500 (Eastern Standard Time),,,,3,,,,,,,,,,,,,,Tribal,Tue Jan 14 2020 21:16:31 GMT-0500 (Eastern Standard Time),,,,,wta_merits
zMumY42XTt,,,,,,"{""*"":{""read"":true},""role:Administrator"":{""read"":true,""write"":true}}",The Cycle of Lilith,Tue Jan 14 2020 21:16:25 GMT-0500 (Eastern Standard Time),13,,,,,,,,,,,,,,,,,,Tue Jan 14 2020 21:16:25 GMT-0500 (Eastern Standard Time),,,,,vampiric_texts
zPqEwlxZBV,,,,,,"{""*"":{""read"":true},""role:Administrator"":{""read"":true,""write"":true}}",Zealot,Tue Jan 14 2020 21:16:22 GMT-0500 (Eastern Standard Time),,,,1,,"When in ritae that fails, can make a static challenge (Mental+Occult vs. 6) to determine the number of participants who lacked faith.",,,,,,,,,,,,Sabbat,Tue Jan 14 2020 21:16:22 GMT-0500 (Eastern Standard Time),,,,,merits
zR4y4nfW9F,,,,,,"{""*"":{""read"":true},""role:Administrator"":{""read"":true,""write"":true}}",Obtenebration,Sun Jan 26 2020 15:30:50 GMT-0500 (Eastern Standard Time),,,,,,,,,,,,,,,,,,,Tue Jan 14 2020 21:16:16 GMT-0500 (Eastern Standard Time),,,,,disciplines
zS64xuvJZ8,,,,,,"{""*"":{""read"":true},""role:Administrator"":{""read"":true,""write"":true}}",Gangrel,Tue Aug 31 2021 02:28:48 GMT-0400 (Eastern Daylight Time),,,,,,,,,,,,,,,,,,,Tue Jan 14 2020 21:16:11 GMT-0500 (Eastern Standard Time),,,,,clans
zSN4vALKvD,,,,,,"{""*"":{""read"":true},""role:Administrator"":{""read"":true,""write"":true}}",Known to be Dead,Tue Jan 14 2020 21:16:18 GMT-0500 (Eastern Standard Time),,,,1,,"If real name, photo or other identifier gets out too often hunters may take an interest.",,,,,,,,,,,,General,Tue Jan 14 2020 21:16:18 GMT-0500 (Eastern Standard Time),,,,,flaws
zSNgIV4HJP,,,,,,"{""*"":{""read"":true},""role:Administrator"":{""read"":true,""write"":true}}",Branded,Tue Jan 14 2020 21:16:32 GMT-0500 (Eastern Standard Time),1,,,,,,,,,,,,,,,,,,Tue Jan 14 2020 21:16:32 GMT-0500 (Eastern Standard Time),,,,,wta_monikers
zSgEc3IvjG,,,,,,"{""*"":{""read"":true},""role:Administrator"":{""read"":true,""write"":true}}",Economics,Tue Jan 14 2020 21:16:09 GMT-0500 (Eastern Standard Time),1,,,,,,,,,,,,,,,,,,Tue Jan 14 2020 21:16:09 GMT-0500 (Eastern Standard Time),,,,,academics_specializations
zV1uofGgAw,,,,,,"{""*"":{""read"":true},""role:Administrator"":{""read"":true,""write"":true}}",Abbot,Sun Feb 15 2026 13:14:10 GMT-0500 (Eastern Standard Time),,,,,,,,,,,,,,,,,,Sabbat,Tue Jan 14 2020 21:16:25 GMT-0500 (Eastern Standard Time),,,,,titles
zWEBPlV22i,,,,,,"{""*"":{""read"":true},""role:Administrator"":{""read"":true,""write"":true}}",Realm Wisdom,Tue Jan 14 2020 21:16:29 GMT-0500 (Eastern Standard Time),,,,2,,,,,,,,,Perception,,,No,Theurge,General,Tue Jan 14 2020 21:16:29 GMT-0500 (Eastern Standard Time),Galliard,,,,wta_gifts
zXXFBRVt1s,,,,,,"{""*"":{""read"":true},""role:Administrator"":{""read"":true,""write"":true}}",Ambidextrous,Tue Jan 14 2020 21:16:20 GMT-0500 (Eastern Standard Time),,,,2,,"Once per turn, you can use one the qualities from your main weapon and one from your off hand weapon to augment attack. Cannot be the same quality from both.",,,,,,,,,,,,General,Tue Jan 14 2020 21:16:20 GMT-0500 (Eastern Standard Time),,,,,merits
zb98B6nZyP,,,,,,"{""*"":{""read"":true},""role:Administrator"":{""read"":true,""write"":true}}",Theatre,Sat Feb 14 2026 18:08:11 GMT-0500 (Eastern Standard Time),1,,,,,,,,,,,,,,,,,,Tue Jan 14 2020 21:16:19 GMT-0500 (Eastern Standard Time),,,,,influence_elite_specializations
zfAY3OxxFm,,,,,,"{""*"":{""read"":true},""role:Administrator"":{""read"":true,""write"":true}}",Awareness,Tue Jan 14 2020 21:16:23 GMT-0500 (Eastern Standard Time),0,,,,,,,,,,,,,,unknown,,,,Tue Jan 14 2020 21:16:23 GMT-0500 (Eastern Standard Time),,,,,skills
zgQNZ2ax5N,,,,,,"{""*"":{""read"":true},""role:Administrator"":{""read"":true,""write"":true}}",Snarl of the Predator,Tue Jan 14 2020 21:16:29 GMT-0500 (Eastern Standard Time),,,,4,,,,,,,,,Manipulation,,,Yes,Philodox,General,Tue Jan 14 2020 21:16:29 GMT-0500 (Eastern Standard Time),Ahroun,,Lupus,,wta_gifts
zhucrehgmJ,,,,,,"{""*"":{""read"":true},""role:Administrator"":{""read"":true,""write"":true}}",Leader,Tue Jan 14 2020 21:16:10 GMT-0500 (Eastern Standard Time),,,,,,,,,,,,,,,,,,,Tue Jan 14 2020 21:16:10 GMT-0500 (Eastern Standard Time),,,,,archetype_2s
ziAsq6isMF,,,,,,"{""*"":{""read"":true},""role:Administrator"":{""read"":true,""write"":true}}",Survivor,Tue Jan 14 2020 21:16:10 GMT-0500 (Eastern Standard Time),,,,,,,,,,,,,,,,,,,Tue Jan 14 2020 21:16:10 GMT-0500 (Eastern Standard Time),,,,,archetypes
ziWuc4GGNK,,,,,,"{""*"":{""read"":true},""role:Administrator"":{""read"":true,""write"":true}}",Mytherceria,Sun Jan 26 2020 15:30:50 GMT-0500 (Eastern Standard Time),,,,,,,,,,,,,,,,,,,Tue Jan 14 2020 21:16:16 GMT-0500 (Eastern Standard Time),,,,,disciplines
zk7YB2LIUt,,,,,,"{""*"":{""read"":true},""role:Administrator"":{""read"":true,""write"":true}}",Perception,Tue Jan 14 2020 21:16:19 GMT-0500 (Eastern Standard Time),0,,,,,,,,,,,,,,,,,,Tue Jan 14 2020 21:16:19 GMT-0500 (Eastern Standard Time),,,,,focus_mentals
znn2kDs7Ny,,,,,,"{""*"":{""read"":true},""role:Administrator"":{""read"":true,""write"":true}}",Manic Episode,Tue Jan 14 2020 21:16:24 GMT-0500 (Eastern Standard Time),,,,,,,,,,,,,,,,,,,Tue Jan 14 2020 21:16:24 GMT-0500 (Eastern Standard Time),,,,,techniques
zq2HpJ96C2,,,,,,"{""*"":{""read"":true},""role:Administrator"":{""read"":true,""write"":true}}",Ojo,Tue Jan 14 2020 21:16:12 GMT-0500 (Eastern Standard Time),4,,,,,,,,,,,,,,,,,,Tue Jan 14 2020 21:16:12 GMT-0500 (Eastern Standard Time),,,,,ctdbs_fealty_courts
zrTV5BLCFD,,,,,,"{""*"":{""read"":true},""role:Administrator"":{""read"":true,""write"":true}}",Ventrue: Crusader,Tue Aug 31 2021 02:28:48 GMT-0400 (Eastern Daylight Time),,,,,,,,,,,,,,,,,,,Tue Jan 14 2020 21:16:11 GMT-0500 (Eastern Standard Time),,,,,clans
zrrUC4JIq1,,,,,,"{""*"":{""read"":true},""role:Administrator"":{""read"":true,""write"":true}}",Caregiver,Tue Jan 14 2020 21:16:10 GMT-0500 (Eastern Standard Time),,,,,,,,,,,,,,,,,,,Tue Jan 14 2020 21:16:10 GMT-0500 (Eastern Standard Time),,,,,archetypes
zvuHafslfr,,,,,,"{""*"":{""read"":true},""role:Administrator"":{""read"":true,""write"":true}}",Thaumaturgy: Burning Blade,Tue Jan 14 2020 21:16:22 GMT-0500 (Eastern Standard Time),,,,2,,,,,,,,,,,,,,,Tue Jan 14 2020 21:16:22 GMT-0500 (Eastern Standard Time),,,,,rituals
zwTeJq7U38,,,,,,"{""*"":{""read"":true},""role:Administrator"":{""read"":true,""write"":true}}",Illusory Augmentation,Tue Jan 14 2020 21:16:24 GMT-0500 (Eastern Standard Time),,,,,,,,,,,,,,,,,,,Tue Jan 14 2020 21:16:24 GMT-0500 (Eastern Standard Time),,,,,techniques
zxGCdDiVVp,,,,,,"{""*"":{""read"":true},""role:Administrator"":{""read"":true,""write"":true}}",The Unseelie Way,Tue Jan 14 2020 21:16:15 GMT-0500 (Eastern Standard Time),,,,1,,,,,,,,,,,,,,,Tue Jan 14 2020 21:16:15 GMT-0500 (Eastern Standard Time),,,,,ctdbs_merits
zymCVKBbEW,,,,,,"{""*"":{""read"":true},""role:Administrator"":{""read"":true,""write"":true}}",The Heart of the Matter,Tue Jan 14 2020 21:16:22 GMT-0500 (Eastern Standard Time),,Bloodline: Tlacique,,1,,,,,,,,,,,27,,,,Tue Jan 14 2020 21:16:22 GMT-0500 (Eastern Standard Time),,,,,merits
zzBL3nFJ8S,,,,,,"{""*"":{""read"":true},""role:Administrator"":{""read"":true,""write"":true}}",Streamlined,Tue Jan 14 2020 21:16:31 GMT-0500 (Eastern Standard Time),,,,,,,,General,,,,,,,,,,,Tue Jan 14 2020 21:16:31 GMT-0500 (Eastern Standard Time),,,,,wta_item_traits
wCw6fXGwmE,,,,,,"{""*"":{""read"":true},""role:Administrator"":{""read"":true,""write"":true}}",Nosferatu: Creeps,Tue Aug 31 2021 02:28:48 GMT-0400 (Eastern Daylight Time),,,,,,,,,,,,,,,,,,,Sun Aug 29 2021 16:52:31 GMT-0400 (Eastern Daylight Time),,,,,clans
BGPvGHeBid,,,,,,"{""*"":{""read"":true},""role:Administrator"":{""read"":true,""write"":true}}",Bloodline: Creeps,Tue Aug 31 2021 01:37:00 GMT-0400 (Eastern Daylight Time),,,,2,,,,,,,,,,,,,,,Tue Aug 31 2021 01:36:45 GMT-0400 (Eastern Daylight Time),,,,,merits
YXced1KDCJ,,,,,,"{""*"":{""read"":true},""role:Administrator"":{""read"":true,""write"":true}}",Dust in the Wind,Tue Aug 31 2021 01:57:02 GMT-0400 (Eastern Daylight Time),,GangrelAnda,,1,,,,,,,,,,,,,,Clan,Tue Aug 31 2021 01:56:01 GMT-0400 (Eastern Daylight Time),,,,,merits
oNeO6spmrP,,,,,,"{""*"":{""read"":true},""role:Administrator"":{""read"":true,""write"":true}}",Bloodline: Anda,Tue Aug 31 2021 02:06:19 GMT-0400 (Eastern Daylight Time),,,,2,,,,,,,,,,,,,,,Tue Aug 31 2021 02:05:54 GMT-0400 (Eastern Daylight Time),,,,,merits
sH3Ym7pcSW,,,,,,"{""*"":{""read"":true},""role:Administrator"":{""read"":true,""write"":true}}",Bloodline: Bratovitch,Tue Aug 31 2021 02:06:26 GMT-0400 (Eastern Daylight Time),,,,2,,,,,,,,,,,,,,,Tue Aug 31 2021 02:06:00 GMT-0400 (Eastern Daylight Time),,,,,merits
54Ei4LsBCD,,,,,,"{""*"":{""read"":true},""role:Administrator"":{""read"":true,""write"":true}}",Bloodline: Corsairs,Tue Aug 31 2021 02:06:30 GMT-0400 (Eastern Daylight Time),,,,2,,,,,,,,,,,,,,,Tue Aug 31 2021 02:06:06 GMT-0400 (Eastern Daylight Time),,,,,merits
aIEhKiAzBb,,,,,,"{""*"":{""read"":true},""role:Administrator"":{""read"":true,""write"":true}}",Extrasensory Perceptions,Tue Aug 31 2021 02:08:36 GMT-0400 (Eastern Daylight Time),,NosferatuCreeps,,1,,,,,,,,,,,,,,Clan,Tue Aug 31 2021 02:06:55 GMT-0400 (Eastern Daylight Time),,,,,merits
cCRtb8WU7y,,,,,,"{""*"":{""read"":true},""role:Administrator"":{""read"":true,""write"":true}}",Rush of Battle,Tue Aug 31 2021 02:08:11 GMT-0400 (Eastern Daylight Time),,LasombraCorsairs,,1,,,,,,,,,,,,,,Clan,Tue Aug 31 2021 02:07:02 GMT-0400 (Eastern Daylight Time),,,,,merits
37c3P4rKXA,,,,,,"{""*"":{""read"":true},""role:Administrator"":{""read"":true,""write"":true}}",Local Legends,Tue Aug 31 2021 02:07:41 GMT-0400 (Eastern Daylight Time),,TzimisceBratovitch,,1,,,,,,,,,,,,,,Clan,Tue Aug 31 2021 02:07:11 GMT-0400 (Eastern Daylight Time),,,,,merits
9XBJ5pC33v,,,,,,"{""*"":{""read"":true},""role:Administrator"":{""read"":true,""write"":true}}",All the Best Toys,Tue Aug 31 2021 02:09:52 GMT-0400 (Eastern Daylight Time),,GangrelAnda,,2,,,,,,,,,,,,,,Clan,Tue Aug 31 2021 02:09:30 GMT-0400 (Eastern Daylight Time),,,,,merits
n92XiyTsiq,,,,,,"{""*"":{""read"":true},""role:Administrator"":{""read"":true,""write"":true}}",The Beast Within,Tue Aug 31 2021 02:10:41 GMT-0400 (Eastern Daylight Time),,GangrelAnda,,3,,,,,,,,,,,,,,Clan,Tue Aug 31 2021 02:10:17 GMT-0400 (Eastern Daylight Time),,,,,merits
956Qf5BxIC,,,,,,"{""*"":{""read"":true},""role:Administrator"":{""read"":true,""write"":true}}",Master of the Hounds,Tue Aug 31 2021 02:11:46 GMT-0400 (Eastern Daylight Time),,TzimisceBratovitch,,2,,,,,,,,,,,,,,Clan,Tue Aug 31 2021 02:11:04 GMT-0400 (Eastern Daylight Time),,,,,merits
iqUv0WDdKi,,,,,,"{""*"":{""read"":true},""role:Administrator"":{""read"":true,""write"":true}}",Become the Slasher,Tue Aug 31 2021 02:11:49 GMT-0400 (Eastern Daylight Time),,TzimisceBratovitch,,3,,,,,,,,,,,,,,Clan,Tue Aug 31 2021 02:11:16 GMT-0400 (Eastern Daylight Time),,,,,merits
fACXQSU1Ti,,,,,,"{""*"":{""read"":true},""role:Administrator"":{""read"":true,""write"":true}}",Parley,Tue Aug 31 2021 02:12:46 GMT-0400 (Eastern Daylight Time),,LasombraCorsairs,,2,,,,,,,,,,,,,,Clan,Tue Aug 31 2021 02:12:15 GMT-0400 (Eastern Daylight Time),,,,,merits
1BFgGTTec1,,,,,,"{""*"":{""read"":true},""role:Administrator"":{""read"":true,""write"":true}}",Abyssal Horror,Tue Aug 31 2021 02:12:50 GMT-0400 (Eastern Daylight Time),,LasombraCorsairs,,3,,,,,,,,,,,,,,Clan,Tue Aug 31 2021 02:12:23 GMT-0400 (Eastern Daylight Time),,,,,merits
VhCnDNuvmI,,,,,,"{""*"":{""read"":true},""role:Administrator"":{""read"":true,""write"":true}}",Fear Factor,Tue Aug 31 2021 02:13:42 GMT-0400 (Eastern Daylight Time),,NosferatuCreeps,,2,,,,,,,,,,,,,,Clan,Tue Aug 31 2021 02:13:06 GMT-0400 (Eastern Daylight Time),,,,,merits
OzHmJ00OFX,,,,,,"{""*"":{""read"":true},""role:Administrator"":{""read"":true,""write"":true}}",Shrinking Violet,Tue Aug 31 2021 02:13:44 GMT-0400 (Eastern Daylight Time),,NosferatuCreeps,,3,,,,,,,,,,,,,,Clan,Tue Aug 31 2021 02:13:12 GMT-0400 (Eastern Daylight Time),,,,,merits
8oeinNBr2V,,,,,,"{""*"":{""read"":true},""role:Administrator"":{""read"":true,""write"":true}}",Kineticism,Tue Aug 31 2021 02:16:47 GMT-0400 (Eastern Daylight Time),,,,,,,,,,,,,,,,,,,Tue Aug 31 2021 02:16:40 GMT-0400 (Eastern Daylight Time),,,,,disciplines
zU3FNCpHGX,,,,,,"{""*"":{""read"":true},""role:Administrator"":{""read"":true,""write"":true}}",Gangrel: Anda,Tue Aug 31 2021 02:28:48 GMT-0400 (Eastern Daylight Time),,,,,,,,,,,,,,,,,,,Tue Aug 31 2021 02:28:45 GMT-0400 (Eastern Daylight Time),,,,,clans
zJA55qBJkq,,,,,,"{""*"":{""read"":true},""role:Administrator"":{""read"":true,""write"":true}}",Lasombra: Corsairs,Tue Aug 31 2021 02:28:48 GMT-0400 (Eastern Daylight Time),,,,,,,,,,,,,,,,,,,Tue Aug 31 2021 02:28:45 GMT-0400 (Eastern Daylight Time),,,,,clans
2d53xEcGUv,,,,,,"{""*"":{""read"":true},""role:Administrator"":{""read"":true,""write"":true}}",Tzimisce: Bratovitch,Tue Aug 31 2021 02:28:48 GMT-0400 (Eastern Daylight Time),,,,,,,,,,,,,,,,,,,Tue Aug 31 2021 02:28:45 GMT-0400 (Eastern Daylight Time),,,,,clans
g3VdOZzVoS,,,,,,"{""role:Administrator"":{""write"":true}}",Auspex: Collective Cognizance,Wed Feb 25 2026 17:12:29 GMT-0500 (Eastern Standard Time),,,,,,,,,,,,,,,,,,,Tue Aug 31 2021 21:36:32 GMT-0400 (Eastern Daylight Time),,,,,elder_disciplines
IbIbHPrnSk,,,,,,"{""*"":{""read"":true},""role:Administrator"":{""read"":true,""write"":true}}",Auspex: Fog of War,Tue Aug 31 2021 23:11:32 GMT-0400 (Eastern Daylight Time),,,,,,,,,,,,,,,,,,,Tue Aug 31 2021 23:11:20 GMT-0400 (Eastern Daylight Time),,,,,elder_disciplines
82W0g7kCKa,,,,,,"{""*"":{""read"":true},""role:Administrator"":{""read"":true,""write"":true}}",Celerity: Nimble Departure,Tue Aug 31 2021 23:19:08 GMT-0400 (Eastern Daylight Time),,,,,,,,,,,,,,,,,,,Tue Aug 31 2021 23:19:00 GMT-0400 (Eastern Daylight Time),,,,,elder_disciplines
Tdu70rwUop,,,,,,"{""*"":{""read"":true},""role:Administrator"":{""read"":true,""write"":true}}",Spiritus: Killer Instinct,Tue Aug 31 2021 23:49:57 GMT-0400 (Eastern Daylight Time),,,,,,,,,,,,,,,,,,,Tue Aug 31 2021 23:49:33 GMT-0400 (Eastern Daylight Time),,,,,elder_disciplines
kyx2sDgbul,,,,,,"{""*"":{""read"":true},""role:Administrator"":{""read"":true,""write"":true}}",Spiritus: Primal Strength,Tue Aug 31 2021 23:50:37 GMT-0400 (Eastern Daylight Time),,,,,,,,,,,,,,,,,,,Tue Aug 31 2021 23:49:40 GMT-0400 (Eastern Daylight Time),,,,,elder_disciplines
xbj7nqFEQi,,,,,,"{""*"":{""read"":true},""role:Administrator"":{""read"":true,""write"":true}}",Animalism: Quell the Herd,Tue Aug 31 2021 23:51:52 GMT-0400 (Eastern Daylight Time),,,,,,,,,,,,,,,,,,,Tue Aug 31 2021 23:51:22 GMT-0400 (Eastern Daylight Time),,,,,elder_disciplines
HCYwCNXGJO,,,,,,"{""*"":{""read"":true},""role:Administrator"":{""read"":true,""write"":true}}",Animalism: Master of the Hunt,Tue Aug 31 2021 23:51:44 GMT-0400 (Eastern Daylight Time),,,,,,,,,,,,,,,,,,,Tue Aug 31 2021 23:51:29 GMT-0400 (Eastern Daylight Time),,,,,elder_disciplines
FsVBxWxBU1,,,,,,"{""*"":{""read"":true},""role:Administrator"":{""read"":true,""write"":true}}",Auspex: Psychic Drain,Tue Aug 31 2021 23:52:20 GMT-0400 (Eastern Daylight Time),,,,,,,,,,,,,,,,,,,Tue Aug 31 2021 23:52:09 GMT-0400 (Eastern Daylight Time),,,,,elder_disciplines
nLBk7n8EGx,,,,,,"{""*"":{""read"":true},""role:Administrator"":{""read"":true,""write"":true}}",Celerity: Zephyr,Tue Aug 31 2021 23:53:14 GMT-0400 (Eastern Daylight Time),,,,,,,,,,,,,,,,,,,Tue Aug 31 2021 23:53:06 GMT-0400 (Eastern Daylight Time),,,,,elder_disciplines
lHaxvF4VXe,,,,,,"{""*"":{""read"":true},""role:Administrator"":{""read"":true,""write"":true}}",Dementation: Restructure,Tue Aug 31 2021 23:57:16 GMT-0400 (Eastern Daylight Time),,,,,,,,,,,,,,,,,,,Tue Aug 31 2021 23:56:28 GMT-0400 (Eastern Daylight Time),,,,,elder_disciplines
Mg2lzXJrH9,,,,,,"{""*"":{""read"":true},""role:Administrator"":{""read"":true,""write"":true}}",Dementation: La Llorana's Lament,Tue Aug 31 2021 23:57:08 GMT-0400 (Eastern Daylight Time),,,,,,,,,,,,,,,,,,,Tue Aug 31 2021 23:56:56 GMT-0400 (Eastern Daylight Time),,,,,elder_disciplines
brYHmtoq7P,,,,,,"{""*"":{""read"":true},""role:Administrator"":{""read"":true,""write"":true}}",Dominate: Fealty,Tue Aug 31 2021 23:59:35 GMT-0400 (Eastern Daylight Time),,,,,,,,,,,,,,,,,,,Tue Aug 31 2021 23:58:38 GMT-0400 (Eastern Daylight Time),,,,,elder_disciplines
s03AoirS9i,,,,,,"{""*"":{""read"":true},""role:Administrator"":{""read"":true,""write"":true}}",Dominate: Chain of Command,Tue Aug 31 2021 23:59:27 GMT-0400 (Eastern Daylight Time),,,,,,,,,,,,,,,,,,,Tue Aug 31 2021 23:58:46 GMT-0400 (Eastern Daylight Time),,,,,elder_disciplines
3BQlG7AU6F,,,,,,"{""*"":{""read"":true},""role:Administrator"":{""read"":true,""write"":true}}",Fortitude: Resilient Mind,Wed Sep 01 2021 00:00:22 GMT-0400 (Eastern Daylight Time),,,,,,,,,,,,,,,,,,,Tue Aug 31 2021 23:59:56 GMT-0400 (Eastern Daylight Time),,,,,elder_disciplines
AeYdUH7kjn,,,,,,"{""*"":{""read"":true},""role:Administrator"":{""read"":true,""write"":true}}",Fortitude: King of the Mountain,Wed Sep 01 2021 00:00:14 GMT-0400 (Eastern Daylight Time),,,,,,,,,,,,,,,,,,,Wed Sep 01 2021 00:00:02 GMT-0400 (Eastern Daylight Time),,,,,elder_disciplines
qFiHoangHR,,,,,,"{""*"":{""read"":true},""role:Administrator"":{""read"":true,""write"":true}}",Melpominee: Sound Wave,Wed Sep 01 2021 00:00:58 GMT-0400 (Eastern Daylight Time),,,,,,,,,,,,,,,,,,,Wed Sep 01 2021 00:00:41 GMT-0400 (Eastern Daylight Time),,,,,elder_disciplines
vEAPVmDVHL,,,,,,"{""*"":{""read"":true},""role:Administrator"":{""read"":true,""write"":true}}",Melpominee: Reverberation,Wed Sep 01 2021 00:00:51 GMT-0400 (Eastern Daylight Time),,,,,,,,,,,,,,,,,,,Wed Sep 01 2021 00:00:47 GMT-0400 (Eastern Daylight Time),,,,,elder_disciplines
BPFyG3GSHp,,,,,,"{""*"":{""read"":true},""role:Administrator"":{""read"":true,""write"":true}}",Obfuscate: Mental Maze,Sun Oct 03 2021 16:14:32 GMT-0400 (Eastern Daylight Time),,,,,,,,,,,,,,,,,,,Wed Sep 01 2021 00:01:20 GMT-0400 (Eastern Daylight Time),,,,,elder_disciplines
uGV6McUBd1,,,,,,"{""*"":{""read"":true},""role:Administrator"":{""read"":true,""write"":true}}",Obfuscate: Soul Mask,Wed Sep 01 2021 00:01:33 GMT-0400 (Eastern Daylight Time),,,,,,,,,,,,,,,,,,,Wed Sep 01 2021 00:01:27 GMT-0400 (Eastern Daylight Time),,,,,elder_disciplines
fMqevotDhV,,,,,,"{""*"":{""read"":true},""role:Administrator"":{""read"":true,""write"":true}}",Obtenebration: Tenebrous Ally,Wed Sep 01 2021 00:02:27 GMT-0400 (Eastern Daylight Time),,,,,,,,,,,,,,,,,,,Wed Sep 01 2021 00:02:07 GMT-0400 (Eastern Daylight Time),,,,,elder_disciplines
35DOyGczuY,,,,,,"{""*"":{""read"":true},""role:Administrator"":{""read"":true,""write"":true}}",Obtenebration: Shadowy Betrayal,Wed Sep 01 2021 00:02:17 GMT-0400 (Eastern Daylight Time),,,,,,,,,,,,,,,,,,,Wed Sep 01 2021 00:02:12 GMT-0400 (Eastern Daylight Time),,,,,elder_disciplines
cDKPWabkcP,,,,,,"{""*"":{""read"":true},""role:Administrator"":{""read"":true,""write"":true}}",Potence: Relentess Fury,Wed Sep 01 2021 00:03:56 GMT-0400 (Eastern Daylight Time),,,,,,,,,,,,,,,,,,,Wed Sep 01 2021 00:03:37 GMT-0400 (Eastern Daylight Time),,,,,elder_disciplines
bwmNJyUAZ7,,,,,,"{""*"":{""read"":true},""role:Administrator"":{""read"":true,""write"":true}}",Potence: Earth Shock,Wed Sep 01 2021 00:03:48 GMT-0400 (Eastern Daylight Time),,,,,,,,,,,,,,,,,,,Wed Sep 01 2021 00:03:43 GMT-0400 (Eastern Daylight Time),,,,,elder_disciplines
Mser9mzIZK,,,,,,"{""*"":{""read"":true},""role:Administrator"":{""read"":true,""write"":true}}",Presence: Comrades in Arms,Wed Sep 01 2021 00:04:37 GMT-0400 (Eastern Daylight Time),,,,,,,,,,,,,,,,,,,Wed Sep 01 2021 00:04:19 GMT-0400 (Eastern Daylight Time),,,,,elder_disciplines
noneuZ5jtc,,,,,,"{""*"":{""read"":true},""role:Administrator"":{""read"":true,""write"":true}}",Presence: Capricious Visage,Wed Sep 01 2021 00:04:29 GMT-0400 (Eastern Daylight Time),,,,,,,,,,,,,,,,,,,Wed Sep 01 2021 00:04:24 GMT-0400 (Eastern Daylight Time),,,,,elder_disciplines
t4Qjujyrih,,,,,,"{""*"":{""read"":true},""role:Administrator"":{""read"":true,""write"":true}}",Protean: Flesh of Marble,Wed Sep 01 2021 00:05:13 GMT-0400 (Eastern Daylight Time),,,,,,,,,,,,,,,,,,,Wed Sep 01 2021 00:04:58 GMT-0400 (Eastern Daylight Time),,,,,elder_disciplines
2HpvzsQKkM,,,,,,"{""*"":{""read"":true},""role:Administrator"":{""read"":true,""write"":true}}",Protean: Shattered Fog,Wed Sep 01 2021 00:05:21 GMT-0400 (Eastern Daylight Time),,,,,,,,,,,,,,,,,,,Wed Sep 01 2021 00:05:07 GMT-0400 (Eastern Daylight Time),,,,,elder_disciplines
gZmFPrTOAi,,,,,,"{""*"":{""read"":true},""role:Administrator"":{""read"":true,""write"":true}}",Quietus: Purification,Wed Sep 01 2021 00:05:55 GMT-0400 (Eastern Daylight Time),,,,,,,,,,,,,,,,,,,Wed Sep 01 2021 00:05:43 GMT-0400 (Eastern Daylight Time),,,,,elder_disciplines
GhS6aHbXub,,,,,,"{""*"":{""read"":true},""role:Administrator"":{""read"":true,""write"":true}}",Quietus: Revelations of Blood Essence,Wed Sep 01 2021 00:06:04 GMT-0400 (Eastern Daylight Time),,,,,,,,,,,,,,,,,,,Wed Sep 01 2021 00:05:49 GMT-0400 (Eastern Daylight Time),,,,,elder_disciplines
ZYuCt4GK7g,,,,,,"{""*"":{""read"":true},""role:Administrator"":{""read"":true,""write"":true}}",Serpentis: Spewing Venom,Wed Sep 01 2021 00:06:45 GMT-0400 (Eastern Daylight Time),,,,,,,,,,,,,,,,,,,Wed Sep 01 2021 00:06:28 GMT-0400 (Eastern Daylight Time),,,,,elder_disciplines
WDZxjaHZ99,,,,,,"{""*"":{""read"":true},""role:Administrator"":{""read"":true,""write"":true}}",Serpentis: Dust Devil,Wed Sep 01 2021 00:06:38 GMT-0400 (Eastern Daylight Time),,,,,,,,,,,,,,,,,,,Wed Sep 01 2021 00:06:34 GMT-0400 (Eastern Daylight Time),,,,,elder_disciplines
34VfxjHpLz,,,,,,"{""*"":{""read"":true},""role:Administrator"":{""read"":true,""write"":true}}",Thanatosis: Rigor Mortis,Wed Sep 01 2021 00:07:40 GMT-0400 (Eastern Daylight Time),,,,,,,,,,,,,,,,,,,Wed Sep 01 2021 00:07:11 GMT-0400 (Eastern Daylight Time),,,,,elder_disciplines
CaNjB3Ghr2,,,,,,"{""*"":{""read"":true},""role:Administrator"":{""read"":true,""write"":true}}",Thanatosis: One Foot in the Grave,Wed Sep 01 2021 00:07:27 GMT-0400 (Eastern Daylight Time),,,,,,,,,,,,,,,,,,,Wed Sep 01 2021 00:07:17 GMT-0400 (Eastern Daylight Time),,,,,elder_disciplines
pNvuMsyhw8,,,,,,"{""*"":{""read"":true},""role:Administrator"":{""read"":true,""write"":true}}",Vicissitude: Virtuoso Del Corpo,Wed Sep 01 2021 00:09:39 GMT-0400 (Eastern Daylight Time),,,,,,,,,,,,,,,,,,,Wed Sep 01 2021 00:09:22 GMT-0400 (Eastern Daylight Time),,,,,elder_disciplines
EhQWKeiXvD,,,,,,"{""*"":{""read"":true},""role:Administrator"":{""read"":true,""write"":true}}",Vicissitude: Cocoon,Wed Sep 01 2021 00:09:32 GMT-0400 (Eastern Daylight Time),,,,,,,,,,,,,,,,,,,Wed Sep 01 2021 00:09:28 GMT-0400 (Eastern Daylight Time),,,,,elder_disciplines
i33D88tl17,,,,,,"{""*"":{""read"":true},""role:Administrator"":{""read"":true,""write"":true}}",Visceratika: Meteor,Wed Sep 01 2021 00:10:20 GMT-0400 (Eastern Daylight Time),,,,,,,,,,,,,,,,,,,Wed Sep 01 2021 00:09:58 GMT-0400 (Eastern Daylight Time),,,,,elder_disciplines
4H2E27AAai,,,,,,"{""*"":{""read"":true},""role:Administrator"":{""read"":true,""write"":true}}",Visceratika: Cataclysmic Upheaval,Wed Sep 01 2021 00:10:10 GMT-0400 (Eastern Daylight Time),,,,,,,,,,,,,,,,,,,Wed Sep 01 2021 00:10:04 GMT-0400 (Eastern Daylight Time),,,,,elder_disciplines
JICLvRMkEn,,,,,,"{""*"":{""read"":true},""role:Administrator"":{""read"":true,""write"":true}}",Thaumaturgy: Green Path,Wed Sep 01 2021 00:15:56 GMT-0400 (Eastern Daylight Time),,,,,,,,,,,,,,,,,,,Wed Sep 01 2021 00:15:46 GMT-0400 (Eastern Daylight Time),,,,,disciplines
YwN7oAcsiz,,,,,,"{""*"":{""read"":true},""role:Administrator"":{""read"":true,""write"":true}}",Thaumaturgy: Path of Caelestikinesis,Wed Sep 01 2021 19:04:48 GMT-0400 (Eastern Daylight Time),,,,,,,,,,,,,,,,,,,Wed Sep 01 2021 00:17:14 GMT-0400 (Eastern Daylight Time),,,,,disciplines
QYdvFFhvCL,,,,,,"{""*"":{""read"":true},""role:Administrator"":{""read"":true,""write"":true}}",Thaumaturgy: Path of Caelestikinesis,Wed Sep 01 2021 19:32:22 GMT-0400 (Eastern Daylight Time),,,,,,,,,,,,,,,,,,,Wed Sep 01 2021 00:19:16 GMT-0400 (Eastern Daylight Time),,,,,extra_in_clan_disciplines
pHZAhyIoQW,,,,,,"{""*"":{""read"":true},""role:Administrator"":{""read"":true,""write"":true}}",Thaumaturgy: Green Path,Wed Sep 01 2021 00:19:42 GMT-0400 (Eastern Daylight Time),,,,,,,,,,,,,,,,,,,Wed Sep 01 2021 00:19:22 GMT-0400 (Eastern Daylight Time),,,,,extra_in_clan_disciplines
VN94vsQed4,,,,,,"{""*"":{""read"":true},""role:Administrator"":{""read"":true,""write"":true}}",Necromancy: Path of Grief,Wed Sep 01 2021 19:34:10 GMT-0400 (Eastern Daylight Time),,,,,,,,,,,,,,,,,,,Wed Sep 01 2021 00:20:31 GMT-0400 (Eastern Daylight Time),,,,,extra_in_clan_disciplines
mWm5CLCg7e,,,,,,"{""*"":{""read"":true},""role:Administrator"":{""read"":true,""write"":true}}",Necromancy: Path of Soul Bonding,Wed Sep 01 2021 19:34:15 GMT-0400 (Eastern Daylight Time),,,,,,,,,,,,,,,,,,,Wed Sep 01 2021 00:20:36 GMT-0400 (Eastern Daylight Time),,,,,extra_in_clan_disciplines
C0FvqIvWQx,,,,,,"{""*"":{""read"":true},""role:Administrator"":{""read"":true,""write"":true}}",Necromancy: Path of Grief,Wed Sep 01 2021 19:34:29 GMT-0400 (Eastern Daylight Time),,,,,,,,,,,,,,,,,,,Wed Sep 01 2021 00:23:25 GMT-0400 (Eastern Daylight Time),,,,,disciplines
yfYJP2Qi4e,,,,,,"{""*"":{""read"":true},""role:Administrator"":{""read"":true,""write"":true}}",Necromancy: Path of Soul Bonding,Wed Sep 01 2021 19:34:22 GMT-0400 (Eastern Daylight Time),,,,,,,,,,,,,,,,,,,Wed Sep 01 2021 00:23:30 GMT-0400 (Eastern Daylight Time),,,,,disciplines
RsdYT1FFHU,,,,,,"{""*"":{""read"":true},""role:Administrator"":{""read"":true,""write"":true}}",Assamite: Dual Caste,Wed Sep 01 2021 00:46:46 GMT-0400 (Eastern Daylight Time),,,,1,,Clan flaw for a second caste,,,,,,,,,,,,Clan,Wed Sep 01 2021 00:45:55 GMT-0400 (Eastern Daylight Time),,,,,flaws
PxOOXrW2l5,,,,,,"{""*"":{""read"":true},""role:Administrator"":{""read"":true,""write"":true}}",Assamite: Diluted Blood,Wed Sep 01 2021 00:50:05 GMT-0400 (Eastern Daylight Time),,,,2,,Clan flaw for a second caste,,,,,,,,,,,,Clan,Wed Sep 01 2021 00:48:06 GMT-0400 (Eastern Daylight Time),,,,,flaws
6bp6DlAF2h,,,,,,"{""*"":{""read"":true},""role:Administrator"":{""read"":true,""write"":true}}",Assamite: Unbroken,Wed Sep 01 2021 00:50:19 GMT-0400 (Eastern Daylight Time),,,,3,,Clan flaw for a second caste,,,,,,,,,,,,Clan,Wed Sep 01 2021 00:48:11 GMT-0400 (Eastern Daylight Time),,,,,flaws
Y8jSuiG0Ab,,,,,,"{""*"":{""read"":true},""role:Administrator"":{""read"":true,""write"":true}}",Brujah: Coldly Logical,Wed Sep 01 2021 00:50:33 GMT-0400 (Eastern Daylight Time),,,,1,,Clan flaw for a second caste,,,,,,,,,,,,Clan,Wed Sep 01 2021 00:48:51 GMT-0400 (Eastern Daylight Time),,,,,flaws
Jjj0aNkmbW,,,,,,"{""*"":{""read"":true},""role:Administrator"":{""read"":true,""write"":true}}",Brujah: Cowardly Beast,Wed Sep 01 2021 00:50:49 GMT-0400 (Eastern Daylight Time),,,,2,,Clan flaw for a second caste,,,,,,,,,,,,Clan,Wed Sep 01 2021 00:48:55 GMT-0400 (Eastern Daylight Time),,,,,flaws
ROLcMlnHnY,,,,,,"{""*"":{""read"":true},""role:Administrator"":{""read"":true,""write"":true}}",Followers of Set: Serpentine Physiology,Wed Sep 01 2021 00:52:04 GMT-0400 (Eastern Daylight Time),,,,3,,Clan flaw for a second caste,,,,,,,,,,,,Clan,Wed Sep 01 2021 00:49:16 GMT-0400 (Eastern Daylight Time),,,,,flaws
rhXqiXCP93,,,,,,"{""*"":{""read"":true},""role:Administrator"":{""read"":true,""write"":true}}",Brujah: Uncontrollable,Wed Sep 01 2021 00:51:08 GMT-0400 (Eastern Daylight Time),,,,3,,Clan flaw for a second caste,,,,,,,,,,,,Clan,Wed Sep 01 2021 00:49:16 GMT-0400 (Eastern Daylight Time),,,,,flaws
9VWc922olJ,,,,,,"{""*"":{""read"":true},""role:Administrator"":{""read"":true,""write"":true}}",Gangrel: Roadkill,Wed Sep 01 2021 00:52:14 GMT-0400 (Eastern Daylight Time),,,,1,,Clan flaw for a second caste,,,,,,,,,,,,Clan,Wed Sep 01 2021 00:49:16 GMT-0400 (Eastern Daylight Time),,,,,flaws
x8kCDm38u3,,,,,,"{""*"":{""read"":true},""role:Administrator"":{""read"":true,""write"":true}}",Followers of Set: Temperment of Storms,Wed Sep 01 2021 00:51:46 GMT-0400 (Eastern Daylight Time),,,,2,,Clan flaw for a second caste,,,,,,,,,,,,Clan,Wed Sep 01 2021 00:49:16 GMT-0400 (Eastern Daylight Time),,,,,flaws
lmZGCFnIu8,,,,,,"{""*"":{""read"":true},""role:Administrator"":{""read"":true,""write"":true}}",Followers of Set: Low Down and Dirty,Wed Sep 01 2021 00:51:22 GMT-0400 (Eastern Daylight Time),,,,1,,Clan flaw for a second caste,,,,,,,,,,,,Clan,Wed Sep 01 2021 00:49:16 GMT-0400 (Eastern Daylight Time),,,,,flaws
rb8VTuYs40,,,,,,"{""*"":{""read"":true},""role:Administrator"":{""read"":true,""write"":true}}",Malkavian: Overstimulated,Wed Sep 01 2021 00:54:36 GMT-0400 (Eastern Daylight Time),,,,3,,Clan flaw for a second caste,,,,,,,,,,,,Clan,Wed Sep 01 2021 00:49:41 GMT-0400 (Eastern Daylight Time),,,,,flaws
mtXqSbG4jV,,,,,,"{""*"":{""read"":true},""role:Administrator"":{""read"":true,""write"":true}}",Lasombra: Mancha's Disdain,Wed Sep 01 2021 00:53:46 GMT-0400 (Eastern Daylight Time),,,,3,,Clan flaw for a second caste,,,,,,,,,,,,Clan,Wed Sep 01 2021 00:49:41 GMT-0400 (Eastern Daylight Time),,,,,flaws
d4b1YuHhUN,,,,,,"{""*"":{""read"":true},""role:Administrator"":{""read"":true,""write"":true}}",Malkavian: Feeding Fetish,Wed Sep 01 2021 00:54:08 GMT-0400 (Eastern Daylight Time),,,,1,,Clan flaw for a second caste,,,,,,,,,,,,Clan,Wed Sep 01 2021 00:49:41 GMT-0400 (Eastern Daylight Time),,,,,flaws
HtgmgFzCJA,,,,,,"{""*"":{""read"":true},""role:Administrator"":{""read"":true,""write"":true}}",Malkavian: Number One Fan,Wed Sep 01 2021 00:54:22 GMT-0400 (Eastern Daylight Time),,,,2,,Clan flaw for a second caste,,,,,,,,,,,,Clan,Wed Sep 01 2021 00:49:41 GMT-0400 (Eastern Daylight Time),,,,,flaws
JPmDTD3iia,,,,,,"{""*"":{""read"":true},""role:Administrator"":{""read"":true,""write"":true}}",Nosferatu: Anosmia,Wed Sep 01 2021 00:56:02 GMT-0400 (Eastern Daylight Time),,,,1,,Clan flaw for a second caste,,,,,,,,,,,,Clan,Wed Sep 01 2021 00:49:41 GMT-0400 (Eastern Daylight Time),,,,,flaws
pMID0uZWuM,,,,,,"{""*"":{""read"":true},""role:Administrator"":{""read"":true,""write"":true}}",Gangrel: Species Speech,Wed Sep 01 2021 00:52:29 GMT-0400 (Eastern Daylight Time),,,,2,,Clan flaw for a second caste,,,,,,,,,,,,Clan,Wed Sep 01 2021 00:49:41 GMT-0400 (Eastern Daylight Time),,,,,flaws
iZ4nxxq4VZ,,,,,,"{""*"":{""read"":true},""role:Administrator"":{""read"":true,""write"":true}}",Lasombra: Insubordinate,Wed Sep 01 2021 00:53:16 GMT-0400 (Eastern Daylight Time),,,,2,,Clan flaw for a second caste,,,,,,,,,,,,Clan,Wed Sep 01 2021 00:49:41 GMT-0400 (Eastern Daylight Time),,,,,flaws
2G8VbRcd3Z,,,,,,"{""*"":{""read"":true},""role:Administrator"":{""read"":true,""write"":true}}",Gangrel: Rat in a Cage,Wed Sep 01 2021 00:52:41 GMT-0400 (Eastern Daylight Time),,,,3,,Clan flaw for a second caste,,,,,,,,,,,,Clan,Wed Sep 01 2021 00:49:41 GMT-0400 (Eastern Daylight Time),,,,,flaws
kYsQ7ovD7B,,,,,,"{""*"":{""read"":true},""role:Administrator"":{""read"":true,""write"":true}}",Lasombra: Death's Reflection,Wed Sep 01 2021 00:53:03 GMT-0400 (Eastern Daylight Time),,,,1,,Clan flaw for a second caste,,,,,,,,,,,,Clan,Wed Sep 01 2021 00:49:41 GMT-0400 (Eastern Daylight Time),,,,,flaws
UmeAezLt7W,,,,,,"{""*"":{""read"":true},""role:Administrator"":{""read"":true,""write"":true}}",Ventrue: Stuffed Shirt,Wed Sep 01 2021 01:00:06 GMT-0400 (Eastern Daylight Time),,,,1,,Clan flaw for a second caste,,,,,,,,,,,,Clan,Wed Sep 01 2021 00:55:13 GMT-0400 (Eastern Daylight Time),,,,,flaws
XSpoYPaQPc,,,,,,"{""*"":{""read"":true},""role:Administrator"":{""read"":true,""write"":true}}",Tremere: Spell Components,Wed Sep 01 2021 00:58:02 GMT-0400 (Eastern Daylight Time),,,,1,,Clan flaw for a second caste,,,,,,,,,,,,Clan,Wed Sep 01 2021 00:55:13 GMT-0400 (Eastern Daylight Time),,,,,flaws
AhUx8HNVZm,,,,,,"{""*"":{""read"":true},""role:Administrator"":{""read"":true,""write"":true}}",Toreador: Living Art,Wed Sep 01 2021 00:57:45 GMT-0400 (Eastern Daylight Time),,,,3,,Clan flaw for a second caste,,,,,,,,,,,,Clan,Wed Sep 01 2021 00:55:13 GMT-0400 (Eastern Daylight Time),,,,,flaws
Sd9grTnJ0i,,,,,,"{""*"":{""read"":true},""role:Administrator"":{""read"":true,""write"":true}}",Tremere: Twice Bound to the Council,Wed Sep 01 2021 00:58:30 GMT-0400 (Eastern Daylight Time),,,,3,,Clan flaw for a second caste,,,,,,,,,,,,Clan,Wed Sep 01 2021 00:55:13 GMT-0400 (Eastern Daylight Time),,,,,flaws
lye45CINPz,,,,,,"{""*"":{""read"":true},""role:Administrator"":{""read"":true,""write"":true}}",Tremere: Pedantic,Wed Sep 01 2021 00:58:27 GMT-0400 (Eastern Daylight Time),,,,2,,Clan flaw for a second caste,,,,,,,,,,,,Clan,Wed Sep 01 2021 00:55:13 GMT-0400 (Eastern Daylight Time),,,,,flaws
Fvnr3dF3nu,,,,,,"{""*"":{""read"":true},""role:Administrator"":{""read"":true,""write"":true}}",Nosferatu: Parasitic Infestation,Wed Sep 01 2021 00:56:58 GMT-0400 (Eastern Daylight Time),,,,3,,Clan flaw for a second caste,,,,,,,,,,,,Clan,Wed Sep 01 2021 00:55:13 GMT-0400 (Eastern Daylight Time),,,,,flaws
F6CNyNWyye,,,,,,"{""*"":{""read"":true},""role:Administrator"":{""read"":true,""write"":true}}",Toreador: Obsession,Wed Sep 01 2021 00:57:42 GMT-0400 (Eastern Daylight Time),,,,2,,Clan flaw for a second caste,,,,,,,,,,,,Clan,Wed Sep 01 2021 00:55:13 GMT-0400 (Eastern Daylight Time),,,,,flaws
VuSOKoNiDW,,,,,,"{""*"":{""read"":true},""role:Administrator"":{""read"":true,""write"":true}}",Nosferatu: Foul Blood,Wed Sep 01 2021 00:56:41 GMT-0400 (Eastern Daylight Time),,,,2,,Clan flaw for a second caste,,,,,,,,,,,,Clan,Wed Sep 01 2021 00:55:13 GMT-0400 (Eastern Daylight Time),,,,,flaws
EwFQ2dD2Gu,,,,,,"{""*"":{""read"":true},""role:Administrator"":{""read"":true,""write"":true}}",Toreador: Artless,Wed Sep 01 2021 00:57:16 GMT-0400 (Eastern Daylight Time),,,,1,,Clan flaw for a second caste,,,,,,,,,,,,Clan,Wed Sep 01 2021 00:55:13 GMT-0400 (Eastern Daylight Time),,,,,flaws
CF5pw6oWfX,,,,,,"{""*"":{""read"":true},""role:Administrator"":{""read"":true,""write"":true}}",Caitiff: Blackened Aura,Wed Sep 01 2021 01:01:03 GMT-0400 (Eastern Daylight Time),,,,3,,Clan flaw for a second caste,,,,,,,,,,,,Clan,Wed Sep 01 2021 00:56:15 GMT-0400 (Eastern Daylight Time),,,,,flaws
A8FZ125OeF,,,,,,"{""*"":{""read"":true},""role:Administrator"":{""read"":true,""write"":true}}",Cappadocian: Specters of the Past,Wed Sep 01 2021 01:01:55 GMT-0400 (Eastern Daylight Time),,,,2,,Clan flaw for a second caste,,,,,,,,,,,,Clan,Wed Sep 01 2021 00:56:15 GMT-0400 (Eastern Daylight Time),,,,,flaws
2UAMioo3Pr,,,,,,"{""*"":{""read"":true},""role:Administrator"":{""read"":true,""write"":true}}",Caitiff: Bad Luck,Wed Sep 01 2021 01:00:38 GMT-0400 (Eastern Daylight Time),,,,2,,Clan flaw for a second caste,,,,,,,,,,,,Clan,Wed Sep 01 2021 00:56:15 GMT-0400 (Eastern Daylight Time),,,,,flaws
RA5o62ft43,,,,,,"{""*"":{""read"":true},""role:Administrator"":{""read"":true,""write"":true}}",Daughters of Cacophany: Stage Fright,Wed Sep 01 2021 01:03:05 GMT-0400 (Eastern Daylight Time),,,,1,,Clan flaw for a second caste,,,,,,,,,,,,Clan,Wed Sep 01 2021 00:56:15 GMT-0400 (Eastern Daylight Time),,,,,flaws
xxODqXrfWX,,,,,,"{""*"":{""read"":true},""role:Administrator"":{""read"":true,""write"":true}}",Cappadocian: Falling Apart,Wed Sep 01 2021 01:02:06 GMT-0400 (Eastern Daylight Time),,,,3,,Clan flaw for a second caste,,,,,,,,,,,,Clan,Wed Sep 01 2021 00:56:15 GMT-0400 (Eastern Daylight Time),,,,,flaws
YodAxFCbu7,,,,,,"{""*"":{""read"":true},""role:Administrator"":{""read"":true,""write"":true}}",Ventrue: Cowardly Blood,Wed Sep 01 2021 01:00:12 GMT-0400 (Eastern Daylight Time),,,,3,,Clan flaw for a second caste,,,,,,,,,,,,Clan,Wed Sep 01 2021 00:56:15 GMT-0400 (Eastern Daylight Time),,,,,flaws
9SnaxgGo2i,,,,,,"{""*"":{""read"":true},""role:Administrator"":{""read"":true,""write"":true}}",Cappadocian: Selective Memory,Wed Sep 01 2021 01:01:36 GMT-0400 (Eastern Daylight Time),,,,1,,Clan flaw for a second caste,,,,,,,,,,,,Clan,Wed Sep 01 2021 00:56:15 GMT-0400 (Eastern Daylight Time),,,,,flaws
OVv0sfMWaN,,,,,,"{""*"":{""read"":true},""role:Administrator"":{""read"":true,""write"":true}}",Ventrue: Non-Serviam,Wed Sep 01 2021 01:00:08 GMT-0400 (Eastern Daylight Time),,,,2,,Clan flaw for a second caste,,,,,,,,,,,,Clan,Wed Sep 01 2021 00:56:15 GMT-0400 (Eastern Daylight Time),,,,,flaws
2Ne3gTkrsM,,,,,,"{""*"":{""read"":true},""role:Administrator"":{""read"":true,""write"":true}}",Caitiff: Discipline Illiterate,Wed Sep 01 2021 01:01:06 GMT-0400 (Eastern Daylight Time),,,,1,,Clan flaw for a second caste,,,,,,,,,,,,Clan,Wed Sep 01 2021 00:56:15 GMT-0400 (Eastern Daylight Time),,,,,flaws
eK8lsekzL4,,,,,,"{""*"":{""read"":true},""role:Administrator"":{""read"":true,""write"":true}}",Gargoyle: Clay Pigeon,Wed Sep 01 2021 01:04:21 GMT-0400 (Eastern Daylight Time),,,,3,,Clan flaw for a second caste,,,,,,,,,,,,Clan,Wed Sep 01 2021 01:02:32 GMT-0400 (Eastern Daylight Time),,,,,flaws
NBIpX2zCr5,,,,,,"{""*"":{""read"":true},""role:Administrator"":{""read"":true,""write"":true}}",Gargoyle: Lead Foot,Wed Sep 01 2021 01:04:06 GMT-0400 (Eastern Daylight Time),,,,2,,Clan flaw for a second caste,,,,,,,,,,,,Clan,Wed Sep 01 2021 01:02:32 GMT-0400 (Eastern Daylight Time),,,,,flaws
9eC6Vf844e,,,,,,"{""*"":{""read"":true},""role:Administrator"":{""read"":true,""write"":true}}",Daughters of Cacophany: Tone Deaf,Wed Sep 01 2021 01:03:39 GMT-0400 (Eastern Daylight Time),,,,3,,Clan flaw for a second caste,,,,,,,,,,,,Clan,Wed Sep 01 2021 01:02:32 GMT-0400 (Eastern Daylight Time),,,,,flaws
4Gh7COOmQU,,,,,,"{""*"":{""read"":true},""role:Administrator"":{""read"":true,""write"":true}}",Gargoyle: Stone Scarecrow,Wed Sep 01 2021 01:03:55 GMT-0400 (Eastern Daylight Time),,,,1,,Clan flaw for a second caste,,,,,,,,,,,,Clan,Wed Sep 01 2021 01:02:32 GMT-0400 (Eastern Daylight Time),,,,,flaws
cOK6PCoMQu,,,,,,"{""*"":{""read"":true},""role:Administrator"":{""read"":true,""write"":true}}",Daughters of Cacophany: No Encore,Wed Sep 01 2021 01:03:26 GMT-0400 (Eastern Daylight Time),,,,2,,Clan flaw for a second caste,,,,,,,,,,,,Clan,Wed Sep 01 2021 01:02:32 GMT-0400 (Eastern Daylight Time),,,,,flaws
kOmAPq9Ak4,,,,,,"{""*"":{""read"":true},""role:Administrator"":{""read"":true,""write"":true}}",Catch a Whiff of Madness,Wed Sep 01 2021 01:13:47 GMT-0400 (Eastern Daylight Time),,,,,,,,,,,,,,,,,,,Wed Sep 01 2021 01:11:50 GMT-0400 (Eastern Daylight Time),,,,,techniques
pzrOwMfeXP,,,,,,"{""*"":{""read"":true},""role:Administrator"":{""read"":true,""write"":true}}",Quicksilver Contemplation,Wed Sep 01 2021 01:14:15 GMT-0400 (Eastern Daylight Time),,,,,,,,,,,,,,,,,,,Wed Sep 01 2021 01:11:50 GMT-0400 (Eastern Daylight Time),,,,,techniques
jBCG0128TS,,,,,,"{""*"":{""read"":true},""role:Administrator"":{""read"":true,""write"":true}}",Madman's Quill,Wed Sep 01 2021 01:13:55 GMT-0400 (Eastern Daylight Time),,,,,,,,,,,,,,,,,,,Wed Sep 01 2021 01:11:50 GMT-0400 (Eastern Daylight Time),,,,,techniques
D158FJ6vsI,,,,,,"{""*"":{""read"":true},""role:Administrator"":{""read"":true,""write"":true}}",The Iron Glare,Wed Sep 01 2021 01:14:24 GMT-0400 (Eastern Daylight Time),,,,,,,,,,,,,,,,,,,Wed Sep 01 2021 01:11:50 GMT-0400 (Eastern Daylight Time),,,,,techniques
7RW8LAkbN7,,,,,,"{""*"":{""read"":true},""role:Administrator"":{""read"":true,""write"":true}}",Alpha of the Pack,Wed Sep 01 2021 01:13:38 GMT-0400 (Eastern Daylight Time),,,,,,,,,,,,,,,,,,,Wed Sep 01 2021 01:11:50 GMT-0400 (Eastern Daylight Time),,,,,techniques
M4zY5nvkVC,,,,,,"{""*"":{""read"":true},""role:Administrator"":{""read"":true,""write"":true}}",Kinetic Wave,Wed Sep 01 2021 01:13:13 GMT-0400 (Eastern Daylight Time),,,,,,,,,,,,,,,,,,,Wed Sep 01 2021 01:11:50 GMT-0400 (Eastern Daylight Time),,,,,techniques
4gc40FzHV4,,,,,,"{""*"":{""read"":true},""role:Administrator"":{""read"":true,""write"":true}}",Prevailing Force,Wed Sep 01 2021 01:13:04 GMT-0400 (Eastern Daylight Time),,,,,,,,,,,,,,,,,,,Wed Sep 01 2021 01:11:50 GMT-0400 (Eastern Daylight Time),,,,,techniques
pDGD8MyJIO,,,,,,"{""*"":{""read"":true},""role:Administrator"":{""read"":true,""write"":true}}",Perfected Insticts,Wed Sep 01 2021 01:13:30 GMT-0400 (Eastern Daylight Time),,,,,,,,,,,,,,,,,,,Wed Sep 01 2021 01:11:50 GMT-0400 (Eastern Daylight Time),,,,,techniques
KSRsWe5vQa,,,,,,"{""*"":{""read"":true},""role:Administrator"":{""read"":true,""write"":true}}",Wall of Force,Wed Sep 01 2021 01:13:21 GMT-0400 (Eastern Daylight Time),,,,,,,,,,,,,,,,,,,Wed Sep 01 2021 01:11:50 GMT-0400 (Eastern Daylight Time),,,,,techniques
XNegf6PXWm,,,,,,"{""*"":{""read"":true},""role:Administrator"":{""read"":true,""write"":true}}",Instantaneous Transformation,Wed Sep 01 2021 01:15:22 GMT-0400 (Eastern Daylight Time),,,,,,,,,,,,,,,,,,,Wed Sep 01 2021 01:12:29 GMT-0400 (Eastern Daylight Time),,,,,techniques
FE8785eqwd,,,,,,"{""*"":{""read"":true},""role:Administrator"":{""read"":true,""write"":true}}",Poisonous Thoughts,Wed Sep 01 2021 01:15:36 GMT-0400 (Eastern Daylight Time),,,,,,,,,,,,,,,,,,,Wed Sep 01 2021 01:12:29 GMT-0400 (Eastern Daylight Time),,,,,techniques
ILSXNKZTSe,,,,,,"{""*"":{""read"":true},""role:Administrator"":{""read"":true,""write"":true}}",Saguinary Expulsion,Wed Sep 01 2021 01:15:05 GMT-0400 (Eastern Daylight Time),,,,,,,,,,,,,,,,,,,Wed Sep 01 2021 01:12:29 GMT-0400 (Eastern Daylight Time),,,,,techniques
TmemM5JiGI,,,,,,"{""*"":{""read"":true},""role:Administrator"":{""read"":true,""write"":true}}",Distant Friend,Wed Sep 01 2021 01:15:14 GMT-0400 (Eastern Daylight Time),,,,,,,,,,,,,,,,,,,Wed Sep 01 2021 01:12:29 GMT-0400 (Eastern Daylight Time),,,,,techniques
DyD8dCu6fR,,,,,,"{""*"":{""read"":true},""role:Administrator"":{""read"":true,""write"":true}}",Cunning Counselor,Wed Sep 01 2021 01:15:45 GMT-0400 (Eastern Daylight Time),,,,,,,,,,,,,,,,,,,Wed Sep 01 2021 01:12:29 GMT-0400 (Eastern Daylight Time),,,,,techniques
kTSWe0jhIG,,,,,,"{""*"":{""read"":true},""role:Administrator"":{""read"":true,""write"":true}}",Bliss,Wed Sep 01 2021 01:14:49 GMT-0400 (Eastern Daylight Time),,,,,,,,,,,,,,,,,,,Wed Sep 01 2021 01:12:29 GMT-0400 (Eastern Daylight Time),,,,,techniques
qInqDRgSC2,,,,,,"{""*"":{""read"":true},""role:Administrator"":{""read"":true,""write"":true}}",Suck It Up,Wed Sep 01 2021 01:14:40 GMT-0400 (Eastern Daylight Time),,,,,,,,,,,,,,,,,,,Wed Sep 01 2021 01:12:29 GMT-0400 (Eastern Daylight Time),,,,,techniques
0gvW4DSTin,,,,,,"{""*"":{""read"":true},""role:Administrator"":{""read"":true,""write"":true}}",Unlock the Hidden Talent,Wed Sep 01 2021 01:14:57 GMT-0400 (Eastern Daylight Time),,,,,,,,,,,,,,,,,,,Wed Sep 01 2021 01:12:29 GMT-0400 (Eastern Daylight Time),,,,,techniques
iBu5zJhIoo,,,,,,"{""*"":{""read"":true},""role:Administrator"":{""read"":true,""write"":true}}",Memory Rift,Wed Sep 01 2021 01:14:31 GMT-0400 (Eastern Daylight Time),,,,,,,,,,,,,,,,,,,Wed Sep 01 2021 01:12:29 GMT-0400 (Eastern Daylight Time),,,,,techniques
E36Ca1cN7y,,,,,,"{""*"":{""read"":true},""role:Administrator"":{""read"":true,""write"":true}}",Thaumaturgy: Greater Bond of Servitude,Wed Sep 01 2021 02:33:08 GMT-0400 (Eastern Daylight Time),,,,1,,,,,,,,,,,,,,,Wed Sep 01 2021 02:31:49 GMT-0400 (Eastern Daylight Time),,,,,rituals
gdklMWkf3k,,,,,,"{""*"":{""read"":true},""role:Administrator"":{""read"":true,""write"":true}}",Thaumaturgy: Preservation of the Perfect Form,Wed Sep 01 2021 02:33:40 GMT-0400 (Eastern Daylight Time),,,,1,,,,,,,,,,,,,,,Wed Sep 01 2021 02:31:49 GMT-0400 (Eastern Daylight Time),,,,,rituals
CSoneJKzJ2,,,,,,"{""*"":{""read"":true},""role:Administrator"":{""read"":true,""write"":true}}",Thaumaturgy: Humanity's Folly,Wed Sep 01 2021 02:33:18 GMT-0400 (Eastern Daylight Time),,,,1,,,,,,,,,,,,,,,Wed Sep 01 2021 02:31:49 GMT-0400 (Eastern Daylight Time),,,,,rituals
rADaJX0ORk,,,,,,"{""*"":{""read"":true},""role:Administrator"":{""read"":true,""write"":true}}",Thaumaturgy: Milk of Set (Setite),Wed Sep 01 2021 02:33:30 GMT-0400 (Eastern Daylight Time),,,,1,,,,,,,,,,,,,,,Wed Sep 01 2021 02:31:49 GMT-0400 (Eastern Daylight Time),,,,,rituals
zAiCnhfqH5,,,,,,"{""*"":{""read"":true},""role:Administrator"":{""read"":true,""write"":true}}",Thaumaturgy: Encrypt Missive,Wed Sep 01 2021 02:32:59 GMT-0400 (Eastern Daylight Time),,,,1,,,,,,,,,,,,,,,Wed Sep 01 2021 02:31:49 GMT-0400 (Eastern Daylight Time),,,,,rituals
R9xKCuNKgg,,,,,,"{""*"":{""read"":true},""role:Administrator"":{""read"":true,""write"":true}}",Thaumaturgy: Scent of Deception (Assamite),Wed Sep 01 2021 02:34:22 GMT-0400 (Eastern Daylight Time),,,,1,,,,,,,,,,,,,,,Wed Sep 01 2021 02:31:49 GMT-0400 (Eastern Daylight Time),,,,,rituals
EnPaBZNBik,,,,,,"{""*"":{""read"":true},""role:Administrator"":{""read"":true,""write"":true}}",Thaumaturgy: Whispers of the Ghost,Wed Sep 01 2021 02:34:33 GMT-0400 (Eastern Daylight Time),,,,1,,,,,,,,,,,,,,,Wed Sep 01 2021 02:31:49 GMT-0400 (Eastern Daylight Time),,,,,rituals
jEsBJ7d1mL,,,,,,"{""*"":{""read"":true},""role:Administrator"":{""read"":true,""write"":true}}",Thaumaturgy: Rite of Introduction (Tremere),Wed Sep 01 2021 02:34:11 GMT-0400 (Eastern Daylight Time),,,,1,,,,,,,,,,,,,,,Wed Sep 01 2021 02:31:49 GMT-0400 (Eastern Daylight Time),,,,,rituals
3tiNDhOaut,,,,,,"{""*"":{""read"":true},""role:Administrator"":{""read"":true,""write"":true}}",Thaumaturgy: Reawaken the Dead Water (Koldun),Wed Sep 01 2021 02:34:01 GMT-0400 (Eastern Daylight Time),,,,1,,,,,,,,,,,,,,,Wed Sep 01 2021 02:31:49 GMT-0400 (Eastern Daylight Time),,,,,rituals
Tb7fepJF5C,,,,,,"{""*"":{""read"":true},""role:Administrator"":{""read"":true,""write"":true}}",Thaumaturgy: Blood Wine,Wed Sep 01 2021 02:32:41 GMT-0400 (Eastern Daylight Time),,,,1,,,,,,,,,,,,,,,Wed Sep 01 2021 02:31:57 GMT-0400 (Eastern Daylight Time),,,,,rituals
BoEFOHpnJE,,,,,,"{""*"":{""read"":true},""role:Administrator"":{""read"":true,""write"":true}}",Thaumaturgy: Digital Sentry,Wed Sep 01 2021 02:32:50 GMT-0400 (Eastern Daylight Time),,,,1,,,,,,,,,,,,,,,Wed Sep 01 2021 02:31:57 GMT-0400 (Eastern Daylight Time),,,,,rituals
RCBZcWGqsG,,,,,,"{""*"":{""read"":true},""role:Administrator"":{""read"":true,""write"":true}}",Thaumaturgy: Imbued Offering,Wed Sep 01 2021 02:39:32 GMT-0400 (Eastern Daylight Time),,,,2,,,,,,,,,,,,,,,Wed Sep 01 2021 02:37:16 GMT-0400 (Eastern Daylight Time),,,,,rituals
gPtr4ewDQ6,,,,,,"{""*"":{""read"":true},""role:Administrator"":{""read"":true,""write"":true}}",Thaumaturgy: Kiss of the Asp (Assamite) ,Wed Sep 01 2021 02:39:45 GMT-0400 (Eastern Daylight Time),,,,2,,,,,,,,,,,,,,,Wed Sep 01 2021 02:37:16 GMT-0400 (Eastern Daylight Time),,,,,rituals
Q7QoAwnw9Y,,,,,,"{""*"":{""read"":true},""role:Administrator"":{""read"":true,""write"":true}}",Thaumaturgy: Proximity Ward,Wed Sep 01 2021 02:40:55 GMT-0400 (Eastern Daylight Time),,,,2,,,,,,,,,,,,,,,Wed Sep 01 2021 02:37:16 GMT-0400 (Eastern Daylight Time),,,,,rituals
VAo3Rng1Gu,,,,,,"{""*"":{""read"":true},""role:Administrator"":{""read"":true,""write"":true}}",Thaumaturgy: Plausible Deniability,Wed Sep 01 2021 02:40:46 GMT-0400 (Eastern Daylight Time),,,,2,,,,,,,,,,,,,,,Wed Sep 01 2021 02:37:16 GMT-0400 (Eastern Daylight Time),,,,,rituals
ZY9uE6f5nd,,,,,,"{""*"":{""read"":true},""role:Administrator"":{""read"":true,""write"":true}}",Thaumaturgy: Mnemosyne Crystal (Tremere),Wed Sep 01 2021 02:40:29 GMT-0400 (Eastern Daylight Time),,,,2,,,,,,,,,,,,,,,Wed Sep 01 2021 02:37:16 GMT-0400 (Eastern Daylight Time),,,,,rituals
jpOLCHsSfr,,,,,,"{""*"":{""read"":true},""role:Administrator"":{""read"":true,""write"":true}}",Thaumaturgy: Telekinetic Attunement,Wed Sep 01 2021 02:41:15 GMT-0400 (Eastern Daylight Time),,,,2,,,,,,,,,,,,,,,Wed Sep 01 2021 02:37:16 GMT-0400 (Eastern Daylight Time),,,,,rituals
EG0EKZ3D7K,,,,,,"{""*"":{""read"":true},""role:Administrator"":{""read"":true,""write"":true}}",Thaumaturgy: Unerring Combustion,Wed Sep 01 2021 02:41:23 GMT-0400 (Eastern Daylight Time),,,,2,,,,,,,,,,,,,,,Wed Sep 01 2021 02:37:16 GMT-0400 (Eastern Daylight Time),,,,,rituals
Iif0X57I2a,,,,,,"{""*"":{""read"":true},""role:Administrator"":{""read"":true,""write"":true}}",Thaumaturgy: Way of Flame (Koldun) ,Wed Sep 01 2021 02:41:32 GMT-0400 (Eastern Daylight Time),,,,2,,,,,,,,,,,,,,,Wed Sep 01 2021 02:37:16 GMT-0400 (Eastern Daylight Time),,,,,rituals
G7xEUFdl61,,,,,,"{""*"":{""read"":true},""role:Administrator"":{""read"":true,""write"":true}}",Thaumaturgy: Purity of Flesh,Wed Sep 01 2021 02:41:06 GMT-0400 (Eastern Daylight Time),,,,2,,,,,,,,,,,,,,,Wed Sep 01 2021 02:37:16 GMT-0400 (Eastern Daylight Time),,,,,rituals
q98yes9fO9,,,,,,"{""*"":{""read"":true},""role:Administrator"":{""read"":true,""write"":true}}",Thaumaturgy: Blood Walk,Wed Sep 01 2021 02:39:14 GMT-0400 (Eastern Daylight Time),,,,2,,,,,,,,,,,,,,,Wed Sep 01 2021 02:37:25 GMT-0400 (Eastern Daylight Time),,,,,rituals
PdFtUJLLix,,,,,,"{""*"":{""read"":true},""role:Administrator"":{""read"":true,""write"":true}}",Thaumaturgy: Canopic Jar (Setite),Wed Sep 01 2021 02:39:24 GMT-0400 (Eastern Daylight Time),,,,2,,,,,,,,,,,,,,,Wed Sep 01 2021 02:37:25 GMT-0400 (Eastern Daylight Time),,,,,rituals
FlTSfs2e1R,,,,,,"{""*"":{""read"":true},""role:Administrator"":{""read"":true,""write"":true}}",Thaumaturgy: Traitor's Deception,Wed Sep 01 2021 02:44:27 GMT-0400 (Eastern Daylight Time),,,,3,,,,,,,,,,,,,,,Wed Sep 01 2021 02:42:10 GMT-0400 (Eastern Daylight Time),,,,,rituals
hwjeyyym2g,,,,,,"{""*"":{""read"":true},""role:Administrator"":{""read"":true,""write"":true}}",Thaumaturgy: Rite of Chantry Dedication (Tremere) ,Wed Sep 01 2021 02:44:08 GMT-0400 (Eastern Daylight Time),,,,3,,,,,,,,,,,,,,,Wed Sep 01 2021 02:42:10 GMT-0400 (Eastern Daylight Time),,,,,rituals
IMgbszf7q9,,,,,,"{""*"":{""read"":true},""role:Administrator"":{""read"":true,""write"":true}}",Thaumaturgy: Thaumaturgical Metabolism,Wed Sep 01 2021 02:44:16 GMT-0400 (Eastern Daylight Time),,,,3,,,,,,,,,,,,,,,Wed Sep 01 2021 02:42:10 GMT-0400 (Eastern Daylight Time),,,,,rituals
sriRE2tEFv,,,,,,"{""*"":{""read"":true},""role:Administrator"":{""read"":true,""write"":true}}",Thaumaturgy: Reverse Protocol,Wed Sep 01 2021 02:43:58 GMT-0400 (Eastern Daylight Time),,,,3,,,,,,,,,,,,,,,Wed Sep 01 2021 02:42:10 GMT-0400 (Eastern Daylight Time),,,,,rituals
Lfo17WNA7O,,,,,,"{""*"":{""read"":true},""role:Administrator"":{""read"":true,""write"":true}}",Thaumaturgy: Jinun's Bane (Assamite) ,Wed Sep 01 2021 02:43:50 GMT-0400 (Eastern Daylight Time),,,,3,,,,,,,,,,,,,,,Wed Sep 01 2021 02:42:10 GMT-0400 (Eastern Daylight Time),,,,,rituals
0eVPL22nty,,,,,,"{""*"":{""read"":true},""role:Administrator"":{""read"":true,""write"":true}}",Thaumaturgy: Hand of Path (Setite) ,Wed Sep 01 2021 02:43:29 GMT-0400 (Eastern Daylight Time),,,,3,,,,,,,,,,,,,,,Wed Sep 01 2021 02:42:10 GMT-0400 (Eastern Daylight Time),,,,,rituals
bXI9LHBtnV,,,,,,"{""*"":{""read"":true},""role:Administrator"":{""read"":true,""write"":true}}",Thaumaturgy: Indelible Mark,Wed Sep 01 2021 02:43:39 GMT-0400 (Eastern Daylight Time),,,,3,,,,,,,,,,,,,,,Wed Sep 01 2021 02:42:10 GMT-0400 (Eastern Daylight Time),,,,,rituals
ehT6NKtAZe,,,,,,"{""*"":{""read"":true},""role:Administrator"":{""read"":true,""write"":true}}",Thaumaturgy: Fool the Future,Wed Sep 01 2021 02:43:17 GMT-0400 (Eastern Daylight Time),,,,3,,,,,,,,,,,,,,,Wed Sep 01 2021 02:42:10 GMT-0400 (Eastern Daylight Time),,,,,rituals
Z0BmhqZYS0,,,,,,"{""*"":{""read"":true},""role:Administrator"":{""read"":true,""write"":true}}",Thaumaturgy: Firewalker,Wed Sep 01 2021 02:43:06 GMT-0400 (Eastern Daylight Time),,,,3,,,,,,,,,,,,,,,Wed Sep 01 2021 02:42:10 GMT-0400 (Eastern Daylight Time),,,,,rituals
Qe7nwD5pj7,,,,,,"{""*"":{""read"":true},""role:Administrator"":{""read"":true,""write"":true}}",Thaumaturgy: Way of the Wind (Koldun),Wed Sep 01 2021 02:44:38 GMT-0400 (Eastern Daylight Time),,,,3,,,,,,,,,,,,,,,Wed Sep 01 2021 02:42:15 GMT-0400 (Eastern Daylight Time),,,,,rituals
XinJX74llp,,,,,,"{""*"":{""read"":true},""role:Administrator"":{""read"":true,""write"":true}}",Thaumaturgy: Conjoined Psyche,Wed Sep 01 2021 02:46:45 GMT-0400 (Eastern Daylight Time),,,,4,,,,,,,,,,,,,,,Wed Sep 01 2021 02:45:07 GMT-0400 (Eastern Daylight Time),,,,,rituals
8WAx2yVp6U,,,,,,"{""*"":{""read"":true},""role:Administrator"":{""read"":true,""write"":true}}",Thaumaturgy: Broken Eye of Anubis (Setite),Wed Sep 01 2021 02:46:36 GMT-0400 (Eastern Daylight Time),,,,4,,,,,,,,,,,,,,,Wed Sep 01 2021 02:45:07 GMT-0400 (Eastern Daylight Time),,,,,rituals
hlN8ddB5j8,,,,,,"{""*"":{""read"":true},""role:Administrator"":{""read"":true,""write"":true}}",Thaumaturgy: Battle Ward,Wed Sep 01 2021 02:46:26 GMT-0400 (Eastern Daylight Time),,,,4,,,,,,,,,,,,,,,Wed Sep 01 2021 02:45:07 GMT-0400 (Eastern Daylight Time),,,,,rituals
H0gSILmnOl,,,,,,"{""*"":{""read"":true},""role:Administrator"":{""read"":true,""write"":true}}",Thaumaturgy: Dead Zone,Wed Sep 01 2021 02:46:53 GMT-0400 (Eastern Daylight Time),,,,4,,,,,,,,,,,,,,,Wed Sep 01 2021 02:45:07 GMT-0400 (Eastern Daylight Time),,,,,rituals
KxqGRPDtKc,,,,,,"{""*"":{""read"":true},""role:Administrator"":{""read"":true,""write"":true}}",Thaumaturgy: Induce Bloodthirst,Wed Sep 01 2021 02:47:00 GMT-0400 (Eastern Daylight Time),,,,4,,,,,,,,,,,,,,,Wed Sep 01 2021 02:45:07 GMT-0400 (Eastern Daylight Time),,,,,rituals
2KU3n2z19o,,,,,,"{""*"":{""read"":true},""role:Administrator"":{""read"":true,""write"":true}}",Thaumaturgy: Power of the Pyramid (Tremere),Wed Sep 01 2021 02:47:19 GMT-0400 (Eastern Daylight Time),,,,4,,,,,,,,,,,,,,,Wed Sep 01 2021 02:45:07 GMT-0400 (Eastern Daylight Time),,,,,rituals
i18cUml7Ic,,,,,,"{""*"":{""read"":true},""role:Administrator"":{""read"":true,""write"":true}}",Thaumaturgy: Way of the Earth (Koldun) ,Wed Sep 01 2021 02:47:39 GMT-0400 (Eastern Daylight Time),,,,4,,,,,,,,,,,,,,,Wed Sep 01 2021 02:45:07 GMT-0400 (Eastern Daylight Time),,,,,rituals
PnKO4GmWlS,,,,,,"{""*"":{""read"":true},""role:Administrator"":{""read"":true,""write"":true}}",Thaumaturgy: Perfect Forgery,Wed Sep 01 2021 02:47:08 GMT-0400 (Eastern Daylight Time),,,,4,,,,,,,,,,,,,,,Wed Sep 01 2021 02:45:07 GMT-0400 (Eastern Daylight Time),,,,,rituals
nrXKNLcFkB,,,,,,"{""*"":{""read"":true},""role:Administrator"":{""read"":true,""write"":true}}",Thaumaturgy: Shakari's Shroud (Assamite) ,Wed Sep 01 2021 02:47:29 GMT-0400 (Eastern Daylight Time),,,,4,,,,,,,,,,,,,,,Wed Sep 01 2021 02:45:07 GMT-0400 (Eastern Daylight Time),,,,,rituals
2QXHUp566o,,,,,,"{""*"":{""read"":true},""role:Administrator"":{""read"":true,""write"":true}}",Thaumaturgy: Fell Incantation,Wed Sep 01 2021 02:49:29 GMT-0400 (Eastern Daylight Time),,,,5,,,,,,,,,,,,,,,Wed Sep 01 2021 02:48:09 GMT-0400 (Eastern Daylight Time),,,,,rituals
YPyrzEjnzK,,,,,,"{""*"":{""read"":true},""role:Administrator"":{""read"":true,""write"":true}}",Thaumaturgy: Lightning Rod,Wed Sep 01 2021 02:49:37 GMT-0400 (Eastern Daylight Time),,,,5,,,,,,,,,,,,,,,Wed Sep 01 2021 02:48:09 GMT-0400 (Eastern Daylight Time),,,,,rituals
maio0gfWze,,,,,,"{""*"":{""read"":true},""role:Administrator"":{""read"":true,""write"":true}}",Thaumaturgy: Conduit of Fate,Wed Sep 01 2021 02:49:23 GMT-0400 (Eastern Daylight Time),,,,5,,,,,,,,,,,,,,,Wed Sep 01 2021 02:48:09 GMT-0400 (Eastern Daylight Time),,,,,rituals
bTVE1FL48j,,,,,,"{""*"":{""read"":true},""role:Administrator"":{""read"":true,""write"":true}}",Thaumaturgy: Certamen (Tremere),Wed Sep 01 2021 02:49:14 GMT-0400 (Eastern Daylight Time),,,,5,,,,,,,,,,,,,,,Wed Sep 01 2021 02:48:09 GMT-0400 (Eastern Daylight Time),,,,,rituals
90JdL0wKGR,,,,,,"{""*"":{""read"":true},""role:Administrator"":{""read"":true,""write"":true}}",Thaumaturgy: Blade of the Eternal Thirst ,Wed Sep 01 2021 02:49:00 GMT-0400 (Eastern Daylight Time),,,,5,,,,,,,,,,,,,,,Wed Sep 01 2021 02:48:09 GMT-0400 (Eastern Daylight Time),,,,,rituals
k6bTOZmgBc,,,,,,"{""*"":{""read"":true},""role:Administrator"":{""read"":true,""write"":true}}",Thaumaturgy: Severing Sands (Setite),Wed Sep 01 2021 02:49:57 GMT-0400 (Eastern Daylight Time),,,,5,,,,,,,,,,,,,,,Wed Sep 01 2021 02:48:09 GMT-0400 (Eastern Daylight Time),,,,,rituals
1lA2hqNw3i,,,,,,"{""*"":{""read"":true},""role:Administrator"":{""read"":true,""write"":true}}",Thaumaturgy: Way of the Supreme (Koldun) ,Wed Sep 01 2021 02:50:08 GMT-0400 (Eastern Daylight Time),,,,5,,,,,,,,,,,,,,,Wed Sep 01 2021 02:48:09 GMT-0400 (Eastern Daylight Time),,,,,rituals
0PRfIDNqID,,,,,,"{""*"":{""read"":true},""role:Administrator"":{""read"":true,""write"":true}}",Thaumaturgy: Rite of Marduk Slain and Risen (Assamite),Wed Sep 01 2021 02:49:47 GMT-0400 (Eastern Daylight Time),,,,5,,,,,,,,,,,,,,,Wed Sep 01 2021 02:48:09 GMT-0400 (Eastern Daylight Time),,,,,rituals
L1OhaWCprA,,,,,,"{""*"":{""read"":true},""role:Administrator"":{""read"":true,""write"":true}}",Necromancy: Guiding Spirits,Wed Sep 01 2021 02:52:55 GMT-0400 (Eastern Daylight Time),,,,1,,,,,,,,,,,,,,,Wed Sep 01 2021 02:51:43 GMT-0400 (Eastern Daylight Time),,,,,rituals
CN0nprlgCt,,,,,,"{""*"":{""read"":true},""role:Administrator"":{""read"":true,""write"":true}}",Necromancy: Sip of Death,Wed Sep 01 2021 02:53:10 GMT-0400 (Eastern Daylight Time),,,,1,,,,,,,,,,,,,,,Wed Sep 01 2021 02:51:43 GMT-0400 (Eastern Daylight Time),,,,,rituals
DKB8g5ALnX,,,,,,"{""*"":{""read"":true},""role:Administrator"":{""read"":true,""write"":true}}",Necromancy: Grave Robber's Boon,Wed Sep 01 2021 02:52:46 GMT-0400 (Eastern Daylight Time),,,,1,,,,,,,,,,,,,,,Wed Sep 01 2021 02:51:43 GMT-0400 (Eastern Daylight Time),,,,,rituals
Tj5wyNMnmp,,,,,,"{""*"":{""read"":true},""role:Administrator"":{""read"":true,""write"":true}}",Necromancy: Silver Thread,Wed Sep 01 2021 02:53:02 GMT-0400 (Eastern Daylight Time),,,,1,,,,,,,,,,,,,,,Wed Sep 01 2021 02:51:43 GMT-0400 (Eastern Daylight Time),,,,,rituals
aiX4wf2Geg,,,,,,"{""*"":{""read"":true},""role:Administrator"":{""read"":true,""write"":true}}",Necromancy: Ghost in the System,Wed Sep 01 2021 02:52:39 GMT-0400 (Eastern Daylight Time),,,,1,,,,,,,,,,,,,,,Wed Sep 01 2021 02:51:43 GMT-0400 (Eastern Daylight Time),,,,,rituals
HBbyf87cqX,,,,,,"{""*"":{""read"":true},""role:Administrator"":{""read"":true,""write"":true}}",Necromancy: Funeral Feast,Wed Sep 01 2021 02:52:32 GMT-0400 (Eastern Daylight Time),,,,1,,,,,,,,,,,,,,,Wed Sep 01 2021 02:51:43 GMT-0400 (Eastern Daylight Time),,,,,rituals
glzscw1VwB,,,,,,"{""*"":{""read"":true},""role:Administrator"":{""read"":true,""write"":true}}",Necromancy: Ancestral Ties,Wed Sep 01 2021 02:52:17 GMT-0400 (Eastern Daylight Time),,,,1,,,,,,,,,,,,,,,Wed Sep 01 2021 02:51:43 GMT-0400 (Eastern Daylight Time),,,,,rituals
K9AJZaK0pL,,,,,,"{""*"":{""read"":true},""role:Administrator"":{""read"":true,""write"":true}}",Necromancy: Eternal Vigilance,Wed Sep 01 2021 02:52:24 GMT-0400 (Eastern Daylight Time),,,,1,,,,,,,,,,,,,,,Wed Sep 01 2021 02:51:43 GMT-0400 (Eastern Daylight Time),,,,,rituals
gFaxkpzC0A,,,,,,"{""*"":{""read"":true},""role:Administrator"":{""read"":true,""write"":true}}",Necromancy: Honored Epitaph,Wed Sep 01 2021 02:54:33 GMT-0400 (Eastern Daylight Time),,,,2,,,,,,,,,,,,,,,Wed Sep 01 2021 02:53:39 GMT-0400 (Eastern Daylight Time),,,,,rituals
JGzQdlwsWv,,,,,,"{""*"":{""read"":true},""role:Administrator"":{""read"":true,""write"":true}}",Necromancy: Day of Remembrance,Wed Sep 01 2021 02:54:13 GMT-0400 (Eastern Daylight Time),,,,2,,,,,,,,,,,,,,,Wed Sep 01 2021 02:53:39 GMT-0400 (Eastern Daylight Time),,,,,rituals
5miV88usr5,,,,,,"{""*"":{""read"":true},""role:Administrator"":{""read"":true,""write"":true}}",Necromancy: Grave Ward,Wed Sep 01 2021 02:54:27 GMT-0400 (Eastern Daylight Time),,,,2,,,,,,,,,,,,,,,Wed Sep 01 2021 02:53:39 GMT-0400 (Eastern Daylight Time),,,,,rituals
oy8mJmYDxT,,,,,,"{""*"":{""read"":true},""role:Administrator"":{""read"":true,""write"":true}}",Necromancy: Demense Macabre,Wed Sep 01 2021 02:54:20 GMT-0400 (Eastern Daylight Time),,,,2,,,,,,,,,,,,,,,Wed Sep 01 2021 02:53:39 GMT-0400 (Eastern Daylight Time),,,,,rituals
Pd6NavuANd,,,,,,"{""*"":{""read"":true},""role:Administrator"":{""read"":true,""write"":true}}",Necromancy: Charon's Obol,Wed Sep 01 2021 02:54:07 GMT-0400 (Eastern Daylight Time),,,,2,,,,,,,,,,,,,,,Wed Sep 01 2021 02:53:39 GMT-0400 (Eastern Daylight Time),,,,,rituals
L4tKw4OSd1,,,,,,"{""*"":{""read"":true},""role:Administrator"":{""read"":true,""write"":true}}",Necromancy: Wail of the Departed,Wed Sep 01 2021 02:54:49 GMT-0400 (Eastern Daylight Time),,,,2,,,,,,,,,,,,,,,Wed Sep 01 2021 02:53:39 GMT-0400 (Eastern Daylight Time),,,,,rituals
o1MiWdUomp,,,,,,"{""*"":{""read"":true},""role:Administrator"":{""read"":true,""write"":true}}",Necromancy: Theft of Identity,Wed Sep 01 2021 02:54:40 GMT-0400 (Eastern Daylight Time),,,,2,,,,,,,,,,,,,,,Wed Sep 01 2021 02:53:39 GMT-0400 (Eastern Daylight Time),,,,,rituals
oRqGOFlQOI,,,,,,"{""*"":{""read"":true},""role:Administrator"":{""read"":true,""write"":true}}",Necromancy: Bathory's Blessing,Wed Sep 01 2021 02:56:14 GMT-0400 (Eastern Daylight Time),,,,3,,,,,,,,,,,,,,,Wed Sep 01 2021 02:55:46 GMT-0400 (Eastern Daylight Time),,,,,rituals
NUEyANF83C,,,,,,"{""*"":{""read"":true},""role:Administrator"":{""read"":true,""write"":true}}",Necromancy: Ghostly Enforcer,Wed Sep 01 2021 02:56:37 GMT-0400 (Eastern Daylight Time),,,,3,,,,,,,,,,,,,,,Wed Sep 01 2021 02:55:46 GMT-0400 (Eastern Daylight Time),,,,,rituals
qlEbCC0Icq,,,,,,"{""*"":{""read"":true},""role:Administrator"":{""read"":true,""write"":true}}",Necromancy: Dark Absolution,Wed Sep 01 2021 02:56:29 GMT-0400 (Eastern Daylight Time),,,,3,,,,,,,,,,,,,,,Wed Sep 01 2021 02:55:46 GMT-0400 (Eastern Daylight Time),,,,,rituals
EATMnfl5y8,,,,,,"{""*"":{""read"":true},""role:Administrator"":{""read"":true,""write"":true}}",Necromancy: Stygian Fortress,Wed Sep 01 2021 02:56:47 GMT-0400 (Eastern Daylight Time),,,,3,,,,,,,,,,,,,,,Wed Sep 01 2021 02:55:46 GMT-0400 (Eastern Daylight Time),,,,,rituals
WURZ3t9cRa,,,,,,"{""*"":{""read"":true},""role:Administrator"":{""read"":true,""write"":true}}",Necromancy: Exploitation of Weakness,Wed Sep 01 2021 02:56:22 GMT-0400 (Eastern Daylight Time),,,,3,,,,,,,,,,,,,,,Wed Sep 01 2021 02:55:46 GMT-0400 (Eastern Daylight Time),,,,,rituals
t2Z1ydCmte,,,,,,"{""*"":{""read"":true},""role:Administrator"":{""read"":true,""write"":true}}",Necromancy: Thorn of the Undead Heart,Wed Sep 01 2021 02:56:54 GMT-0400 (Eastern Daylight Time),,,,3,,,,,,,,,,,,,,,Wed Sep 01 2021 02:55:46 GMT-0400 (Eastern Daylight Time),,,,,rituals
N58sM3CDwv,,,,,,"{""*"":{""read"":true},""role:Administrator"":{""read"":true,""write"":true}}",Necromancy: Hand of Glory,Wed Sep 01 2021 02:58:10 GMT-0400 (Eastern Daylight Time),,,,4,,,,,,,,,,,,,,,Wed Sep 01 2021 02:57:21 GMT-0400 (Eastern Daylight Time),,,,,rituals
whQnPrBVn0,,,,,,"{""*"":{""read"":true},""role:Administrator"":{""read"":true,""write"":true}}",Necromancy: Body and Soul,Wed Sep 01 2021 02:57:49 GMT-0400 (Eastern Daylight Time),,,,4,,,,,,,,,,,,,,,Wed Sep 01 2021 02:57:21 GMT-0400 (Eastern Daylight Time),,,,,rituals
tIYeUan4C6,,,,,,"{""*"":{""read"":true},""role:Administrator"":{""read"":true,""write"":true}}",Necromancy: Broken Heart,Wed Sep 01 2021 02:57:55 GMT-0400 (Eastern Daylight Time),,,,4,,,,,,,,,,,,,,,Wed Sep 01 2021 02:57:21 GMT-0400 (Eastern Daylight Time),,,,,rituals
Kr1sddlxRm,,,,,,"{""*"":{""read"":true},""role:Administrator"":{""read"":true,""write"":true}}",Necromancy: Baleful Doll,Wed Sep 01 2021 02:57:42 GMT-0400 (Eastern Daylight Time),,,,4,,,,,,,,,,,,,,,Wed Sep 01 2021 02:57:21 GMT-0400 (Eastern Daylight Time),,,,,rituals
gOOfK0s8xy,,,,,,"{""*"":{""read"":true},""role:Administrator"":{""read"":true,""write"":true}}",Necromancy: Fell Familiar,Wed Sep 01 2021 02:58:03 GMT-0400 (Eastern Daylight Time),,,,4,,,,,,,,,,,,,,,Wed Sep 01 2021 02:57:21 GMT-0400 (Eastern Daylight Time),,,,,rituals
Kei9T1K9Yl,,,,,,"{""*"":{""read"":true},""role:Administrator"":{""read"":true,""write"":true}}",Necromancy: Bind Death's Sickle,Wed Sep 01 2021 02:58:50 GMT-0400 (Eastern Daylight Time),,,,5,,,,,,,,,,,,,,,Wed Sep 01 2021 02:58:28 GMT-0400 (Eastern Daylight Time),,,,,rituals
uBCeYmZQJA,,,,,,"{""*"":{""read"":true},""role:Administrator"":{""read"":true,""write"":true}}",Necromancy: Greater Exploitation of Weakness,Wed Sep 01 2021 02:58:58 GMT-0400 (Eastern Daylight Time),,,,5,,,,,,,,,,,,,,,Wed Sep 01 2021 02:58:28 GMT-0400 (Eastern Daylight Time),,,,,rituals
HSzlUdNaMS,,,,,,"{""*"":{""read"":true},""role:Administrator"":{""read"":true,""write"":true}}",Necromancy: Letter from Beyond,Wed Sep 01 2021 02:59:05 GMT-0400 (Eastern Daylight Time),,,,5,,,,,,,,,,,,,,,Wed Sep 01 2021 02:58:28 GMT-0400 (Eastern Daylight Time),,,,,rituals
BL1G5ibtX3,,,,,,"{""*"":{""read"":true},""role:Administrator"":{""read"":true,""write"":true}}",Necromancy: We Are Legion,Wed Sep 01 2021 02:59:14 GMT-0400 (Eastern Daylight Time),,,,5,,,,,,,,,,,,,,,Wed Sep 01 2021 02:58:28 GMT-0400 (Eastern Daylight Time),,,,,rituals
8oGfxCtxcH,,,,,,"{""*"":{""read"":true},""role:Administrator"":{""read"":true,""write"":true}}",Abyssal: Dark Hands that Feeds,Wed Sep 01 2021 03:01:25 GMT-0400 (Eastern Daylight Time),,,,1,,,,,,,,,,,,,,,Wed Sep 01 2021 03:00:28 GMT-0400 (Eastern Daylight Time),,,,,rituals
TjxC8oDrF5,,,,,,"{""*"":{""read"":true},""role:Administrator"":{""read"":true,""write"":true}}",Abyssal: Clasp of Shadow,Wed Sep 01 2021 03:01:06 GMT-0400 (Eastern Daylight Time),,,,1,,,,,,,,,,,,,,,Wed Sep 01 2021 03:00:28 GMT-0400 (Eastern Daylight Time),,,,,rituals
Gfohr7UXdo,,,,,,"{""*"":{""read"":true},""role:Administrator"":{""read"":true,""write"":true}}",Abyssal: Coagulated Darkness,Wed Sep 01 2021 03:01:16 GMT-0400 (Eastern Daylight Time),,,,1,,,,,,,,,,,,,,,Wed Sep 01 2021 03:00:28 GMT-0400 (Eastern Daylight Time),,,,,rituals
MBmv4hDPCl,,,,,,"{""*"":{""read"":true},""role:Administrator"":{""read"":true,""write"":true}}",Abyssal: Abyssal Ichor,Wed Sep 01 2021 03:00:52 GMT-0400 (Eastern Daylight Time),,,,1,,,,,,,,,,,,,,,Wed Sep 01 2021 03:00:28 GMT-0400 (Eastern Daylight Time),,,,,rituals
ABF91PSZRO,,,,,,"{""*"":{""read"":true},""role:Administrator"":{""read"":true,""write"":true}}",Abyssal: Filaments of Catharsis,Wed Sep 01 2021 03:01:35 GMT-0400 (Eastern Daylight Time),,,,1,,,,,,,,,,,,,,,Wed Sep 01 2021 03:00:28 GMT-0400 (Eastern Daylight Time),,,,,rituals
1vWrQGRMYB,,,,,,"{""*"":{""read"":true},""role:Administrator"":{""read"":true,""write"":true}}",Abyssal: Shadow Tempering,Wed Sep 01 2021 03:01:55 GMT-0400 (Eastern Daylight Time),,,,1,,,,,,,,,,,,,,,Wed Sep 01 2021 03:00:28 GMT-0400 (Eastern Daylight Time),,,,,rituals
FHrblrbVoX,,,,,,"{""*"":{""read"":true},""role:Administrator"":{""read"":true,""write"":true}}",Abyssal: Mapping the Abyssal Pathway,Wed Sep 01 2021 03:01:45 GMT-0400 (Eastern Daylight Time),,,,1,,,,,,,,,,,,,,,Wed Sep 01 2021 03:00:28 GMT-0400 (Eastern Daylight Time),,,,,rituals
s1uUBPGSnu,,,,,,"{""*"":{""read"":true},""role:Administrator"":{""read"":true,""write"":true}}",Abyssal: Smothering Darkness,Wed Sep 01 2021 03:02:06 GMT-0400 (Eastern Daylight Time),,,,1,,,,,,,,,,,,,,,Wed Sep 01 2021 03:00:28 GMT-0400 (Eastern Daylight Time),,,,,rituals
k9dkdAbk6n,,,,,,"{""*"":{""read"":true},""role:Administrator"":{""read"":true,""write"":true}}",Abyssal: Feasts of Famine,Wed Sep 01 2021 03:03:00 GMT-0400 (Eastern Daylight Time),,,,2,,,,,,,,,,,,,,,Wed Sep 01 2021 03:02:36 GMT-0400 (Eastern Daylight Time),,,,,rituals
1oU0oxMqKx,,,,,,"{""*"":{""read"":true},""role:Administrator"":{""read"":true,""write"":true}}",Abyssal: Palace of Tenebrae,Wed Sep 01 2021 03:03:09 GMT-0400 (Eastern Daylight Time),,,,2,,,,,,,,,,,,,,,Wed Sep 01 2021 03:02:36 GMT-0400 (Eastern Daylight Time),,,,,rituals
G6sZ1RGd6s,,,,,,"{""*"":{""read"":true},""role:Administrator"":{""read"":true,""write"":true}}",Abyssal: Shadow Transgressor,Wed Sep 01 2021 03:03:19 GMT-0400 (Eastern Daylight Time),,,,2,,,,,,,,,,,,,,,Wed Sep 01 2021 03:02:36 GMT-0400 (Eastern Daylight Time),,,,,rituals
KGEErCxC8l,,,,,,"{""*"":{""read"":true},""role:Administrator"":{""read"":true,""write"":true}}",Abyssal: Echoes in Darkness,Wed Sep 01 2021 03:02:51 GMT-0400 (Eastern Daylight Time),,,,2,,,,,,,,,,,,,,,Wed Sep 01 2021 03:02:36 GMT-0400 (Eastern Daylight Time),,,,,rituals
h1BvoxO869,,,,,,"{""*"":{""read"":true},""role:Administrator"":{""read"":true,""write"":true}}",Abyssal: Sin Collector,Wed Sep 01 2021 03:03:28 GMT-0400 (Eastern Daylight Time),,,,2,,,,,,,,,,,,,,,Wed Sep 01 2021 03:02:36 GMT-0400 (Eastern Daylight Time),,,,,rituals
VqQUfs01PV,,,,,,"{""*"":{""read"":true},""role:Administrator"":{""read"":true,""write"":true}}",Abyssal: Void's Vesicle,Wed Sep 01 2021 03:03:37 GMT-0400 (Eastern Daylight Time),,,,2,,,,,,,,,,,,,,,Wed Sep 01 2021 03:02:36 GMT-0400 (Eastern Daylight Time),,,,,rituals
FpKcuroQWa,,,,,,"{""*"":{""read"":true},""role:Administrator"":{""read"":true,""write"":true}}",Abyssal: What Once Was Lost,Wed Sep 01 2021 03:03:46 GMT-0400 (Eastern Daylight Time),,,,2,,,,,,,,,,,,,,,Wed Sep 01 2021 03:02:36 GMT-0400 (Eastern Daylight Time),,,,,rituals
qEcvtbtE8L,,,,,,"{""*"":{""read"":true},""role:Administrator"":{""read"":true,""write"":true}}",Abyssal: Gloom Sentinel,Wed Sep 01 2021 03:04:52 GMT-0400 (Eastern Daylight Time),,,,3,,,,,,,,,,,,,,,Wed Sep 01 2021 03:04:17 GMT-0400 (Eastern Daylight Time),,,,,rituals
iPue5DOrJ9,,,,,,"{""*"":{""read"":true},""role:Administrator"":{""read"":true,""write"":true}}",Abyssal: Ensnared Mind,Wed Sep 01 2021 03:04:43 GMT-0400 (Eastern Daylight Time),,,,3,,,,,,,,,,,,,,,Wed Sep 01 2021 03:04:17 GMT-0400 (Eastern Daylight Time),,,,,rituals
qnqbkm3S0y,,,,,,"{""*"":{""read"":true},""role:Administrator"":{""read"":true,""write"":true}}",Abyssal: Memories Lost,Wed Sep 01 2021 03:05:01 GMT-0400 (Eastern Daylight Time),,,,3,,,,,,,,,,,,,,,Wed Sep 01 2021 03:04:17 GMT-0400 (Eastern Daylight Time),,,,,rituals
ABr2GYGsSy,,,,,,"{""*"":{""read"":true},""role:Administrator"":{""read"":true,""write"":true}}",Abyssal: Adornment of Ashes,Wed Sep 01 2021 03:04:34 GMT-0400 (Eastern Daylight Time),,,,3,,,,,,,,,,,,,,,Wed Sep 01 2021 03:04:17 GMT-0400 (Eastern Daylight Time),,,,,rituals
AY3SgCyJdi,,,,,,"{""*"":{""read"":true},""role:Administrator"":{""read"":true,""write"":true}}",Abyssal: Shadowy Sanctum,Wed Sep 01 2021 03:05:09 GMT-0400 (Eastern Daylight Time),,,,3,,,,,,,,,,,,,,,Wed Sep 01 2021 03:04:17 GMT-0400 (Eastern Daylight Time),,,,,rituals
Jr7Wcn6dJR,,,,,,"{""*"":{""read"":true},""role:Administrator"":{""read"":true,""write"":true}}",Abyssal: Whispers in the Dark,Wed Sep 01 2021 03:05:19 GMT-0400 (Eastern Daylight Time),,,,3,,,,,,,,,,,,,,,Wed Sep 01 2021 03:04:17 GMT-0400 (Eastern Daylight Time),,,,,rituals
WInCGTiJCE,,,,,,"{""*"":{""read"":true},""role:Administrator"":{""read"":true,""write"":true}}",Abyssal: Cassandra's Folly,Wed Sep 01 2021 03:06:28 GMT-0400 (Eastern Daylight Time),,,,4,,,,,,,,,,,,,,,Wed Sep 01 2021 03:05:46 GMT-0400 (Eastern Daylight Time),,,,,rituals
Uf4W26GaEg,,,,,,"{""*"":{""read"":true},""role:Administrator"":{""read"":true,""write"":true}}",Abyssal: Affliction of the Void,Wed Sep 01 2021 03:06:00 GMT-0400 (Eastern Daylight Time),,,,4,,,,,,,,,,,,,,,Wed Sep 01 2021 03:05:46 GMT-0400 (Eastern Daylight Time),,,,,rituals
CxWd7Kvmki,,,,,,"{""*"":{""read"":true},""role:Administrator"":{""read"":true,""write"":true}}",Abyssal: Helping Hands,Wed Sep 01 2021 03:06:38 GMT-0400 (Eastern Daylight Time),,,,4,,,,,,,,,,,,,,,Wed Sep 01 2021 03:05:46 GMT-0400 (Eastern Daylight Time),,,,,rituals
2LmB9BQEfS,,,,,,"{""*"":{""read"":true},""role:Administrator"":{""read"":true,""write"":true}}",Abyssal: Psychic Void,Wed Sep 01 2021 03:06:47 GMT-0400 (Eastern Daylight Time),,,,4,,,,,,,,,,,,,,,Wed Sep 01 2021 03:05:46 GMT-0400 (Eastern Daylight Time),,,,,rituals
GgQHCREGGO,,,,,,"{""*"":{""read"":true},""role:Administrator"":{""read"":true,""write"":true}}",Abyssal: Bend the Shadow,Wed Sep 01 2021 03:06:18 GMT-0400 (Eastern Daylight Time),,,,4,,,,,,,,,,,,,,,Wed Sep 01 2021 03:05:46 GMT-0400 (Eastern Daylight Time),,,,,rituals
nPLmUFn8Ob,,,,,,"{""*"":{""read"":true},""role:Administrator"":{""read"":true,""write"":true}}",Abyssal: Oubliette,Wed Sep 01 2021 03:07:48 GMT-0400 (Eastern Daylight Time),,,,5,,,,,,,,,,,,,,,Wed Sep 01 2021 03:07:12 GMT-0400 (Eastern Daylight Time),,,,,rituals
mQmA1Cx6ik,,,,,,"{""*"":{""read"":true},""role:Administrator"":{""read"":true,""write"":true}}",Abyssal: Incarnation of Madness,Wed Sep 01 2021 03:07:31 GMT-0400 (Eastern Daylight Time),,,,5,,,,,,,,,,,,,,,Wed Sep 01 2021 03:07:12 GMT-0400 (Eastern Daylight Time),,,,,rituals
BSHZRgNEPD,,,,,,"{""*"":{""read"":true},""role:Administrator"":{""read"":true,""write"":true}}",Abyssal: Avatar of Screams,Wed Sep 01 2021 03:07:21 GMT-0400 (Eastern Daylight Time),,,,5,,,,,,,,,,,,,,,Wed Sep 01 2021 03:07:12 GMT-0400 (Eastern Daylight Time),,,,,rituals
Y3LYZdblPV,,,,,,"{""*"":{""read"":true},""role:Administrator"":{""read"":true,""write"":true}}",Abyssal: Maeljin Urge,Wed Sep 01 2021 03:07:39 GMT-0400 (Eastern Daylight Time),,,,5,,,,,,,,,,,,,,,Wed Sep 01 2021 03:07:12 GMT-0400 (Eastern Daylight Time),,,,,rituals
LTTavs7fUK,,,,,,"{""*"":{""read"":true},""role:Administrator"":{""read"":true,""write"":true}}",Thaumaturgy: Path of Neptune's Might,Sun Oct 15 2023 22:02:25 GMT-0400 (Eastern Daylight Time),,,,,,,,,,,,,,,,,,,Wed Sep 01 2021 03:09:26 GMT-0400 (Eastern Daylight Time),,,,,disciplines
mU5KREkDXY,,,,,,"{""*"":{""read"":true},""role:Administrator"":{""read"":true,""write"":true}}",Path Adherent,Wed Sep 01 2021 19:43:31 GMT-0400 (Eastern Daylight Time),,,,2,,,,,,,,,,,,,,Morality,Wed Sep 01 2021 03:12:21 GMT-0400 (Eastern Daylight Time),,,,,merits
GmHXco8YPB,,,,,,"{""*"":{""read"":true},""role:Administrator"":{""read"":true,""write"":true}}",Path of Nocturnal Redemption,Wed Sep 01 2021 19:44:35 GMT-0400 (Eastern Daylight Time),,,,3,,,,,,,,,,,,,,Morality,Wed Sep 01 2021 03:12:21 GMT-0400 (Eastern Daylight Time),,,,,merits
TBNBYg92qG,,Baali,,,,"{""*"":{""read"":true},""role:Administrator"":{""read"":true,""write"":true}}",Path of the Hive,Wed Sep 01 2021 19:43:56 GMT-0400 (Eastern Daylight Time),,,,3,,,,,,,,,,,,,,Morality,Wed Sep 01 2021 03:12:21 GMT-0400 (Eastern Daylight Time),,,,,merits
kScZiNKt84,,Brujah,,,,"{""*"":{""read"":true},""role:Administrator"":{""read"":true,""write"":true}}",Path of Entelechy,Wed Sep 01 2021 19:42:29 GMT-0400 (Eastern Daylight Time),,,,3,,,,,,,,,,,,,,Morality,Wed Sep 01 2021 03:12:21 GMT-0400 (Eastern Daylight Time),,,,,merits
Rw3TD9zodv,,,,,,"{""*"":{""read"":true},""role:Administrator"":{""read"":true,""write"":true}}",Animalism: Embrace the Beast,Sun Oct 03 2021 15:48:23 GMT-0400 (Eastern Daylight Time),,,,,,,,,,,,,,,,,,,Wed Sep 01 2021 18:55:11 GMT-0400 (Eastern Daylight Time),,,,,luminary_disciplines
W4EtpEx71i,,,,,,"{""*"":{""read"":true},""role:Administrator"":{""read"":true,""write"":true}}",Spiritus,Wed Sep 01 2021 19:30:18 GMT-0400 (Eastern Daylight Time),,,,,,,,,,,,,,,,,,,Wed Sep 01 2021 19:30:04 GMT-0400 (Eastern Daylight Time),,,,,disciplines
jPjBTzW2K1,,,,,,"{""*"":{""read"":true},""role:Administrator"":{""read"":true,""write"":true}}",Spiritus,Wed Sep 01 2021 19:32:44 GMT-0400 (Eastern Daylight Time),,,,,,,,,,,,,,,,,,,Wed Sep 01 2021 19:32:33 GMT-0400 (Eastern Daylight Time),,,,,extra_in_clan_disciplines
nBeqMYWiPE,,,,,,"{""*"":{""read"":true},""role:Administrator"":{""read"":true,""write"":true}}",Giovanni: All My Friends Are Dead,Wed Sep 01 2021 19:51:04 GMT-0400 (Eastern Daylight Time),,,,1,,Clan flaw for a second caste,,,,,,,,,,,,Clan,Wed Sep 01 2021 19:49:03 GMT-0400 (Eastern Daylight Time),,,,,flaws
M5lAK2Uefb,,,,,,"{""*"":{""read"":true},""role:Administrator"":{""read"":true,""write"":true}}",Giovanni: Shroud Inept,Wed Sep 01 2021 19:51:09 GMT-0400 (Eastern Daylight Time),,,,2,,Clan flaw for a second caste,,,,,,,,,,,,Clan,Wed Sep 01 2021 19:49:40 GMT-0400 (Eastern Daylight Time),,,,,flaws
HUyIqgO9A1,,,,,,"{""*"":{""read"":true},""role:Administrator"":{""read"":true,""write"":true}}",Giovanni: Shadow Walker,Wed Sep 01 2021 19:50:13 GMT-0400 (Eastern Daylight Time),,,,3,,Clan flaw for a second caste,,,,,,,,,,,,Clan,Wed Sep 01 2021 19:50:03 GMT-0400 (Eastern Daylight Time),,,,,flaws
WOmElRNRQK,,,,,,"{""*"":{""read"":true},""role:Administrator"":{""read"":true,""write"":true}}",Tzimisce: Humble Gardener,Wed Sep 01 2021 19:54:30 GMT-0400 (Eastern Daylight Time),,,,1,,Clan flaw for a second caste,,,,,,,,,,,,Clan,Wed Sep 01 2021 19:53:45 GMT-0400 (Eastern Daylight Time),,,,,flaws
ujY0M8BGhX,,,,,,"{""*"":{""read"":true},""role:Administrator"":{""read"":true,""write"":true}}",Tzimisce: Revenant Family Weakness,Wed Sep 01 2021 19:55:09 GMT-0400 (Eastern Daylight Time),,,,2,,Clan flaw for a second caste,,,,,,,,,,,,Clan,Wed Sep 01 2021 19:53:52 GMT-0400 (Eastern Daylight Time),,,,,flaws
eD4yF9YhmO,,,,,,"{""*"":{""read"":true},""role:Administrator"":{""read"":true,""write"":true}}",Tzimisce: Scar Tissue,Wed Sep 01 2021 19:55:29 GMT-0400 (Eastern Daylight Time),,,,3,,Clan flaw for a second caste,,,,,,,,,,,,Clan,Wed Sep 01 2021 19:53:57 GMT-0400 (Eastern Daylight Time),,,,,flaws
Fu6vNAJG9U,,,,,,"{""*"":{""read"":true},""role:Administrator"":{""read"":true,""write"":true}}",Ravnos: Dead Giveaway,Wed Sep 01 2021 19:56:37 GMT-0400 (Eastern Daylight Time),,,,1,,Clan flaw for a second caste,,,,,,,,,,,,Clan,Wed Sep 01 2021 19:55:56 GMT-0400 (Eastern Daylight Time),,,,,flaws
qnbz2cskBX,,,,,,"{""*"":{""read"":true},""role:Administrator"":{""read"":true,""write"":true}}",Ravnos: Lost Svadharma,Wed Sep 01 2021 19:56:52 GMT-0400 (Eastern Daylight Time),,,,2,,Clan flaw for a second caste,,,,,,,,,,,,Clan,Wed Sep 01 2021 19:56:02 GMT-0400 (Eastern Daylight Time),,,,,flaws
gWOl40abmF,,,,,,"{""*"":{""read"":true},""role:Administrator"":{""read"":true,""write"":true}}",Ravnos: Confusing Realities,Wed Sep 01 2021 19:57:06 GMT-0400 (Eastern Daylight Time),,,,3,,Clan flaw for a second caste,,,,,,,,,,,,Clan,Wed Sep 01 2021 19:56:07 GMT-0400 (Eastern Daylight Time),,,,,flaws
dpGRhEtYhP,,,,,,"{""*"":{""read"":true},""role:Administrator"":{""read"":true,""write"":true}}",Salubri: Unblinking Eyes,Wed Sep 01 2021 19:57:58 GMT-0400 (Eastern Daylight Time),,,,1,,Clan flaw for a second caste,,,,,,,,,,,,Clan,Wed Sep 01 2021 19:57:15 GMT-0400 (Eastern Daylight Time),,,,,flaws
YbKFeG4eGi,,,,,,"{""*"":{""read"":true},""role:Administrator"":{""read"":true,""write"":true}}",Salubri: Fusion,Wed Sep 01 2021 19:58:07 GMT-0400 (Eastern Daylight Time),,,,2,,Clan flaw for a second caste,,,,,,,,,,,,Clan,Wed Sep 01 2021 19:57:19 GMT-0400 (Eastern Daylight Time),,,,,flaws
aNvDrrNXFv,,,,,,"{""*"":{""read"":true},""role:Administrator"":{""read"":true,""write"":true}}",Salubri: Vow of Peace,Wed Sep 01 2021 19:58:18 GMT-0400 (Eastern Daylight Time),,,,3,,Clan flaw for a second caste,,,,,,,,,,,,Clan,Wed Sep 01 2021 19:57:23 GMT-0400 (Eastern Daylight Time),,,,,flaws
4nJr8KtHpP,,,,,,"{""*"":{""read"":true},""role:Administrator"":{""read"":true,""write"":true}}",Chimerstry: Horrid Blade of the Demons,Wed Sep 01 2021 20:00:52 GMT-0400 (Eastern Daylight Time),,,,,,,,,,,,,,,,,,,Wed Sep 01 2021 20:00:10 GMT-0400 (Eastern Daylight Time),,,,,elder_disciplines
9e88FXvI9d,,,,,,"{""*"":{""read"":true},""role:Administrator"":{""read"":true,""write"":true}}",Chimerstry: Truth's Essence,Wed Sep 01 2021 20:01:09 GMT-0400 (Eastern Daylight Time),,,,,,,,,,,,,,,,,,,Wed Sep 01 2021 20:00:59 GMT-0400 (Eastern Daylight Time),,,,,elder_disciplines
tXi7tJIxax,,,,,,"{""*"":{""read"":true},""role:Administrator"":{""read"":true,""write"":true}}",Daimoinon: Bring Forth the Plague,Wed Sep 01 2021 20:01:56 GMT-0400 (Eastern Daylight Time),,,,,,,,,,,,,,,,,,,Wed Sep 01 2021 20:01:43 GMT-0400 (Eastern Daylight Time),,,,,elder_disciplines
x6PpbBMtM2,,,,,,"{""*"":{""read"":true},""role:Administrator"":{""read"":true,""write"":true}}",Daimoinon: Walking Atrocity,Wed Sep 01 2021 20:02:12 GMT-0400 (Eastern Daylight Time),,,,,,,,,,,,,,,,,,,Wed Sep 01 2021 20:02:05 GMT-0400 (Eastern Daylight Time),,,,,elder_disciplines
xJuuJbNSRl,,,,,,"{""*"":{""read"":true},""role:Administrator"":{""read"":true,""write"":true}}",Mytherceria: Fiddlesticks,Wed Sep 01 2021 20:02:43 GMT-0400 (Eastern Daylight Time),,,,,,,,,,,,,,,,,,,Wed Sep 01 2021 20:02:33 GMT-0400 (Eastern Daylight Time),,,,,elder_disciplines
Kh60Y7s4u2,,,,,,"{""*"":{""read"":true},""role:Administrator"":{""read"":true,""write"":true}}",Mytherceria: Promises Like Steel,Wed Sep 01 2021 20:03:11 GMT-0400 (Eastern Daylight Time),,,,,,,,,,,,,,,,,,,Wed Sep 01 2021 20:02:48 GMT-0400 (Eastern Daylight Time),,,,,elder_disciplines
KvEe2u8Mn3,,,,,,"{""*"":{""read"":true},""role:Administrator"":{""read"":true,""write"":true}}",Obeah: Rayzeel's Gaze,Wed Sep 01 2021 20:03:56 GMT-0400 (Eastern Daylight Time),,,,,,,,,,,,,,,,,,,Wed Sep 01 2021 20:03:47 GMT-0400 (Eastern Daylight Time),,,,,elder_disciplines
8dW7zQkGIQ,,,,,,"{""*"":{""read"":true},""role:Administrator"":{""read"":true,""write"":true}}",Obeah: Revocation of Caine's Grace,Wed Sep 01 2021 20:04:16 GMT-0400 (Eastern Daylight Time),,,,,,,,,,,,,,,,,,,Wed Sep 01 2021 20:04:03 GMT-0400 (Eastern Daylight Time),,,,,elder_disciplines
UNGzvRRClB,,,,,,"{""*"":{""read"":true},""role:Administrator"":{""read"":true,""write"":true}}",Temporis: Temporal Anomaly,Wed Sep 01 2021 20:04:57 GMT-0400 (Eastern Daylight Time),,,,,,,,,,,,,,,,,,,Wed Sep 01 2021 20:04:35 GMT-0400 (Eastern Daylight Time),,,,,elder_disciplines
PDlKJhwtHJ,,,,,,"{""*"":{""read"":true},""role:Administrator"":{""read"":true,""write"":true}}",Temporis: Stitch in Time,Wed Sep 01 2021 20:05:13 GMT-0400 (Eastern Daylight Time),,,,,,,,,,,,,,,,,,,Wed Sep 01 2021 20:05:02 GMT-0400 (Eastern Daylight Time),,,,,elder_disciplines
NCHOOa2thb,,,,,,"{""*"":{""read"":true},""role:Administrator"":{""read"":true,""write"":true}}",Valeren: Rampart of Faith,Wed Sep 01 2021 20:05:42 GMT-0400 (Eastern Daylight Time),,,,,,,,,,,,,,,,,,,Wed Sep 01 2021 20:05:33 GMT-0400 (Eastern Daylight Time),,,,,elder_disciplines
iBrwhFWrmH,,,,,,"{""*"":{""read"":true},""role:Administrator"":{""read"":true,""write"":true}}",Valeren: Perfect Stance,Wed Sep 01 2021 20:05:54 GMT-0400 (Eastern Daylight Time),,,,,,,,,,,,,,,,,,,Wed Sep 01 2021 20:05:47 GMT-0400 (Eastern Daylight Time),,,,,elder_disciplines
OzMeGpiVST,,,,,,"{""*"":{""read"":true},""role:Administrator"":{""read"":true,""write"":true}}",Spiritus: Become the Hunted,Sun Oct 03 2021 15:48:24 GMT-0400 (Eastern Daylight Time),,,,,,,,,,,,,,,,,,,Wed Sep 01 2021 20:16:55 GMT-0400 (Eastern Daylight Time),,,,,luminary_disciplines
X5OYxkzBdJ,,,,,,"{""*"":{""read"":true},""role:Administrator"":{""read"":true,""write"":true}}",Animalism: Supreme Resolve,Sun Oct 03 2021 15:48:23 GMT-0400 (Eastern Daylight Time),,,,,,,,,,,,,,,,,,,Wed Sep 01 2021 20:17:39 GMT-0400 (Eastern Daylight Time),,,,,luminary_disciplines
t9vlG81BY3,,,,,,"{""*"":{""read"":true},""role:Administrator"":{""read"":true,""write"":true}}",Auspex: Mirror Reflexes,Sun Oct 03 2021 15:48:23 GMT-0400 (Eastern Daylight Time),,,,,,,,,,,,,,,,,,,Wed Sep 01 2021 20:18:17 GMT-0400 (Eastern Daylight Time),,,,,luminary_disciplines
lSCZahaz8i,,,,,,"{""*"":{""read"":true},""role:Administrator"":{""read"":true,""write"":true}}",Auspex: Collective Cognizance,Sun Oct 03 2021 15:48:23 GMT-0400 (Eastern Daylight Time),,,,,,,,,,,,,,,,,,,Wed Sep 01 2021 20:18:41 GMT-0400 (Eastern Daylight Time),,,,,luminary_disciplines
39RCehKO2h,,,,,,"{""*"":{""read"":true},""role:Administrator"":{""read"":true,""write"":true}}",Celerity: Between the Ticks,Sun Oct 03 2021 15:48:23 GMT-0400 (Eastern Daylight Time),,,,,,,,,,,,,,,,,,,Wed Sep 01 2021 20:19:01 GMT-0400 (Eastern Daylight Time),,,,,luminary_disciplines
nc4xBHJ8xS,,,,,,"{""*"":{""read"":true},""role:Administrator"":{""read"":true,""write"":true}}",Celerity: Momentum Swing,Sun Oct 03 2021 15:48:23 GMT-0400 (Eastern Daylight Time),,,,,,,,,,,,,,,,,,,Wed Sep 01 2021 20:19:21 GMT-0400 (Eastern Daylight Time),,,,,luminary_disciplines
CM1wLAJA3Z,,,,,,"{""*"":{""read"":true},""role:Administrator"":{""read"":true,""write"":true}}",Chimerstry: Passion Play,Sun Oct 03 2021 15:48:23 GMT-0400 (Eastern Daylight Time),,,,,,,,,,,,,,,,,,,Wed Sep 01 2021 20:19:44 GMT-0400 (Eastern Daylight Time),,,,,luminary_disciplines
HYIOrAkFTT,,,,,,"{""*"":{""read"":true},""role:Administrator"":{""read"":true,""write"":true}}",Daimoinon: Revelry of the Great Beast,Sun Oct 03 2021 15:48:23 GMT-0400 (Eastern Daylight Time),,,,,,,,,,,,,,,,,,,Wed Sep 01 2021 20:20:03 GMT-0400 (Eastern Daylight Time),,,,,luminary_disciplines
IiDeBF6GYt,,,,,,"{""*"":{""read"":true},""role:Administrator"":{""read"":true,""write"":true}}",Dementation: Fractaline Epiphany,Sun Oct 03 2021 15:48:23 GMT-0400 (Eastern Daylight Time),,,,,,,,,,,,,,,,,,,Wed Sep 01 2021 20:20:54 GMT-0400 (Eastern Daylight Time),,,,,luminary_disciplines
AABOwSJ9jO,,,,,,"{""*"":{""read"":true},""role:Administrator"":{""read"":true,""write"":true}}",Dementation: Wave of Insanity,Sun Oct 03 2021 15:48:23 GMT-0400 (Eastern Daylight Time),,,,,,,,,,,,,,,,,,,Wed Sep 01 2021 20:21:19 GMT-0400 (Eastern Daylight Time),,,,,luminary_disciplines
Y7sBGhJvHD,,,,,,"{""*"":{""read"":true},""role:Administrator"":{""read"":true,""write"":true}}",Dominate: Mob Rule,Sun Oct 03 2021 15:48:23 GMT-0400 (Eastern Daylight Time),,,,,,,,,,,,,,,,,,,Wed Sep 01 2021 20:21:45 GMT-0400 (Eastern Daylight Time),,,,,luminary_disciplines
BzvlvH556s,,,,,,"{""*"":{""read"":true},""role:Administrator"":{""read"":true,""write"":true}}",Dominate: Empowering the Puppet King,Sun Oct 03 2021 15:48:23 GMT-0400 (Eastern Daylight Time),,,,,,,,,,,,,,,,,,,Wed Sep 01 2021 20:22:41 GMT-0400 (Eastern Daylight Time),,,,,luminary_disciplines
qwj4O5FiIl,,,,,,"{""*"":{""read"":true},""role:Administrator"":{""read"":true,""write"":true}}",Fortitude: Insurmountable,Sun Oct 03 2021 15:48:24 GMT-0400 (Eastern Daylight Time),,,,,,,,,,,,,,,,,,,Wed Sep 01 2021 20:23:06 GMT-0400 (Eastern Daylight Time),,,,,luminary_disciplines
ODvchqCbUC,,,,,,"{""*"":{""read"":true},""role:Administrator"":{""read"":true,""write"":true}}",Fortitude: Indestructible,Sun Oct 03 2021 15:48:23 GMT-0400 (Eastern Daylight Time),,,,,,,,,,,,,,,,,,,Wed Sep 01 2021 20:23:38 GMT-0400 (Eastern Daylight Time),,,,,luminary_disciplines
qMEfh1uRDd,,,,,,"{""*"":{""read"":true},""role:Administrator"":{""read"":true,""write"":true}}",Melpominee: Choir of the Damned,Sun Oct 03 2021 14:15:26 GMT-0400 (Eastern Daylight Time),,,,,,,,,,,,,,,,,,,Wed Sep 01 2021 20:24:36 GMT-0400 (Eastern Daylight Time),,,,,luminary_disciplines
D8UYQJH8Xy,,,,,,"{""*"":{""read"":true},""role:Administrator"":{""read"":true,""write"":true}}",Mytherceria: The Grandest Trick,Sun Oct 03 2021 15:48:24 GMT-0400 (Eastern Daylight Time),,,,,,,,,,,,,,,,,,,Wed Sep 01 2021 20:24:58 GMT-0400 (Eastern Daylight Time),,,,,luminary_disciplines
WbH2JncS6P,,,,,,"{""*"":{""read"":true},""role:Administrator"":{""read"":true,""write"":true}}",Obeah: Healer's Eminence,Sun Oct 03 2021 15:48:24 GMT-0400 (Eastern Daylight Time),,,,,,,,,,,,,,,,,,,Wed Sep 01 2021 20:25:21 GMT-0400 (Eastern Daylight Time),,,,,luminary_disciplines
FnH7In8q0K,,,,,,"{""*"":{""read"":true},""role:Administrator"":{""read"":true,""write"":true}}",Obfuscate: Create Name,Sun Oct 03 2021 15:48:24 GMT-0400 (Eastern Daylight Time),,,,,,,,,,,,,,,,,,,Wed Sep 01 2021 20:27:53 GMT-0400 (Eastern Daylight Time),,,,,luminary_disciplines
tBSFKc6pwl,,,,,,"{""*"":{""read"":true},""role:Administrator"":{""read"":true,""write"":true}}",Obfuscate: Rampart of the Mind,Sun Oct 03 2021 15:48:24 GMT-0400 (Eastern Daylight Time),,,,,,,,,,,,,,,,,,,Wed Sep 01 2021 20:28:14 GMT-0400 (Eastern Daylight Time),,,,,luminary_disciplines
BbuRwTOXbO,,,,,,"{""*"":{""read"":true},""role:Administrator"":{""read"":true,""write"":true}}",Obtenebration: The Darkness Within,Sun Oct 03 2021 15:48:24 GMT-0400 (Eastern Daylight Time),,,,,,,,,,,,,,,,,,,Wed Sep 01 2021 20:28:30 GMT-0400 (Eastern Daylight Time),,,,,luminary_disciplines
qRQOCE2DQv,,,,,,"{""*"":{""read"":true},""role:Administrator"":{""read"":true,""write"":true}}",Obtenebration: Oblivion Orb,Sun Oct 03 2021 15:48:24 GMT-0400 (Eastern Daylight Time),,,,,,,,,,,,,,,,,,,Wed Sep 01 2021 20:28:59 GMT-0400 (Eastern Daylight Time),,,,,luminary_disciplines
mwcRM8wAVH,,,,,,"{""*"":{""read"":true},""role:Administrator"":{""read"":true,""write"":true}}",Potence: Juggernaut,Sun Oct 03 2021 15:48:24 GMT-0400 (Eastern Daylight Time),,,,,,,,,,,,,,,,,,,Wed Sep 01 2021 20:29:15 GMT-0400 (Eastern Daylight Time),,,,,luminary_disciplines
Ap3jcuxupx,,,,,,"{""*"":{""read"":true},""role:Administrator"":{""read"":true,""write"":true}}",Potence: Strength of the Titans,Sun Oct 03 2021 15:48:24 GMT-0400 (Eastern Daylight Time),,,,,,,,,,,,,,,,,,,Wed Sep 01 2021 20:31:00 GMT-0400 (Eastern Daylight Time),,,,,luminary_disciplines
z70Wb8P7yw,,,,,,"{""*"":{""read"":true},""role:Administrator"":{""read"":true,""write"":true}}",Presence: Cooperation,Sun Oct 03 2021 15:48:24 GMT-0400 (Eastern Daylight Time),,,,,,,,,,,,,,,,,,,Wed Sep 01 2021 20:31:15 GMT-0400 (Eastern Daylight Time),,,,,luminary_disciplines
gMOB3AhKlr,,,,,,"{""*"":{""read"":true},""role:Administrator"":{""read"":true,""write"":true}}",Presence: Scourge of Arikel,Sun Oct 03 2021 15:48:24 GMT-0400 (Eastern Daylight Time),,,,,,,,,,,,,,,,,,,Wed Sep 01 2021 20:31:39 GMT-0400 (Eastern Daylight Time),,,,,luminary_disciplines
2N4KWw1UIC,,,,,,"{""*"":{""read"":true},""role:Administrator"":{""read"":true,""write"":true}}",Protean: Ghost Body,Sun Oct 03 2021 15:48:24 GMT-0400 (Eastern Daylight Time),,,,,,,,,,,,,,,,,,,Wed Sep 01 2021 20:31:53 GMT-0400 (Eastern Daylight Time),,,,,luminary_disciplines
A8VphAFA8k,,,,,,"{""*"":{""read"":true},""role:Administrator"":{""read"":true,""write"":true}}",Protean: Mythic Form,Sun Oct 03 2021 14:16:38 GMT-0400 (Eastern Daylight Time),,,,,,,,,,,,,,,,,,,Wed Sep 01 2021 20:32:30 GMT-0400 (Eastern Daylight Time),,,,,luminary_disciplines
uQpeQDDOEi,,,,,,"{""*"":{""read"":true},""role:Administrator"":{""read"":true,""write"":true}}",Quietus: Awaken the Heartblood,Sun Oct 03 2021 15:48:24 GMT-0400 (Eastern Daylight Time),,,,,,,,,,,,,,,,,,,Wed Sep 01 2021 20:33:09 GMT-0400 (Eastern Daylight Time),,,,,luminary_disciplines
TK1jL0Fvtq,,,,,,"{""*"":{""read"":true},""role:Administrator"":{""read"":true,""write"":true}}",Quietus: Erosion,Sun Oct 03 2021 15:48:24 GMT-0400 (Eastern Daylight Time),,,,,,,,,,,,,,,,,,,Wed Sep 01 2021 20:33:31 GMT-0400 (Eastern Daylight Time),,,,,luminary_disciplines
krTwieft2G,,,,,,"{""*"":{""read"":true},""role:Administrator"":{""read"":true,""write"":true}}",Serpentis: Heart Thief,Sun Oct 03 2021 15:48:24 GMT-0400 (Eastern Daylight Time),,,,,,,,,,,,,,,,,,,Wed Sep 01 2021 20:33:44 GMT-0400 (Eastern Daylight Time),,,,,luminary_disciplines
KzuPE4ZV2l,,,,,,"{""*"":{""read"":true},""role:Administrator"":{""read"":true,""write"":true}}",Serpentis: Mantle of Sutekh,Sun Oct 03 2021 15:48:24 GMT-0400 (Eastern Daylight Time),,,,,,,,,,,,,,,,,,,Wed Sep 01 2021 20:34:01 GMT-0400 (Eastern Daylight Time),,,,,luminary_disciplines
Tjmdf1UZyR,,,,,,"{""*"":{""read"":true},""role:Administrator"":{""read"":true,""write"":true}}",Temporis: Outside the Hourglass,Sun Oct 03 2021 15:48:24 GMT-0400 (Eastern Daylight Time),,,,,,,,,,,,,,,,,,,Wed Sep 01 2021 20:34:25 GMT-0400 (Eastern Daylight Time),,,,,luminary_disciplines
iNakzptzVn,,,,,,"{""*"":{""read"":true},""role:Administrator"":{""read"":true,""write"":true}}",Thanatosis: Fallowed Ground,Sun Oct 03 2021 15:48:24 GMT-0400 (Eastern Daylight Time),,,,,,,,,,,,,,,,,,,Wed Sep 01 2021 20:34:42 GMT-0400 (Eastern Daylight Time),,,,,luminary_disciplines
IOf4bvzIGw,,,,,,"{""*"":{""read"":true},""role:Administrator"":{""read"":true,""write"":true}}",Valeren: Warrior's Eminence,Sun Oct 03 2021 14:13:27 GMT-0400 (Eastern Daylight Time),,,,,,,,,,,,,,,,,,,Wed Sep 01 2021 20:35:40 GMT-0400 (Eastern Daylight Time),,,,,luminary_disciplines
ilJRgLzKpN,,,,,,"{""*"":{""read"":true},""role:Administrator"":{""read"":true,""write"":true}}",Vicissitude: Azhi Dahaka,Sun Oct 03 2021 15:48:24 GMT-0400 (Eastern Daylight Time),,,,,,,,,,,,,,,,,,,Wed Sep 01 2021 20:35:56 GMT-0400 (Eastern Daylight Time),,,,,luminary_disciplines
mVLfVANx94,,,,,,"{""*"":{""read"":true},""role:Administrator"":{""read"":true,""write"":true}}",Vicissitude: Ravenous Conglomeration,Sun Oct 03 2021 15:48:24 GMT-0400 (Eastern Daylight Time),,,,,,,,,,,,,,,,,,,Wed Sep 01 2021 20:36:14 GMT-0400 (Eastern Daylight Time),,,,,luminary_disciplines
SLrNocyVz3,,,,,,"{""*"":{""read"":true},""role:Administrator"":{""read"":true,""write"":true}}",Visceratika: Rockheart,Sun Oct 03 2021 15:48:24 GMT-0400 (Eastern Daylight Time),,,,,,,,,,,,,,,,,,,Wed Sep 01 2021 20:36:44 GMT-0400 (Eastern Daylight Time),,,,,luminary_disciplines
nbkwFyhUx0,,,,,,"{""*"":{""read"":true},""role:Administrator"":{""read"":true,""write"":true}}",Thaumaturgy: Path of Neptune's Might,Sun Mar 13 2022 15:07:20 GMT-0400 (Eastern Daylight Time),,,,,,,,,,,,,,,,,,,Sun Mar 13 2022 15:07:13 GMT-0400 (Eastern Daylight Time),,,,,extra_in_clan_disciplines
yf6TerSNL1,,,,,,"{""*"":{""read"":true},""role:Administrator"":{""read"":true,""write"":true}}",Nagaraja,Wed Jun 15 2022 22:22:49 GMT-0400 (Eastern Daylight Time),,,,,,,,,,,,,,,,,,,Wed Jun 15 2022 22:11:39 GMT-0400 (Eastern Daylight Time),,,,,clans
DZa0jn9DG3,,,,,,"{""*"":{""read"":true},""role:Administrator"":{""read"":true,""write"":true}}",Lhiannan,Wed Jun 15 2022 22:22:55 GMT-0400 (Eastern Daylight Time),,,,,,,,,,,,,,,,,,,Wed Jun 15 2022 22:22:37 GMT-0400 (Eastern Daylight Time),,,,,clans
LPqoWhwK1F,,Nagaraja,,,,"{""*"":{""read"":true},""role:Administrator"":{""read"":true,""write"":true}}",Lichborne,Sun Aug 28 2022 23:46:00 GMT-0400 (Eastern Daylight Time),,,,1,,,,,,,,,,,,,,Clan,Sun Aug 28 2022 13:16:39 GMT-0400 (Eastern Daylight Time),,,,,merits
wdEG8YNUoC,,Nagaraja,,,,"{""*"":{""read"":true},""role:Administrator"":{""read"":true,""write"":true}}",To Catch A Killer,Sun Aug 28 2022 23:45:55 GMT-0400 (Eastern Daylight Time),,,,2,,,,,,,,,,,,,,Clan,Sun Aug 28 2022 23:02:58 GMT-0400 (Eastern Daylight Time),,,,,merits
qXEAanifrx,,Nagaraja,,,,"{""*"":{""read"":true},""role:Administrator"":{""read"":true,""write"":true}}",Necrosynthesis,Sun Aug 28 2022 23:45:36 GMT-0400 (Eastern Daylight Time),,,,2,,,,,,,,,,,,,,Clan,Sun Aug 28 2022 23:04:28 GMT-0400 (Eastern Daylight Time),,,,,merits
A0xn0WbB9n,,Nagaraja,,,,"{""*"":{""read"":true},""role:Administrator"":{""read"":true,""write"":true}}",Favored of Inauhaten,Sun Aug 28 2022 23:45:33 GMT-0400 (Eastern Daylight Time),,,,3,,,,,,,,,,,,,,Clan,Sun Aug 28 2022 23:05:22 GMT-0400 (Eastern Daylight Time),,,,,merits
t6Un63LLJN,,Lhiannan,,,,"{""*"":{""read"":true},""role:Administrator"":{""read"":true,""write"":true}}",Nature Walk,Sun Aug 28 2022 23:45:27 GMT-0400 (Eastern Daylight Time),,,,1,,,,,,,,,,,,,,Clan,Sun Aug 28 2022 23:10:46 GMT-0400 (Eastern Daylight Time),,,,,merits
tBrtWweASE,,Lhiannan,,,,"{""*"":{""read"":true},""role:Administrator"":{""read"":true,""write"":true}}",Runic Woads,Sun Aug 28 2022 23:45:25 GMT-0400 (Eastern Daylight Time),,,,1,,,,,,,,,,,,,,Clan,Sun Aug 28 2022 23:12:32 GMT-0400 (Eastern Daylight Time),,,,,merits
Fdvgen9hTu,,Lhiannan,,,,"{""*"":{""read"":true},""role:Administrator"":{""read"":true,""write"":true}}",Consecrated Grove,Sun Aug 28 2022 23:45:23 GMT-0400 (Eastern Daylight Time),,,,2,,,,,,,,,,,,,,Clan,Sun Aug 28 2022 23:13:07 GMT-0400 (Eastern Daylight Time),,,,,merits
uKDGvQeers,,Lhiannan,,,,"{""*"":{""read"":true},""role:Administrator"":{""read"":true,""write"":true}}",Moon Bound,Sun Aug 28 2022 23:45:19 GMT-0400 (Eastern Daylight Time),,,,2,,,,,,,,,,,,,,Clan,Sun Aug 28 2022 23:14:10 GMT-0400 (Eastern Daylight Time),,,,,merits
G7j2D4Izvk,,Lhiannan,,,,"{""*"":{""read"":true},""role:Administrator"":{""read"":true,""write"":true}}",Chosen of the Crone,Sun Aug 28 2022 23:45:16 GMT-0400 (Eastern Daylight Time),,,,3,,,,,,,,,,,,,,Clan,Sun Aug 28 2022 23:14:48 GMT-0400 (Eastern Daylight Time),,,,,merits
ZHe3NoIiAs,,Lhiannan,,,,"{""*"":{""read"":true},""role:Administrator"":{""read"":true,""write"":true}}",Soul of the Wyld,Sun Aug 28 2022 23:45:01 GMT-0400 (Eastern Daylight Time),,,,3,,,,,,,,,,,,,,Clan,Sun Aug 28 2022 23:15:46 GMT-0400 (Eastern Daylight Time),,,,,merits
YDFEBOQ5s6,,,,,,"{""*"":{""read"":true},""role:Administrator"":{""read"":true,""write"":true}}",Lhiannan: Deer in the Headlights,Sun Aug 28 2022 23:19:00 GMT-0400 (Eastern Daylight Time),,,,3,,Clan flaw for a second caste,,,,,,,,,,,,Clan,Sun Aug 28 2022 23:18:37 GMT-0400 (Eastern Daylight Time),,,,,flaws
DwFuAyr1mS,,,,,,"{""*"":{""read"":true},""role:Administrator"":{""read"":true,""write"":true}}",Lhiannan: Technophobe,Sun Aug 28 2022 23:20:07 GMT-0400 (Eastern Daylight Time),,,,2,,Clan flaw for a second caste,,,,,,,,,,,,Clan,Sun Aug 28 2022 23:19:47 GMT-0400 (Eastern Daylight Time),,,,,flaws
cI5vsg3Pp7,,,,,,"{""*"":{""read"":true},""role:Administrator"":{""read"":true,""write"":true}}",Lhiannan: Essence of Connaught,Sun Aug 28 2022 23:21:10 GMT-0400 (Eastern Daylight Time),,,,1,,Clan flaw for a second caste,,,,,,,,,,,,Clan,Sun Aug 28 2022 23:20:39 GMT-0400 (Eastern Daylight Time),,,,,flaws
c2mTiCOfGD,,,,,,"{""*"":{""read"":true},""role:Administrator"":{""read"":true,""write"":true}}",Nagaraja: Ritually Inept,Sun Aug 28 2022 23:22:28 GMT-0400 (Eastern Daylight Time),,,,1,,Clan flaw for a second caste,,,,,,,,,,,,Clan,Sun Aug 28 2022 23:21:54 GMT-0400 (Eastern Daylight Time),,,,,flaws
H59DTHsqcC,,,,,,"{""*"":{""read"":true},""role:Administrator"":{""read"":true,""write"":true}}",Nagaraja: Offal Appetite,Sun Aug 28 2022 23:24:43 GMT-0400 (Eastern Daylight Time),,,,2,,Clan flaw for a second caste,,,,,,,,,,,,Clan,Sun Aug 28 2022 23:23:50 GMT-0400 (Eastern Daylight Time),,,,,flaws
fO8WcZrIKT,,,,,,"{""*"":{""read"":true},""role:Administrator"":{""read"":true,""write"":true}}",Nagaraja: Snake Charmed,Sun Aug 28 2022 23:25:51 GMT-0400 (Eastern Daylight Time),,,,3,,Clan flaw for a second caste,,,,,,,,,,,,Clan,Sun Aug 28 2022 23:25:29 GMT-0400 (Eastern Daylight Time),,,,,flaws
ckyF7H687n,,requires_specialization,,,Set which Necromantic Path will be learned with this merit. You will need to also add this path to Extra In Clan Disciplines in order to properly pay in-clan prices for it. Please do this before purchasing this discipline as part of character creation or your experience points may be incorrect.<p>Rules can be found on BNS page 240.</p>,"{""*"":{""read"":true},""role:Administrator"":{""read"":true,""write"":true}}",Necromantic Prowess,Mon Aug 29 2022 19:22:25 GMT-0400 (Eastern Daylight Time),,Nagaraja,,1,,Opens up List 5 as an additional in Clan Discipline learnable w/o a teacher. Purchasable multiple times.,,,,,,,,,240,,,Clan,Mon Aug 29 2022 19:21:47 GMT-0400 (Eastern Daylight Time),,,,,merits
gZTE9ZNovE,,,,,,"{""*"":{""read"":true},""role:Administrator"":{""read"":true,""write"":true}}",Hedonist,Fri Sep 05 2025 23:00:07 GMT-0400 (Eastern Daylight Time),,,,,,,,,,,,,,,,,,,Fri Sep 05 2025 22:59:00 GMT-0400 (Eastern Daylight Time),,,,,archetypes
nmGPgs7jpR,,,,,,"{""*"":{""read"":true},""role:Administrator"":{""read"":true,""write"":true}}",Hunter,Fri Sep 05 2025 23:03:39 GMT-0400 (Eastern Daylight Time),,,,,,,,,,,,,,,,,,,Fri Sep 05 2025 23:03:39 GMT-0400 (Eastern Daylight Time),,,,,archetypes
BH2BXtDQfy,,,,,,"{""*"":{""read"":true},""role:Administrator"":{""read"":true,""write"":true}}",Organized Crime,Sat Feb 14 2026 18:08:11 GMT-0500 (Eastern Standard Time),1,,,,,,,,,,,,,,,,,,Sat Feb 14 2026 18:07:35 GMT-0500 (Eastern Standard Time),,,,,influence_elite_specializations
h3MEawjBbp,,,,,,"{""*"":{""read"":true},""role:Administrator"":{""read"":true,""write"":true}}",Occult,Sat Feb 14 2026 18:08:11 GMT-0500 (Eastern Standard Time),1,,,,,,,,,,,,,,,,,,Sat Feb 14 2026 18:07:35 GMT-0500 (Eastern Standard Time),,,,,influence_elite_specializations
gK6ZYkv0nz,,,,,,"{""*"":{""read"":true},""role:Administrator"":{""read"":true,""write"":true}}",Legal,Sat Feb 14 2026 18:08:11 GMT-0500 (Eastern Standard Time),1,,,,,,,,,,,,,,,,,,Sat Feb 14 2026 18:07:36 GMT-0500 (Eastern Standard Time),,,,,influence_elite_specializations
dQlLyCQvdl,,,,,,"{""*"":{""read"":true},""role:Administrator"":{""read"":true,""write"":true}}",Industry,Sat Feb 14 2026 18:08:11 GMT-0500 (Eastern Standard Time),1,,,,,,,,,,,,,,,,,,Sat Feb 14 2026 18:07:36 GMT-0500 (Eastern Standard Time),,,,,influence_elite_specializations
FqEAoPxLKe,,,,,,"{""*"":{""read"":true},""role:Administrator"":{""read"":true,""write"":true}}",Police,Sat Feb 14 2026 18:08:11 GMT-0500 (Eastern Standard Time),1,,,,,,,,,,,,,,,,,,Sat Feb 14 2026 18:07:36 GMT-0500 (Eastern Standard Time),,,,,influence_elite_specializations
lAhHHg0Dh5,,,,,,"{""*"":{""read"":true},""role:Administrator"":{""read"":true,""write"":true}}",Media,Sat Feb 14 2026 18:08:11 GMT-0500 (Eastern Standard Time),1,,,,,,,,,,,,,,,,,,Sat Feb 14 2026 18:07:36 GMT-0500 (Eastern Standard Time),,,,,influence_elite_specializations
gGkcgMa5tv,,,,,,"{""*"":{""read"":true},""role:Administrator"":{""read"":true,""write"":true}}",Finance,Sat Feb 14 2026 18:08:11 GMT-0500 (Eastern Standard Time),1,,,,,,,,,,,,,,,,,,Sat Feb 14 2026 18:07:36 GMT-0500 (Eastern Standard Time),,,,,influence_elite_specializations
I8mkoJAx7x,,,,,,"{""*"":{""read"":true},""role:Administrator"":{""read"":true,""write"":true}}",Health,Sat Feb 14 2026 18:08:11 GMT-0500 (Eastern Standard Time),1,,,,,,,,,,,,,,,,,,Sat Feb 14 2026 18:07:36 GMT-0500 (Eastern Standard Time),,,,,influence_elite_specializations
9MTZAKOSP2,,,,,,"{""*"":{""read"":true},""role:Administrator"":{""read"":true,""write"":true}}",High Society,Sat Feb 14 2026 18:08:11 GMT-0500 (Eastern Standard Time),1,,,,,,,,,,,,,,,,,,Sat Feb 14 2026 18:07:36 GMT-0500 (Eastern Standard Time),,,,,influence_elite_specializations
Zdz4KOW2ds,,,,,,"{""*"":{""read"":true},""role:Administrator"":{""read"":true,""write"":true}}",Political,Sat Feb 14 2026 18:08:11 GMT-0500 (Eastern Standard Time),1,,,,,,,,,,,,,,,,,,Sat Feb 14 2026 18:07:36 GMT-0500 (Eastern Standard Time),,,,,influence_elite_specializations
I9swVvLXcW,,,,,,"{""*"":{""read"":true},""role:Administrator"":{""read"":true,""write"":true}}",Street,Sat Feb 14 2026 18:08:11 GMT-0500 (Eastern Standard Time),1,,,,,,,,,,,,,,,,,,Sat Feb 14 2026 18:07:36 GMT-0500 (Eastern Standard Time),,,,,influence_elite_specializations
cxJmyQ4wkF,,,,,,"{""*"":{""read"":true},""role:Administrator"":{""read"":true,""write"":true}}",Transportation,Sat Feb 14 2026 18:08:11 GMT-0500 (Eastern Standard Time),1,,,,,,,,,,,,,,,,,,Sat Feb 14 2026 18:07:36 GMT-0500 (Eastern Standard Time),,,,,influence_elite_specializations
0EOIWJOjxa,,,,,,"{""*"":{""read"":true},""role:Administrator"":{""read"":true,""write"":true}}",University,Sat Feb 14 2026 18:08:11 GMT-0500 (Eastern Standard Time),1,,,,,,,,,,,,,,,,,,Sat Feb 14 2026 18:07:36 GMT-0500 (Eastern Standard Time),,,,,influence_elite_specializations
i4YJt2PLnH,,,,,,"{""*"":{""read"":true},""role:Administrator"":{""read"":true,""write"":true}}",Bureaucracy,Sat Feb 14 2026 18:08:11 GMT-0500 (Eastern Standard Time),1,,,,,,,,,,,,,,,,,,Sat Feb 14 2026 18:07:36 GMT-0500 (Eastern Standard Time),,,,,influence_elite_specializations
HHyF0z78Mm,,,,,,"{""*"":{""read"":true},""role:Administrator"":{""read"":true,""write"":true}}",Church,Sat Feb 14 2026 18:08:11 GMT-0500 (Eastern Standard Time),1,,,,,,,,,,,,,,,,,,Sat Feb 14 2026 18:07:36 GMT-0500 (Eastern Standard Time),,,,,influence_elite_specializations
l5ynDrMAre,,,,,,"{""*"":{""read"":true},""role:Administrator"":{""read"":true,""write"":true}}",Bureaucracy,Sat Feb 14 2026 18:10:12 GMT-0500 (Eastern Standard Time),1,,,,,,,,,,,,,,,,,,Sat Feb 14 2026 18:10:12 GMT-0500 (Eastern Standard Time),,,,,influence_underworld_specializations
4JTSWvnzzI,,,,,,"{""*"":{""read"":true},""role:Administrator"":{""read"":true,""write"":true}}",Finance,Sat Feb 14 2026 18:10:12 GMT-0500 (Eastern Standard Time),1,,,,,,,,,,,,,,,,,,Sat Feb 14 2026 18:10:12 GMT-0500 (Eastern Standard Time),,,,,influence_underworld_specializations
xwDXoNjUvq,,,,,,"{""*"":{""read"":true},""role:Administrator"":{""read"":true,""write"":true}}",Church,Sat Feb 14 2026 18:10:12 GMT-0500 (Eastern Standard Time),1,,,,,,,,,,,,,,,,,,Sat Feb 14 2026 18:10:12 GMT-0500 (Eastern Standard Time),,,,,influence_underworld_specializations
FPl1eLSgUD,,,,,,"{""*"":{""read"":true},""role:Administrator"":{""read"":true,""write"":true}}",Health,Sat Feb 14 2026 18:10:12 GMT-0500 (Eastern Standard Time),1,,,,,,,,,,,,,,,,,,Sat Feb 14 2026 18:10:12 GMT-0500 (Eastern Standard Time),,,,,influence_underworld_specializations
b07Gs9pwy0,,,,,,"{""*"":{""read"":true},""role:Administrator"":{""read"":true,""write"":true}}",High Society,Sat Feb 14 2026 18:10:12 GMT-0500 (Eastern Standard Time),1,,,,,,,,,,,,,,,,,,Sat Feb 14 2026 18:10:12 GMT-0500 (Eastern Standard Time),,,,,influence_underworld_specializations
Ix2pTSaMVb,,,,,,"{""*"":{""read"":true},""role:Administrator"":{""read"":true,""write"":true}}",Industry,Sat Feb 14 2026 18:10:12 GMT-0500 (Eastern Standard Time),1,,,,,,,,,,,,,,,,,,Sat Feb 14 2026 18:10:12 GMT-0500 (Eastern Standard Time),,,,,influence_underworld_specializations
EQ2WJRg35n,,,,,,"{""*"":{""read"":true},""role:Administrator"":{""read"":true,""write"":true}}",Media,Sat Feb 14 2026 18:10:12 GMT-0500 (Eastern Standard Time),1,,,,,,,,,,,,,,,,,,Sat Feb 14 2026 18:10:12 GMT-0500 (Eastern Standard Time),,,,,influence_underworld_specializations
ZGjIhEaiPJ,,,,,,"{""*"":{""read"":true},""role:Administrator"":{""read"":true,""write"":true}}",Legal,Sat Feb 14 2026 18:10:12 GMT-0500 (Eastern Standard Time),1,,,,,,,,,,,,,,,,,,Sat Feb 14 2026 18:10:12 GMT-0500 (Eastern Standard Time),,,,,influence_underworld_specializations
tBFy6rYtfv,,,,,,"{""*"":{""read"":true},""role:Administrator"":{""read"":true,""write"":true}}",Occult,Sat Feb 14 2026 18:10:12 GMT-0500 (Eastern Standard Time),1,,,,,,,,,,,,,,,,,,Sat Feb 14 2026 18:10:12 GMT-0500 (Eastern Standard Time),,,,,influence_underworld_specializations
EKxjzCw61N,,,,,,"{""*"":{""read"":true},""role:Administrator"":{""read"":true,""write"":true}}",Organized Crime,Sat Feb 14 2026 18:10:12 GMT-0500 (Eastern Standard Time),1,,,,,,,,,,,,,,,,,,Sat Feb 14 2026 18:10:12 GMT-0500 (Eastern Standard Time),,,,,influence_underworld_specializations
hFFbgj0EEi,,,,,,"{""*"":{""read"":true},""role:Administrator"":{""read"":true,""write"":true}}",Police,Sat Feb 14 2026 18:10:12 GMT-0500 (Eastern Standard Time),1,,,,,,,,,,,,,,,,,,Sat Feb 14 2026 18:10:12 GMT-0500 (Eastern Standard Time),,,,,influence_underworld_specializations
OXiQFYEMi4,,,,,,"{""*"":{""read"":true},""role:Administrator"":{""read"":true,""write"":true}}",Political,Sat Feb 14 2026 18:10:12 GMT-0500 (Eastern Standard Time),1,,,,,,,,,,,,,,,,,,Sat Feb 14 2026 18:10:12 GMT-0500 (Eastern Standard Time),,,,,influence_underworld_specializations
88M8ApWnDj,,,,,,"{""*"":{""read"":true},""role:Administrator"":{""read"":true,""write"":true}}",Street,Sat Feb 14 2026 18:10:12 GMT-0500 (Eastern Standard Time),1,,,,,,,,,,,,,,,,,,Sat Feb 14 2026 18:10:12 GMT-0500 (Eastern Standard Time),,,,,influence_underworld_specializations
H1BjZNuurH,,,,,,"{""*"":{""read"":true},""role:Administrator"":{""read"":true,""write"":true}}",Transportation,Sat Feb 14 2026 18:10:12 GMT-0500 (Eastern Standard Time),1,,,,,,,,,,,,,,,,,,Sat Feb 14 2026 18:10:12 GMT-0500 (Eastern Standard Time),,,,,influence_underworld_specializations
E5hoHLb7iZ,,,,,,"{""*"":{""read"":true},""role:Administrator"":{""read"":true,""write"":true}}",University,Sat Feb 14 2026 18:10:12 GMT-0500 (Eastern Standard Time),1,,,,,,,,,,,,,,,,,,Sat Feb 14 2026 18:10:12 GMT-0500 (Eastern Standard Time),,,,,influence_underworld_specializations
2ixjDhAmr4,,,,,,"{""*"":{""read"":true},""role:Administrator"":{""read"":true,""write"":true}}",French,Sat Feb 14 2026 18:11:48 GMT-0500 (Eastern Standard Time),1,,,,,,,,,,,,,,,,,,Sat Feb 14 2026 18:11:48 GMT-0500 (Eastern Standard Time),,,,,linguistics_specializations
tPkIuKLAn3,,,,,,"{""*"":{""read"":true},""role:Administrator"":{""read"":true,""write"":true}}",German,Sat Feb 14 2026 18:11:48 GMT-0500 (Eastern Standard Time),1,,,,,,,,,,,,,,,,,,Sat Feb 14 2026 18:11:48 GMT-0500 (Eastern Standard Time),,,,,linguistics_specializations
4HwzLGSFuv,,,,,,"{""*"":{""read"":true},""role:Administrator"":{""read"":true,""write"":true}}",Italian,Sat Feb 14 2026 18:11:48 GMT-0500 (Eastern Standard Time),1,,,,,,,,,,,,,,,,,,Sat Feb 14 2026 18:11:48 GMT-0500 (Eastern Standard Time),,,,,linguistics_specializations
GNlNRmA5la,,,,,,"{""*"":{""read"":true},""role:Administrator"":{""read"":true,""write"":true}}",Advocate,Sun Feb 15 2026 13:14:10 GMT-0500 (Eastern Standard Time),,,,,,,,,,,,,,,,,,Anarch,Sat Feb 14 2026 18:15:27 GMT-0500 (Eastern Standard Time),,,,,titles
Cdpr9g6hn5,,,,,,"{""*"":{""read"":true},""role:Administrator"":{""read"":true,""write"":true}}",High Priest,Sun Feb 15 2026 13:14:10 GMT-0500 (Eastern Standard Time),,,,,,,,,,,,,,,,,,Followers of Set,Sat Feb 14 2026 18:15:28 GMT-0500 (Eastern Standard Time),,,,,titles
dXVV1bw75x,,,,,,"{""*"":{""read"":true},""role:Administrator"":{""read"":true,""write"":true}}",High Priestess,Sun Feb 15 2026 13:14:10 GMT-0500 (Eastern Standard Time),,,,,,,,,,,,,,,,,,Followers of Set,Sat Feb 14 2026 18:15:28 GMT-0500 (Eastern Standard Time),,,,,titles
pdHqHcHFnQ,,,,,,"{""*"":{""read"":true},""role:Administrator"":{""read"":true,""write"":true}}",Inconnu,Sat Feb 14 2026 18:17:01 GMT-0500 (Eastern Standard Time),,,,,,,,,,,,,,,,,,,Sat Feb 14 2026 18:17:01 GMT-0500 (Eastern Standard Time),,,,,sects
hrpQniCfuG,,,,,,"{""*"":{""read"":true},""role:Administrator"":{""read"":true,""write"":true}}",Lord,Sun Feb 15 2026 13:14:10 GMT-0500 (Eastern Standard Time),,,,,,,,,,,,,,,,,,Camarilla,Sun Feb 15 2026 13:12:32 GMT-0500 (Eastern Standard Time),,,,,titles
emi7uAZwn2,,,,,,"{""*"":{""read"":true},""role:Administrator"":{""read"":true,""write"":true}}",Pontifex,Sun Feb 15 2026 13:14:10 GMT-0500 (Eastern Standard Time),,,,,,,,,,,,,,,,,,Camarilla,Sun Feb 15 2026 13:14:10 GMT-0500 (Eastern Standard Time),,,,,titles
